"Step","fl - loss","fl - loss__MIN","fl - loss__MAX","vn - loss","vn - loss__MIN","vn - loss__MAX"
"100","8.724557876586914","8.724557876586914","8.724557876586914","7.355071067810059","7.355071067810059","7.355071067810059"
"200","7.418812274932861","7.418812274932861","7.418812274932861","7.6352081298828125","7.6352081298828125","7.6352081298828125"
"300","7.125064373016357","7.125064373016357","7.125064373016357","6.9536004066467285","6.9536004066467285","6.9536004066467285"
"400","7.223197937011719","7.223197937011719","7.223197937011719","6.789524555206299","6.789524555206299","6.789524555206299"
"500","7.3386921882629395","7.3386921882629395","7.3386921882629395","6.616917133331299","6.616917133331299","6.616917133331299"
"600","7.032632827758789","7.032632827758789","7.032632827758789","6.4879889488220215","6.4879889488220215","6.4879889488220215"
"700","7.1698455810546875","7.1698455810546875","7.1698455810546875","6.505666732788086","6.505666732788086","6.505666732788086"
"800","7.119733810424805","7.119733810424805","7.119733810424805","6.149859428405762","6.149859428405762","6.149859428405762"
"900","7.046718597412109","7.046718597412109","7.046718597412109","6.170507431030273","6.170507431030273","6.170507431030273"
"1000","6.4477081298828125","6.4477081298828125","6.4477081298828125","5.989301681518555","5.989301681518555","5.989301681518555"
"1100","6.8476948738098145","6.8476948738098145","6.8476948738098145","6.104651927947998","6.104651927947998","6.104651927947998"
"1200","6.760799407958984","6.760799407958984","6.760799407958984","6.272511959075928","6.272511959075928","6.272511959075928"
"1300","6.324423313140869","6.324423313140869","6.324423313140869","5.972085952758789","5.972085952758789","5.972085952758789"
"1400","5.891793727874756","5.891793727874756","5.891793727874756","5.970634460449219","5.970634460449219","5.970634460449219"
"1500","5.914487838745117","5.914487838745117","5.914487838745117","5.885328769683838","5.885328769683838","5.885328769683838"
"1600","5.874134063720703","5.874134063720703","5.874134063720703","5.795619964599609","5.795619964599609","5.795619964599609"
"1700","5.962867736816406","5.962867736816406","5.962867736816406","5.560092449188232","5.560092449188232","5.560092449188232"
"1800","5.296379566192627","5.296379566192627","5.296379566192627","5.752124309539795","5.752124309539795","5.752124309539795"
"1900","5.671513080596924","5.671513080596924","5.671513080596924","5.746392250061035","5.746392250061035","5.746392250061035"
"2000","5.584930896759033","5.584930896759033","5.584930896759033","5.627898693084717","5.627898693084717","5.627898693084717"
"2100","5.45846700668335","5.45846700668335","5.45846700668335","5.780702590942383","5.780702590942383","5.780702590942383"
"2200","5.585498809814453","5.585498809814453","5.585498809814453","5.782671928405762","5.782671928405762","5.782671928405762"
"2300","5.3479413986206055","5.3479413986206055","5.3479413986206055","5.540385723114014","5.540385723114014","5.540385723114014"
"2400","5.3069658279418945","5.3069658279418945","5.3069658279418945","5.391643524169922","5.391643524169922","5.391643524169922"
"2500","5.321610450744629","5.321610450744629","5.321610450744629","5.653722763061523","5.653722763061523","5.653722763061523"
"2600","5.376861572265625","5.376861572265625","5.376861572265625","5.649880886077881","5.649880886077881","5.649880886077881"
"2700","5.224815368652344","5.224815368652344","5.224815368652344","5.652670383453369","5.652670383453369","5.652670383453369"
"2800","5.278404235839844","5.278404235839844","5.278404235839844","5.562188148498535","5.562188148498535","5.562188148498535"
"2900","5.329203128814697","5.329203128814697","5.329203128814697","5.455936908721924","5.455936908721924","5.455936908721924"
"3000","5.341796875","5.341796875","5.341796875","5.572052001953125","5.572052001953125","5.572052001953125"
"3100","5.326043605804443","5.326043605804443","5.326043605804443","5.687372207641602","5.687372207641602","5.687372207641602"
"3200","5.352598667144775","5.352598667144775","5.352598667144775","5.537459373474121","5.537459373474121","5.537459373474121"
"3300","5.0746541023254395","5.0746541023254395","5.0746541023254395","5.398944854736328","5.398944854736328","5.398944854736328"
"3400","5.119103908538818","5.119103908538818","5.119103908538818","5.2300124168396","5.2300124168396","5.2300124168396"
"3500","5.3210906982421875","5.3210906982421875","5.3210906982421875","5.362910270690918","5.362910270690918","5.362910270690918"
"3600","5.158193111419678","5.158193111419678","5.158193111419678","5.380735874176025","5.380735874176025","5.380735874176025"
"3700","5.095219135284424","5.095219135284424","5.095219135284424","5.40877628326416","5.40877628326416","5.40877628326416"
"3800","5.109485626220703","5.109485626220703","5.109485626220703","5.147068500518799","5.147068500518799","5.147068500518799"
"3900","5.249056816101074","5.249056816101074","5.249056816101074","5.334637641906738","5.334637641906738","5.334637641906738"
"4000","5.208113193511963","5.208113193511963","5.208113193511963","5.365335941314697","5.365335941314697","5.365335941314697"
"4100","5.101257801055908","5.101257801055908","5.101257801055908","5.206622123718262","5.206622123718262","5.206622123718262"
"4200","4.9337592124938965","4.9337592124938965","4.9337592124938965","5.317337989807129","5.317337989807129","5.317337989807129"
"4300","5.064143180847168","5.064143180847168","5.064143180847168","5.257193088531494","5.257193088531494","5.257193088531494"
"4400","5.067531108856201","5.067531108856201","5.067531108856201","4.996617794036865","4.996617794036865","4.996617794036865"
"4500","5.1563544273376465","5.1563544273376465","5.1563544273376465","5.304437160491943","5.304437160491943","5.304437160491943"
"4600","5.104369640350342","5.104369640350342","5.104369640350342","5.126141548156738","5.126141548156738","5.126141548156738"
"4700","5.017642974853516","5.017642974853516","5.017642974853516","5.1659417152404785","5.1659417152404785","5.1659417152404785"
"4800","4.997141361236572","4.997141361236572","4.997141361236572","4.968407154083252","4.968407154083252","4.968407154083252"
"4900","4.779139995574951","4.779139995574951","4.779139995574951","5.1674485206604","5.1674485206604","5.1674485206604"
"5000","4.673134803771973","4.673134803771973","4.673134803771973","5.220811367034912","5.220811367034912","5.220811367034912"
"5100","5.039783000946045","5.039783000946045","5.039783000946045","5.1321587562561035","5.1321587562561035","5.1321587562561035"
"5200","5.003941535949707","5.003941535949707","5.003941535949707","4.66630744934082","4.66630744934082","4.66630744934082"
"5300","5.072741508483887","5.072741508483887","5.072741508483887","5.3483405113220215","5.3483405113220215","5.3483405113220215"
"5400","4.771604537963867","4.771604537963867","4.771604537963867","5.0485148429870605","5.0485148429870605","5.0485148429870605"
"5500","4.919919013977051","4.919919013977051","4.919919013977051","5.213336944580078","5.213336944580078","5.213336944580078"
"5600","4.626809120178223","4.626809120178223","4.626809120178223","5.077301979064941","5.077301979064941","5.077301979064941"
"5700","5.047516345977783","5.047516345977783","5.047516345977783","4.972780704498291","4.972780704498291","4.972780704498291"
"5800","4.986156463623047","4.986156463623047","4.986156463623047","4.875982284545898","4.875982284545898","4.875982284545898"
"5900","4.907657146453857","4.907657146453857","4.907657146453857","4.84158182144165","4.84158182144165","4.84158182144165"
"6000","4.68039608001709","4.68039608001709","4.68039608001709","5.116061210632324","5.116061210632324","5.116061210632324"
"6100","4.845127105712891","4.845127105712891","4.845127105712891","5.055525779724121","5.055525779724121","5.055525779724121"
"6200","5.013655185699463","5.013655185699463","5.013655185699463","5.0583271980285645","5.0583271980285645","5.0583271980285645"
"6300","4.993179798126221","4.993179798126221","4.993179798126221","4.768207550048828","4.768207550048828","4.768207550048828"
"6400","4.774905681610107","4.774905681610107","4.774905681610107","4.843113899230957","4.843113899230957","4.843113899230957"
"6500","5.015934944152832","5.015934944152832","5.015934944152832","5.128929138183594","5.128929138183594","5.128929138183594"
"6600","4.877189636230469","4.877189636230469","4.877189636230469","4.956601142883301","4.956601142883301","4.956601142883301"
"6700","4.688787937164307","4.688787937164307","4.688787937164307","5.2701334953308105","5.2701334953308105","5.2701334953308105"
"6800","4.726308822631836","4.726308822631836","4.726308822631836","5.131175518035889","5.131175518035889","5.131175518035889"
"6900","4.762791156768799","4.762791156768799","4.762791156768799","5.045423984527588","5.045423984527588","5.045423984527588"
"7000","4.807272911071777","4.807272911071777","4.807272911071777","4.950841426849365","4.950841426849365","4.950841426849365"
"7100","4.428316593170166","4.428316593170166","4.428316593170166","5.045440673828125","5.045440673828125","5.045440673828125"
"7200","4.961068630218506","4.961068630218506","4.961068630218506","4.939687252044678","4.939687252044678","4.939687252044678"
"7300","4.976798057556152","4.976798057556152","4.976798057556152","4.907991409301758","4.907991409301758","4.907991409301758"
"7400","4.626795768737793","4.626795768737793","4.626795768737793","5.02482795715332","5.02482795715332","5.02482795715332"
"7500","4.899038791656494","4.899038791656494","4.899038791656494","4.696174621582031","4.696174621582031","4.696174621582031"
"7600","4.803343772888184","4.803343772888184","4.803343772888184","4.9410481452941895","4.9410481452941895","4.9410481452941895"
"7700","4.874497413635254","4.874497413635254","4.874497413635254","4.808876991271973","4.808876991271973","4.808876991271973"
"7800","4.863628387451172","4.863628387451172","4.863628387451172","4.558515548706055","4.558515548706055","4.558515548706055"
"7900","4.805241584777832","4.805241584777832","4.805241584777832","5.073814868927002","5.073814868927002","5.073814868927002"
"8000","4.752002239227295","4.752002239227295","4.752002239227295","4.701852798461914","4.701852798461914","4.701852798461914"
"8100","4.893495559692383","4.893495559692383","4.893495559692383","4.775375843048096","4.775375843048096","4.775375843048096"
"8200","4.805105686187744","4.805105686187744","4.805105686187744","4.87789249420166","4.87789249420166","4.87789249420166"
"8300","4.852813720703125","4.852813720703125","4.852813720703125","4.874170780181885","4.874170780181885","4.874170780181885"
"8400","4.852880001068115","4.852880001068115","4.852880001068115","4.687258720397949","4.687258720397949","4.687258720397949"
"8500","4.9349284172058105","4.9349284172058105","4.9349284172058105","4.862308025360107","4.862308025360107","4.862308025360107"
"8600","4.601008892059326","4.601008892059326","4.601008892059326","4.893948554992676","4.893948554992676","4.893948554992676"
"8700","4.921689987182617","4.921689987182617","4.921689987182617","4.501986026763916","4.501986026763916","4.501986026763916"
"8800","4.707766056060791","4.707766056060791","4.707766056060791","4.915749549865723","4.915749549865723","4.915749549865723"
"8900","4.686458587646484","4.686458587646484","4.686458587646484","4.682104110717773","4.682104110717773","4.682104110717773"
"9000","4.5898332595825195","4.5898332595825195","4.5898332595825195","4.819378852844238","4.819378852844238","4.819378852844238"
"9100","4.793549537658691","4.793549537658691","4.793549537658691","4.7901506423950195","4.7901506423950195","4.7901506423950195"
"9200","4.702357292175293","4.702357292175293","4.702357292175293","4.793970584869385","4.793970584869385","4.793970584869385"
"9300","4.597720623016357","4.597720623016357","4.597720623016357","4.9191131591796875","4.9191131591796875","4.9191131591796875"
"9400","4.794657230377197","4.794657230377197","4.794657230377197","5.038040637969971","5.038040637969971","5.038040637969971"
"9500","4.542022228240967","4.542022228240967","4.542022228240967","4.729774475097656","4.729774475097656","4.729774475097656"
"9600","4.826528549194336","4.826528549194336","4.826528549194336","4.826689720153809","4.826689720153809","4.826689720153809"
"9700","4.766879558563232","4.766879558563232","4.766879558563232","4.568050384521484","4.568050384521484","4.568050384521484"
"9800","4.731048107147217","4.731048107147217","4.731048107147217","4.869422435760498","4.869422435760498","4.869422435760498"
"9900","4.3741679191589355","4.3741679191589355","4.3741679191589355","4.829906940460205","4.829906940460205","4.829906940460205"
"10000","4.775012969970703","4.775012969970703","4.775012969970703","4.388158798217773","4.388158798217773","4.388158798217773"
"10100","4.786622047424316","4.786622047424316","4.786622047424316","4.168385982513428","4.168385982513428","4.168385982513428"
"10200","4.693018913269043","4.693018913269043","4.693018913269043","4.5250678062438965","4.5250678062438965","4.5250678062438965"
"10300","4.394842147827148","4.394842147827148","4.394842147827148","4.585168361663818","4.585168361663818","4.585168361663818"
"10400","4.771714210510254","4.771714210510254","4.771714210510254","4.524958610534668","4.524958610534668","4.524958610534668"
"10500","4.74774694442749","4.74774694442749","4.74774694442749","4.600761413574219","4.600761413574219","4.600761413574219"
"10600","4.683480262756348","4.683480262756348","4.683480262756348","4.445013999938965","4.445013999938965","4.445013999938965"
"10700","4.292500019073486","4.292500019073486","4.292500019073486","4.586612701416016","4.586612701416016","4.586612701416016"
"10800","4.444178104400635","4.444178104400635","4.444178104400635","4.661868572235107","4.661868572235107","4.661868572235107"
"10900","4.577388286590576","4.577388286590576","4.577388286590576","4.8810811042785645","4.8810811042785645","4.8810811042785645"
"11000","4.627655982971191","4.627655982971191","4.627655982971191","4.343975067138672","4.343975067138672","4.343975067138672"
"11100","4.615274429321289","4.615274429321289","4.615274429321289","4.6233015060424805","4.6233015060424805","4.6233015060424805"
"11200","4.427124977111816","4.427124977111816","4.427124977111816","4.623472213745117","4.623472213745117","4.623472213745117"
"11300","4.650210857391357","4.650210857391357","4.650210857391357","4.725748538970947","4.725748538970947","4.725748538970947"
"11400","4.641228675842285","4.641228675842285","4.641228675842285","4.679566860198975","4.679566860198975","4.679566860198975"
"11500","4.621522426605225","4.621522426605225","4.621522426605225","4.761402130126953","4.761402130126953","4.761402130126953"
"11600","4.486146450042725","4.486146450042725","4.486146450042725","4.712790489196777","4.712790489196777","4.712790489196777"
"11700","4.82734489440918","4.82734489440918","4.82734489440918","4.7354841232299805","4.7354841232299805","4.7354841232299805"
"11800","4.515417098999023","4.515417098999023","4.515417098999023","4.689370155334473","4.689370155334473","4.689370155334473"
"11900","4.64494514465332","4.64494514465332","4.64494514465332","4.538912296295166","4.538912296295166","4.538912296295166"
"12000","4.673912525177002","4.673912525177002","4.673912525177002","4.602805137634277","4.602805137634277","4.602805137634277"
"12100","4.693034648895264","4.693034648895264","4.693034648895264","4.456437587738037","4.456437587738037","4.456437587738037"
"12200","4.75604248046875","4.75604248046875","4.75604248046875","4.682666778564453","4.682666778564453","4.682666778564453"
"12300","4.614525318145752","4.614525318145752","4.614525318145752","4.697366714477539","4.697366714477539","4.697366714477539"
"12400","4.44735050201416","4.44735050201416","4.44735050201416","4.65174674987793","4.65174674987793","4.65174674987793"
"12500","4.133515357971191","4.133515357971191","4.133515357971191","4.353928565979004","4.353928565979004","4.353928565979004"
"12600","4.75373649597168","4.75373649597168","4.75373649597168","4.726685523986816","4.726685523986816","4.726685523986816"
"12700","4.5179123878479","4.5179123878479","4.5179123878479","4.155389785766602","4.155389785766602","4.155389785766602"
"12800","4.611297607421875","4.611297607421875","4.611297607421875","4.450992584228516","4.450992584228516","4.450992584228516"
"12900","4.612838268280029","4.612838268280029","4.612838268280029","4.508497714996338","4.508497714996338","4.508497714996338"
"13000","4.644235610961914","4.644235610961914","4.644235610961914","4.700918197631836","4.700918197631836","4.700918197631836"
"13100","4.492739200592041","4.492739200592041","4.492739200592041","4.713801860809326","4.713801860809326","4.713801860809326"
"13200","4.706402778625488","4.706402778625488","4.706402778625488","4.446079730987549","4.446079730987549","4.446079730987549"
"13300","4.6649861335754395","4.6649861335754395","4.6649861335754395","4.6792755126953125","4.6792755126953125","4.6792755126953125"
"13400","4.573666095733643","4.573666095733643","4.573666095733643","4.753164291381836","4.753164291381836","4.753164291381836"
"13500","4.7869343757629395","4.7869343757629395","4.7869343757629395","4.4334330558776855","4.4334330558776855","4.4334330558776855"
"13600","4.6713972091674805","4.6713972091674805","4.6713972091674805","4.45864725112915","4.45864725112915","4.45864725112915"
"13700","4.700221061706543","4.700221061706543","4.700221061706543","4.515543460845947","4.515543460845947","4.515543460845947"
"13800","4.421019077301025","4.421019077301025","4.421019077301025","4.647873878479004","4.647873878479004","4.647873878479004"
"13900","4.33547830581665","4.33547830581665","4.33547830581665","4.562509536743164","4.562509536743164","4.562509536743164"
"14000","4.547297954559326","4.547297954559326","4.547297954559326","4.643945693969727","4.643945693969727","4.643945693969727"
"14100","4.581534385681152","4.581534385681152","4.581534385681152","4.7579145431518555","4.7579145431518555","4.7579145431518555"
"14200","4.590463161468506","4.590463161468506","4.590463161468506","4.5919904708862305","4.5919904708862305","4.5919904708862305"
"14300","4.415466785430908","4.415466785430908","4.415466785430908","4.383451461791992","4.383451461791992","4.383451461791992"
"14400","4.674520015716553","4.674520015716553","4.674520015716553","4.64593505859375","4.64593505859375","4.64593505859375"
"14500","4.401984214782715","4.401984214782715","4.401984214782715","4.654987335205078","4.654987335205078","4.654987335205078"
"14600","4.601065158843994","4.601065158843994","4.601065158843994","4.395178318023682","4.395178318023682","4.395178318023682"
"14700","4.496717929840088","4.496717929840088","4.496717929840088","4.510546684265137","4.510546684265137","4.510546684265137"
"14800","4.561452388763428","4.561452388763428","4.561452388763428","4.537815570831299","4.537815570831299","4.537815570831299"
"14900","4.556318283081055","4.556318283081055","4.556318283081055","4.467966556549072","4.467966556549072","4.467966556549072"
"15000","4.451756477355957","4.451756477355957","4.451756477355957","4.332304954528809","4.332304954528809","4.332304954528809"
"15100","4.558670997619629","4.558670997619629","4.558670997619629","4.706063747406006","4.706063747406006","4.706063747406006"
"15200","4.580147743225098","4.580147743225098","4.580147743225098","4.548618793487549","4.548618793487549","4.548618793487549"
"15300","4.319815158843994","4.319815158843994","4.319815158843994","4.340831756591797","4.340831756591797","4.340831756591797"
"15400","4.367935657501221","4.367935657501221","4.367935657501221","4.317749500274658","4.317749500274658","4.317749500274658"
"15500","4.53870153427124","4.53870153427124","4.53870153427124","4.613775730133057","4.613775730133057","4.613775730133057"
"15600","4.478701114654541","4.478701114654541","4.478701114654541","4.391021251678467","4.391021251678467","4.391021251678467"
"15700","4.64056396484375","4.64056396484375","4.64056396484375","4.440047264099121","4.440047264099121","4.440047264099121"
"15800","4.599861145019531","4.599861145019531","4.599861145019531","4.54166316986084","4.54166316986084","4.54166316986084"
"15900","4.494471073150635","4.494471073150635","4.494471073150635","4.535884857177734","4.535884857177734","4.535884857177734"
"16000","4.555964469909668","4.555964469909668","4.555964469909668","4.478951454162598","4.478951454162598","4.478951454162598"
"16100","4.453902721405029","4.453902721405029","4.453902721405029","4.6396098136901855","4.6396098136901855","4.6396098136901855"
"16200","4.560762405395508","4.560762405395508","4.560762405395508","4.448814868927002","4.448814868927002","4.448814868927002"
"16300","4.522099018096924","4.522099018096924","4.522099018096924","4.677977085113525","4.677977085113525","4.677977085113525"
"16400","4.301080226898193","4.301080226898193","4.301080226898193","4.504914283752441","4.504914283752441","4.504914283752441"
"16500","4.516562461853027","4.516562461853027","4.516562461853027","4.229372024536133","4.229372024536133","4.229372024536133"
"16600","4.55767822265625","4.55767822265625","4.55767822265625","4.6664018630981445","4.6664018630981445","4.6664018630981445"
"16700","4.5972580909729","4.5972580909729","4.5972580909729","4.5020880699157715","4.5020880699157715","4.5020880699157715"
"16800","4.570964813232422","4.570964813232422","4.570964813232422","4.020750999450684","4.020750999450684","4.020750999450684"
"16900","4.548093795776367","4.548093795776367","4.548093795776367","4.455973148345947","4.455973148345947","4.455973148345947"
"17000","4.546448707580566","4.546448707580566","4.546448707580566","4.4674458503723145","4.4674458503723145","4.4674458503723145"
"17100","4.488962173461914","4.488962173461914","4.488962173461914","4.4576263427734375","4.4576263427734375","4.4576263427734375"
"17200","4.3473639488220215","4.3473639488220215","4.3473639488220215","4.502511501312256","4.502511501312256","4.502511501312256"
"17300","4.5513505935668945","4.5513505935668945","4.5513505935668945","4.443243026733398","4.443243026733398","4.443243026733398"
"17400","4.518786907196045","4.518786907196045","4.518786907196045","4.424543857574463","4.424543857574463","4.424543857574463"
"17500","4.563784122467041","4.563784122467041","4.563784122467041","4.289271831512451","4.289271831512451","4.289271831512451"
"17600","4.238945007324219","4.238945007324219","4.238945007324219","4.395547866821289","4.395547866821289","4.395547866821289"
"17700","4.490814208984375","4.490814208984375","4.490814208984375","4.182694435119629","4.182694435119629","4.182694435119629"
"17800","4.534611225128174","4.534611225128174","4.534611225128174","4.148394584655762","4.148394584655762","4.148394584655762"
"17900","4.1590657234191895","4.1590657234191895","4.1590657234191895","4.49883508682251","4.49883508682251","4.49883508682251"
"18000","4.488405227661133","4.488405227661133","4.488405227661133","4.315525531768799","4.315525531768799","4.315525531768799"
"18100","4.433229446411133","4.433229446411133","4.433229446411133","4.650339603424072","4.650339603424072","4.650339603424072"
"18200","4.388721942901611","4.388721942901611","4.388721942901611","4.61912727355957","4.61912727355957","4.61912727355957"
"18300","4.220178604125977","4.220178604125977","4.220178604125977","4.4533162117004395","4.4533162117004395","4.4533162117004395"
"18400","4.730899333953857","4.730899333953857","4.730899333953857","4.484033107757568","4.484033107757568","4.484033107757568"
"18500","4.562827110290527","4.562827110290527","4.562827110290527","4.511320114135742","4.511320114135742","4.511320114135742"
"18600","4.461843013763428","4.461843013763428","4.461843013763428","4.224839687347412","4.224839687347412","4.224839687347412"
"18700","4.5703959465026855","4.5703959465026855","4.5703959465026855","4.460819721221924","4.460819721221924","4.460819721221924"
"18800","4.470546722412109","4.470546722412109","4.470546722412109","4.519443511962891","4.519443511962891","4.519443511962891"
"18900","4.278848171234131","4.278848171234131","4.278848171234131","4.56605863571167","4.56605863571167","4.56605863571167"
"19000","4.501245975494385","4.501245975494385","4.501245975494385","4.515453338623047","4.515453338623047","4.515453338623047"
"19100","4.401703834533691","4.401703834533691","4.401703834533691","4.490189075469971","4.490189075469971","4.490189075469971"
"19200","4.568386077880859","4.568386077880859","4.568386077880859","4.148974895477295","4.148974895477295","4.148974895477295"
"19300","4.002807140350342","4.002807140350342","4.002807140350342","4.257747650146484","4.257747650146484","4.257747650146484"
"19400","4.511127948760986","4.511127948760986","4.511127948760986","4.459938049316406","4.459938049316406","4.459938049316406"
"19500","4.4912614822387695","4.4912614822387695","4.4912614822387695","4.330180644989014","4.330180644989014","4.330180644989014"
"19600","4.612391471862793","4.612391471862793","4.612391471862793","4.412014007568359","4.412014007568359","4.412014007568359"
"19700","4.229742050170898","4.229742050170898","4.229742050170898","4.486159324645996","4.486159324645996","4.486159324645996"
"19800","4.530459880828857","4.530459880828857","4.530459880828857","4.473347187042236","4.473347187042236","4.473347187042236"
"19900","4.4858856201171875","4.4858856201171875","4.4858856201171875","4.355607509613037","4.355607509613037","4.355607509613037"
"20000","4.522340297698975","4.522340297698975","4.522340297698975","4.455865859985352","4.455865859985352","4.455865859985352"
"20100","4.5026164054870605","4.5026164054870605","4.5026164054870605","4.231334686279297","4.231334686279297","4.231334686279297"
"20200","4.280008792877197","4.280008792877197","4.280008792877197","4.399875640869141","4.399875640869141","4.399875640869141"
"20300","4.038961887359619","4.038961887359619","4.038961887359619","4.461856842041016","4.461856842041016","4.461856842041016"
"20400","4.353601455688477","4.353601455688477","4.353601455688477","4.458261489868164","4.458261489868164","4.458261489868164"
"20500","4.2671799659729","4.2671799659729","4.2671799659729","4.391969680786133","4.391969680786133","4.391969680786133"
"20600","4.468293190002441","4.468293190002441","4.468293190002441","4.453212738037109","4.453212738037109","4.453212738037109"
"20700","4.570469856262207","4.570469856262207","4.570469856262207","4.354512691497803","4.354512691497803","4.354512691497803"
"20800","4.518862724304199","4.518862724304199","4.518862724304199","4.298712253570557","4.298712253570557","4.298712253570557"
"20900","4.141600131988525","4.141600131988525","4.141600131988525","4.410684585571289","4.410684585571289","4.410684585571289"
"21000","4.44950008392334","4.44950008392334","4.44950008392334","4.175782680511475","4.175782680511475","4.175782680511475"
"21100","4.357027053833008","4.357027053833008","4.357027053833008","4.422288417816162","4.422288417816162","4.422288417816162"
"21200","4.455477714538574","4.455477714538574","4.455477714538574","4.172698974609375","4.172698974609375","4.172698974609375"
"21300","4.421656608581543","4.421656608581543","4.421656608581543","4.418054580688477","4.418054580688477","4.418054580688477"
"21400","4.332850456237793","4.332850456237793","4.332850456237793","4.304882526397705","4.304882526397705","4.304882526397705"
"21500","4.518984317779541","4.518984317779541","4.518984317779541","4.325145721435547","4.325145721435547","4.325145721435547"
"21600","4.507477283477783","4.507477283477783","4.507477283477783","4.3481125831604","4.3481125831604","4.3481125831604"
"21700","4.2335662841796875","4.2335662841796875","4.2335662841796875","4.147653579711914","4.147653579711914","4.147653579711914"
"21800","4.243100166320801","4.243100166320801","4.243100166320801","4.415927410125732","4.415927410125732","4.415927410125732"
"21900","4.444596290588379","4.444596290588379","4.444596290588379","4.117579936981201","4.117579936981201","4.117579936981201"
"22000","4.162907600402832","4.162907600402832","4.162907600402832","4.482428073883057","4.482428073883057","4.482428073883057"
"22100","4.496031761169434","4.496031761169434","4.496031761169434","4.43039083480835","4.43039083480835","4.43039083480835"
"22200","4.451436996459961","4.451436996459961","4.451436996459961","4.499117374420166","4.499117374420166","4.499117374420166"
"22300","4.140792369842529","4.140792369842529","4.140792369842529","4.405261039733887","4.405261039733887","4.405261039733887"
"22400","4.262935161590576","4.262935161590576","4.262935161590576","4.353805065155029","4.353805065155029","4.353805065155029"
"22500","4.426776885986328","4.426776885986328","4.426776885986328","4.3694868087768555","4.3694868087768555","4.3694868087768555"
"22600","4.208643913269043","4.208643913269043","4.208643913269043","4.286219120025635","4.286219120025635","4.286219120025635"
"22700","4.483643531799316","4.483643531799316","4.483643531799316","4.380115509033203","4.380115509033203","4.380115509033203"
"22800","4.480902671813965","4.480902671813965","4.480902671813965","4.426331043243408","4.426331043243408","4.426331043243408"
"22900","4.160749435424805","4.160749435424805","4.160749435424805","4.174376487731934","4.174376487731934","4.174376487731934"
"23000","4.47624397277832","4.47624397277832","4.47624397277832","4.2497100830078125","4.2497100830078125","4.2497100830078125"
"23100","4.325845241546631","4.325845241546631","4.325845241546631","4.470026969909668","4.470026969909668","4.470026969909668"
"23200","4.452694892883301","4.452694892883301","4.452694892883301","4.295741081237793","4.295741081237793","4.295741081237793"
"23300","4.491137504577637","4.491137504577637","4.491137504577637","4.339414119720459","4.339414119720459","4.339414119720459"
"23400","4.382359504699707","4.382359504699707","4.382359504699707","4.3210835456848145","4.3210835456848145","4.3210835456848145"
"23500","4.430490016937256","4.430490016937256","4.430490016937256","3.9102489948272705","3.9102489948272705","3.9102489948272705"
"23600","4.276026725769043","4.276026725769043","4.276026725769043","4.335681915283203","4.335681915283203","4.335681915283203"
"23700","4.444929122924805","4.444929122924805","4.444929122924805","4.391092300415039","4.391092300415039","4.391092300415039"
"23800","4.501026630401611","4.501026630401611","4.501026630401611","4.261058807373047","4.261058807373047","4.261058807373047"
"23900","4.425992488861084","4.425992488861084","4.425992488861084","4.333739280700684","4.333739280700684","4.333739280700684"
"24000","4.495569229125977","4.495569229125977","4.495569229125977","4.411929130554199","4.411929130554199","4.411929130554199"
"24100","4.197841644287109","4.197841644287109","4.197841644287109","4.101240158081055","4.101240158081055","4.101240158081055"
"24200","4.242151260375977","4.242151260375977","4.242151260375977","4.288424015045166","4.288424015045166","4.288424015045166"
"24300","4.432831764221191","4.432831764221191","4.432831764221191","4.38676643371582","4.38676643371582","4.38676643371582"
"24400","4.002458095550537","4.002458095550537","4.002458095550537","4.310556411743164","4.310556411743164","4.310556411743164"
"24500","4.385447978973389","4.385447978973389","4.385447978973389","4.415966510772705","4.415966510772705","4.415966510772705"
"24600","4.432367324829102","4.432367324829102","4.432367324829102","4.411313533782959","4.411313533782959","4.411313533782959"
"24700","4.4567389488220215","4.4567389488220215","4.4567389488220215","4.238534927368164","4.238534927368164","4.238534927368164"
"24800","4.2818427085876465","4.2818427085876465","4.2818427085876465","4.3789238929748535","4.3789238929748535","4.3789238929748535"
"24900","4.059175491333008","4.059175491333008","4.059175491333008","4.091070652008057","4.091070652008057","4.091070652008057"
"25000","4.472640037536621","4.472640037536621","4.472640037536621","4.010388374328613","4.010388374328613","4.010388374328613"
"25100","4.334773063659668","4.334773063659668","4.334773063659668","4.088850975036621","4.088850975036621","4.088850975036621"
"25200","4.410446643829346","4.410446643829346","4.410446643829346","4.406980991363525","4.406980991363525","4.406980991363525"
"25300","4.496644973754883","4.496644973754883","4.496644973754883","4.286498546600342","4.286498546600342","4.286498546600342"
"25400","4.432879447937012","4.432879447937012","4.432879447937012","4.108920574188232","4.108920574188232","4.108920574188232"
"25500","4.106893062591553","4.106893062591553","4.106893062591553","4.1125946044921875","4.1125946044921875","4.1125946044921875"
"25600","4.438467979431152","4.438467979431152","4.438467979431152","4.25302791595459","4.25302791595459","4.25302791595459"
"25700","4.461267948150635","4.461267948150635","4.461267948150635","4.378537178039551","4.378537178039551","4.378537178039551"
"25800","4.0414652824401855","4.0414652824401855","4.0414652824401855","4.062037944793701","4.062037944793701","4.062037944793701"
"25900","4.430700302124023","4.430700302124023","4.430700302124023","4.0393476486206055","4.0393476486206055","4.0393476486206055"
"26000","4.22023868560791","4.22023868560791","4.22023868560791","4.177577972412109","4.177577972412109","4.177577972412109"
"26100","4.467962741851807","4.467962741851807","4.467962741851807","4.375548362731934","4.375548362731934","4.375548362731934"
"26200","4.362858772277832","4.362858772277832","4.362858772277832","4.161299705505371","4.161299705505371","4.161299705505371"
"26300","4.406667232513428","4.406667232513428","4.406667232513428","4.230496883392334","4.230496883392334","4.230496883392334"
"26400","4.342039585113525","4.342039585113525","4.342039585113525","4.269935607910156","4.269935607910156","4.269935607910156"
"26500","4.190197467803955","4.190197467803955","4.190197467803955","4.347653388977051","4.347653388977051","4.347653388977051"
"26600","4.318259239196777","4.318259239196777","4.318259239196777","4.232026100158691","4.232026100158691","4.232026100158691"
"26700","4.358455657958984","4.358455657958984","4.358455657958984","4.122950553894043","4.122950553894043","4.122950553894043"
"26800","4.2679243087768555","4.2679243087768555","4.2679243087768555","4.088962078094482","4.088962078094482","4.088962078094482"
"26900","4.429776191711426","4.429776191711426","4.429776191711426","4.246768951416016","4.246768951416016","4.246768951416016"
"27000","4.3317766189575195","4.3317766189575195","4.3317766189575195","4.35198450088501","4.35198450088501","4.35198450088501"
"27100","4.150363922119141","4.150363922119141","4.150363922119141","4.359219074249268","4.359219074249268","4.359219074249268"
"27200","4.389305114746094","4.389305114746094","4.389305114746094","4.4156341552734375","4.4156341552734375","4.4156341552734375"
"27300","4.418453216552734","4.418453216552734","4.418453216552734","4.086077690124512","4.086077690124512","4.086077690124512"
"27400","4.421355247497559","4.421355247497559","4.421355247497559","4.320727825164795","4.320727825164795","4.320727825164795"
"27500","4.262880325317383","4.262880325317383","4.262880325317383","4.11350154876709","4.11350154876709","4.11350154876709"
"27600","4.4571309089660645","4.4571309089660645","4.4571309089660645","4.040990352630615","4.040990352630615","4.040990352630615"
"27700","3.918365478515625","3.918365478515625","3.918365478515625","4.295127868652344","4.295127868652344","4.295127868652344"
"27800","4.238955020904541","4.238955020904541","4.238955020904541","4.238509654998779","4.238509654998779","4.238509654998779"
"27900","4.3434648513793945","4.3434648513793945","4.3434648513793945","4.194680213928223","4.194680213928223","4.194680213928223"
"28000","3.9770047664642334","3.9770047664642334","3.9770047664642334","4.329866409301758","4.329866409301758","4.329866409301758"
"28100","4.014217376708984","4.014217376708984","4.014217376708984","4.136977195739746","4.136977195739746","4.136977195739746"
"28200","4.1541547775268555","4.1541547775268555","4.1541547775268555","4.35541296005249","4.35541296005249","4.35541296005249"
"28300","4.149064064025879","4.149064064025879","4.149064064025879","4.172265529632568","4.172265529632568","4.172265529632568"
"28400","4.249026298522949","4.249026298522949","4.249026298522949","4.328263759613037","4.328263759613037","4.328263759613037"
"28500","4.451941967010498","4.451941967010498","4.451941967010498","4.238434791564941","4.238434791564941","4.238434791564941"
"28600","4.236410617828369","4.236410617828369","4.236410617828369","4.159914970397949","4.159914970397949","4.159914970397949"
"28700","4.452667236328125","4.452667236328125","4.452667236328125","3.8042805194854736","3.8042805194854736","3.8042805194854736"
"28800","4.234345436096191","4.234345436096191","4.234345436096191","4.097818851470947","4.097818851470947","4.097818851470947"
"28900","4.4312639236450195","4.4312639236450195","4.4312639236450195","4.345438480377197","4.345438480377197","4.345438480377197"
"29000","4.403359413146973","4.403359413146973","4.403359413146973","4.069169998168945","4.069169998168945","4.069169998168945"
"29100","4.194553375244141","4.194553375244141","4.194553375244141","4.010694980621338","4.010694980621338","4.010694980621338"
"29200","4.400686740875244","4.400686740875244","4.400686740875244","4.093796730041504","4.093796730041504","4.093796730041504"
"29300","4.337480068206787","4.337480068206787","4.337480068206787","4.263233661651611","4.263233661651611","4.263233661651611"
"29400","4.423363208770752","4.423363208770752","4.423363208770752","4.103549480438232","4.103549480438232","4.103549480438232"
"29500","4.08819580078125","4.08819580078125","4.08819580078125","4.32503604888916","4.32503604888916","4.32503604888916"
"29600","4.207581043243408","4.207581043243408","4.207581043243408","3.96826434135437","3.96826434135437","3.96826434135437"
"29700","4.494286060333252","4.494286060333252","4.494286060333252","4.272716999053955","4.272716999053955","4.272716999053955"
"29800","4.337831020355225","4.337831020355225","4.337831020355225","4.33230447769165","4.33230447769165","4.33230447769165"
"29900","4.15553092956543","4.15553092956543","4.15553092956543","4.2308478355407715","4.2308478355407715","4.2308478355407715"
"30000","4.436649322509766","4.436649322509766","4.436649322509766","4.365998268127441","4.365998268127441","4.365998268127441"
"30100","4.277736186981201","4.277736186981201","4.277736186981201","4.249338626861572","4.249338626861572","4.249338626861572"
"30200","4.398244380950928","4.398244380950928","4.398244380950928","4.135828018188477","4.135828018188477","4.135828018188477"
"30300","4.38840389251709","4.38840389251709","4.38840389251709","4.20784854888916","4.20784854888916","4.20784854888916"
"30400","4.425404071807861","4.425404071807861","4.425404071807861","4.317041873931885","4.317041873931885","4.317041873931885"
"30500","4.387958526611328","4.387958526611328","4.387958526611328","4.043370723724365","4.043370723724365","4.043370723724365"
"30600","4.408805847167969","4.408805847167969","4.408805847167969","4.313173294067383","4.313173294067383","4.313173294067383"
"30700","4.438737392425537","4.438737392425537","4.438737392425537","4.097748279571533","4.097748279571533","4.097748279571533"
"30800","4.213738918304443","4.213738918304443","4.213738918304443","4.249923229217529","4.249923229217529","4.249923229217529"
"30900","4.368570327758789","4.368570327758789","4.368570327758789","4.26617956161499","4.26617956161499","4.26617956161499"
"31000","4.418640613555908","4.418640613555908","4.418640613555908","4.184046745300293","4.184046745300293","4.184046745300293"
"31100","4.418844699859619","4.418844699859619","4.418844699859619","4.146017551422119","4.146017551422119","4.146017551422119"
"31200","4.376377582550049","4.376377582550049","4.376377582550049","4.040818691253662","4.040818691253662","4.040818691253662"
"31300","4.425660610198975","4.425660610198975","4.425660610198975","4.285399436950684","4.285399436950684","4.285399436950684"
"31400","4.325901985168457","4.325901985168457","4.325901985168457","4.085626602172852","4.085626602172852","4.085626602172852"
"31500","4.31517219543457","4.31517219543457","4.31517219543457","4.069668769836426","4.069668769836426","4.069668769836426"
"31600","4.208917617797852","4.208917617797852","4.208917617797852","4.300875186920166","4.300875186920166","4.300875186920166"
"31700","4.432268142700195","4.432268142700195","4.432268142700195","4.252351760864258","4.252351760864258","4.252351760864258"
"31800","4.4164323806762695","4.4164323806762695","4.4164323806762695","4.127673625946045","4.127673625946045","4.127673625946045"
"31900","4.427399635314941","4.427399635314941","4.427399635314941","4.118055820465088","4.118055820465088","4.118055820465088"
"32000","4.378332138061523","4.378332138061523","4.378332138061523","4.011460304260254","4.011460304260254","4.011460304260254"
"32100","4.418841361999512","4.418841361999512","4.418841361999512","4.342594146728516","4.342594146728516","4.342594146728516"
"32200","4.437122344970703","4.437122344970703","4.437122344970703","3.9945034980773926","3.9945034980773926","3.9945034980773926"
"32300","4.375580787658691","4.375580787658691","4.375580787658691","4.203219890594482","4.203219890594482","4.203219890594482"
"32400","4.244534015655518","4.244534015655518","4.244534015655518","4.232404708862305","4.232404708862305","4.232404708862305"
"32500","4.355501651763916","4.355501651763916","4.355501651763916","4.1260294914245605","4.1260294914245605","4.1260294914245605"
"32600","4.112744331359863","4.112744331359863","4.112744331359863","4.254632472991943","4.254632472991943","4.254632472991943"
"32700","4.366577625274658","4.366577625274658","4.366577625274658","4.310423851013184","4.310423851013184","4.310423851013184"
"32800","4.373106956481934","4.373106956481934","4.373106956481934","4.153343677520752","4.153343677520752","4.153343677520752"
"32900","4.352648735046387","4.352648735046387","4.352648735046387","4.393922805786133","4.393922805786133","4.393922805786133"
"33000","4.433900356292725","4.433900356292725","4.433900356292725","4.179171085357666","4.179171085357666","4.179171085357666"
"33100","4.258852005004883","4.258852005004883","4.258852005004883","4.258162021636963","4.258162021636963","4.258162021636963"
"33200","4.421963691711426","4.421963691711426","4.421963691711426","4.306610107421875","4.306610107421875","4.306610107421875"
"33300","4.308218955993652","4.308218955993652","4.308218955993652","4.312512397766113","4.312512397766113","4.312512397766113"
"33400","4.383580207824707","4.383580207824707","4.383580207824707","4.350749492645264","4.350749492645264","4.350749492645264"
"33500","4.133918285369873","4.133918285369873","4.133918285369873","4.310205936431885","4.310205936431885","4.310205936431885"
"33600","4.061021327972412","4.061021327972412","4.061021327972412","4.315595626831055","4.315595626831055","4.315595626831055"
"33700","4.330005645751953","4.330005645751953","4.330005645751953","4.257641792297363","4.257641792297363","4.257641792297363"
"33800","4.404839038848877","4.404839038848877","4.404839038848877","4.190960884094238","4.190960884094238","4.190960884094238"
"33900","4.19993782043457","4.19993782043457","4.19993782043457","4.237107276916504","4.237107276916504","4.237107276916504"
"34000","4.335465908050537","4.335465908050537","4.335465908050537","4.265032768249512","4.265032768249512","4.265032768249512"
"34100","4.404101848602295","4.404101848602295","4.404101848602295","4.336782932281494","4.336782932281494","4.336782932281494"
"34200","4.090625286102295","4.090625286102295","4.090625286102295","4.110610008239746","4.110610008239746","4.110610008239746"
"34300","4.3743767738342285","4.3743767738342285","4.3743767738342285","4.305620193481445","4.305620193481445","4.305620193481445"
"34400","4.373762130737305","4.373762130737305","4.373762130737305","4.1783905029296875","4.1783905029296875","4.1783905029296875"
"34500","4.40681791305542","4.40681791305542","4.40681791305542","3.950016498565674","3.950016498565674","3.950016498565674"
"34600","4.35476016998291","4.35476016998291","4.35476016998291","4.076127529144287","4.076127529144287","4.076127529144287"
"34700","4.359759330749512","4.359759330749512","4.359759330749512","4.059765815734863","4.059765815734863","4.059765815734863"
"34800","4.347414016723633","4.347414016723633","4.347414016723633","4.322061061859131","4.322061061859131","4.322061061859131"
"34900","4.402884006500244","4.402884006500244","4.402884006500244","4.210844039916992","4.210844039916992","4.210844039916992"
"35000","4.3612823486328125","4.3612823486328125","4.3612823486328125","4.258526802062988","4.258526802062988","4.258526802062988"
"35100","4.157411098480225","4.157411098480225","4.157411098480225","4.394693374633789","4.394693374633789","4.394693374633789"
"35200","4.309839248657227","4.309839248657227","4.309839248657227","4.280956745147705","4.280956745147705","4.280956745147705"
"35300","4.351113319396973","4.351113319396973","4.351113319396973","4.252843856811523","4.252843856811523","4.252843856811523"
"35400","4.395709991455078","4.395709991455078","4.395709991455078","4.200027942657471","4.200027942657471","4.200027942657471"
"35500","4.355393886566162","4.355393886566162","4.355393886566162","4.109738349914551","4.109738349914551","4.109738349914551"
"35600","4.3533453941345215","4.3533453941345215","4.3533453941345215","3.7916293144226074","3.7916293144226074","3.7916293144226074"
"35700","4.413830280303955","4.413830280303955","4.413830280303955","4.153105735778809","4.153105735778809","4.153105735778809"
"35800","4.351709365844727","4.351709365844727","4.351709365844727","4.066005706787109","4.066005706787109","4.066005706787109"
"35900","4.3987531661987305","4.3987531661987305","4.3987531661987305","4.197029113769531","4.197029113769531","4.197029113769531"
"36000","4.067165851593018","4.067165851593018","4.067165851593018","4.241089344024658","4.241089344024658","4.241089344024658"
"36100","4.33480978012085","4.33480978012085","4.33480978012085","4.283407688140869","4.283407688140869","4.283407688140869"
"36200","4.318292617797852","4.318292617797852","4.318292617797852","4.061775207519531","4.061775207519531","4.061775207519531"
"36300","4.37239933013916","4.37239933013916","4.37239933013916","4.366494655609131","4.366494655609131","4.366494655609131"
"36400","4.158384323120117","4.158384323120117","4.158384323120117","3.9930331707000732","3.9930331707000732","3.9930331707000732"
"36500","4.1139750480651855","4.1139750480651855","4.1139750480651855","4.200433254241943","4.200433254241943","4.200433254241943"
"36600","4.190169811248779","4.190169811248779","4.190169811248779","4.099318981170654","4.099318981170654","4.099318981170654"
"36700","4.348681449890137","4.348681449890137","4.348681449890137","4.1595869064331055","4.1595869064331055","4.1595869064331055"
"36800","4.352315902709961","4.352315902709961","4.352315902709961","4.222014427185059","4.222014427185059","4.222014427185059"
"36900","3.9801173210144043","3.9801173210144043","3.9801173210144043","4.255177974700928","4.255177974700928","4.255177974700928"
"37000","4.444738388061523","4.444738388061523","4.444738388061523","4.112781524658203","4.112781524658203","4.112781524658203"
"37100","4.291100978851318","4.291100978851318","4.291100978851318","3.8349146842956543","3.8349146842956543","3.8349146842956543"
"37200","4.242568016052246","4.242568016052246","4.242568016052246","4.236725330352783","4.236725330352783","4.236725330352783"
"37300","4.169933319091797","4.169933319091797","4.169933319091797","4.35463285446167","4.35463285446167","4.35463285446167"
"37400","3.998702049255371","3.998702049255371","3.998702049255371","4.243141174316406","4.243141174316406","4.243141174316406"
"37500","4.291674613952637","4.291674613952637","4.291674613952637","4.190523624420166","4.190523624420166","4.190523624420166"
"37600","4.438643932342529","4.438643932342529","4.438643932342529","4.220034122467041","4.220034122467041","4.220034122467041"
"37700","4.307608127593994","4.307608127593994","4.307608127593994","4.341427803039551","4.341427803039551","4.341427803039551"
"37800","4.077096462249756","4.077096462249756","4.077096462249756","4.404670238494873","4.404670238494873","4.404670238494873"
"37900","4.100581645965576","4.100581645965576","4.100581645965576","4.161099433898926","4.161099433898926","4.161099433898926"
"38000","4.343631267547607","4.343631267547607","4.343631267547607","4.1538848876953125","4.1538848876953125","4.1538848876953125"
"38100","4.137374401092529","4.137374401092529","4.137374401092529","4.3085784912109375","4.3085784912109375","4.3085784912109375"
"38200","4.388111591339111","4.388111591339111","4.388111591339111","4.1871819496154785","4.1871819496154785","4.1871819496154785"
"38300","3.9959073066711426","3.9959073066711426","3.9959073066711426","4.266885280609131","4.266885280609131","4.266885280609131"
"38400","4.341799259185791","4.341799259185791","4.341799259185791","4.1951823234558105","4.1951823234558105","4.1951823234558105"
"38500","4.339565753936768","4.339565753936768","4.339565753936768","4.242745399475098","4.242745399475098","4.242745399475098"
"38600","4.026590347290039","4.026590347290039","4.026590347290039","4.172917366027832","4.172917366027832","4.172917366027832"
"38700","4.411431789398193","4.411431789398193","4.411431789398193","4.025218963623047","4.025218963623047","4.025218963623047"
"38800","4.343033313751221","4.343033313751221","4.343033313751221","4.385818004608154","4.385818004608154","4.385818004608154"
"38900","4.100959300994873","4.100959300994873","4.100959300994873","3.9626197814941406","3.9626197814941406","3.9626197814941406"
"39000","4.362600326538086","4.362600326538086","4.362600326538086","4.023178577423096","4.023178577423096","4.023178577423096"
"39100","4.358002185821533","4.358002185821533","4.358002185821533","4.207616329193115","4.207616329193115","4.207616329193115"
"39200","4.400771141052246","4.400771141052246","4.400771141052246","3.803128480911255","3.803128480911255","3.803128480911255"
"39300","4.27107572555542","4.27107572555542","4.27107572555542","4.021512985229492","4.021512985229492","4.021512985229492"
"39400","4.364493370056152","4.364493370056152","4.364493370056152","4.11804723739624","4.11804723739624","4.11804723739624"
"39500","4.282907009124756","4.282907009124756","4.282907009124756","4.254677772521973","4.254677772521973","4.254677772521973"
"39600","4.35319709777832","4.35319709777832","4.35319709777832","4.205501556396484","4.205501556396484","4.205501556396484"
"39700","4.332108974456787","4.332108974456787","4.332108974456787","4.176580905914307","4.176580905914307","4.176580905914307"
"39800","4.305044651031494","4.305044651031494","4.305044651031494","4.173570156097412","4.173570156097412","4.173570156097412"
"39900","4.267205715179443","4.267205715179443","4.267205715179443","4.366544246673584","4.366544246673584","4.366544246673584"
"40000","4.381188869476318","4.381188869476318","4.381188869476318","4.281197547912598","4.281197547912598","4.281197547912598"
"40100","4.0602827072143555","4.0602827072143555","4.0602827072143555","4.275297164916992","4.275297164916992","4.275297164916992"
"40200","4.155261993408203","4.155261993408203","4.155261993408203","4.155627250671387","4.155627250671387","4.155627250671387"
"40300","4.148816108703613","4.148816108703613","4.148816108703613","4.343783855438232","4.343783855438232","4.343783855438232"
"40400","4.349183082580566","4.349183082580566","4.349183082580566","3.898611545562744","3.898611545562744","3.898611545562744"
"40500","4.264307498931885","4.264307498931885","4.264307498931885","4.3279547691345215","4.3279547691345215","4.3279547691345215"
"40600","4.334877967834473","4.334877967834473","4.334877967834473","4.25358772277832","4.25358772277832","4.25358772277832"
"40700","4.287319183349609","4.287319183349609","4.287319183349609","4.178893089294434","4.178893089294434","4.178893089294434"
"40800","4.307274341583252","4.307274341583252","4.307274341583252","4.169098854064941","4.169098854064941","4.169098854064941"
"40900","4.259174823760986","4.259174823760986","4.259174823760986","4.071467399597168","4.071467399597168","4.071467399597168"
"41000","4.396406173706055","4.396406173706055","4.396406173706055","4.09349250793457","4.09349250793457","4.09349250793457"
"41100","4.095046043395996","4.095046043395996","4.095046043395996","4.287949562072754","4.287949562072754","4.287949562072754"
"41200","3.71738862991333","3.71738862991333","3.71738862991333","4.104712009429932","4.104712009429932","4.104712009429932"
"41300","4.392192840576172","4.392192840576172","4.392192840576172","4.108354568481445","4.108354568481445","4.108354568481445"
"41400","4.225329399108887","4.225329399108887","4.225329399108887","4.267960548400879","4.267960548400879","4.267960548400879"
"41500","3.890472888946533","3.890472888946533","3.890472888946533","4.162765979766846","4.162765979766846","4.162765979766846"
"41600","4.401588439941406","4.401588439941406","4.401588439941406","4.149575233459473","4.149575233459473","4.149575233459473"
"41700","4.305232524871826","4.305232524871826","4.305232524871826","4.137232780456543","4.137232780456543","4.137232780456543"
"41800","4.35111665725708","4.35111665725708","4.35111665725708","4.232691764831543","4.232691764831543","4.232691764831543"
"41900","4.282641887664795","4.282641887664795","4.282641887664795","4.28963565826416","4.28963565826416","4.28963565826416"
"42000","4.336259365081787","4.336259365081787","4.336259365081787","4.091713905334473","4.091713905334473","4.091713905334473"
"42100","4.365844249725342","4.365844249725342","4.365844249725342","4.1660308837890625","4.1660308837890625","4.1660308837890625"
"42200","4.351044178009033","4.351044178009033","4.351044178009033","3.955883502960205","3.955883502960205","3.955883502960205"
"42300","4.367718696594238","4.367718696594238","4.367718696594238","4.249677658081055","4.249677658081055","4.249677658081055"
"42400","4.1803879737854","4.1803879737854","4.1803879737854","4.160630702972412","4.160630702972412","4.160630702972412"
"42500","4.221088409423828","4.221088409423828","4.221088409423828","4.074827194213867","4.074827194213867","4.074827194213867"
"42600","4.385685920715332","4.385685920715332","4.385685920715332","4.026851654052734","4.026851654052734","4.026851654052734"
"42700","4.206539630889893","4.206539630889893","4.206539630889893","3.9056668281555176","3.9056668281555176","3.9056668281555176"
"42800","4.295990943908691","4.295990943908691","4.295990943908691","3.9311108589172363","3.9311108589172363","3.9311108589172363"
"42900","4.345904350280762","4.345904350280762","4.345904350280762","4.228811264038086","4.228811264038086","4.228811264038086"
"43000","4.211301326751709","4.211301326751709","4.211301326751709","4.124504566192627","4.124504566192627","4.124504566192627"
"43100","3.592808246612549","3.592808246612549","3.592808246612549","4.098423480987549","4.098423480987549","4.098423480987549"
"43200","4.114263534545898","4.114263534545898","4.114263534545898","3.972536087036133","3.972536087036133","3.972536087036133"
"43300","4.327752590179443","4.327752590179443","4.327752590179443","4.2009124755859375","4.2009124755859375","4.2009124755859375"
"43400","4.247237205505371","4.247237205505371","4.247237205505371","3.9102628231048584","3.9102628231048584","3.9102628231048584"
"43500","4.436777114868164","4.436777114868164","4.436777114868164","3.996046781539917","3.996046781539917","3.996046781539917"
"43600","4.2866010665893555","4.2866010665893555","4.2866010665893555","4.046875953674316","4.046875953674316","4.046875953674316"
"43700","4.361932754516602","4.361932754516602","4.361932754516602","4.127268314361572","4.127268314361572","4.127268314361572"
"43800","4.314451694488525","4.314451694488525","4.314451694488525","4.257730960845947","4.257730960845947","4.257730960845947"
"43900","4.3038129806518555","4.3038129806518555","4.3038129806518555","4.197990417480469","4.197990417480469","4.197990417480469"
"44000","4.043982028961182","4.043982028961182","4.043982028961182","4.12365198135376","4.12365198135376","4.12365198135376"
"44100","4.349018573760986","4.349018573760986","4.349018573760986","4.2227783203125","4.2227783203125","4.2227783203125"
"44200","4.319204330444336","4.319204330444336","4.319204330444336","3.9585514068603516","3.9585514068603516","3.9585514068603516"
"44300","4.415676116943359","4.415676116943359","4.415676116943359","4.079620838165283","4.079620838165283","4.079620838165283"
"44400","4.112546443939209","4.112546443939209","4.112546443939209","4.0054473876953125","4.0054473876953125","4.0054473876953125"
"44500","4.212100505828857","4.212100505828857","4.212100505828857","4.035818576812744","4.035818576812744","4.035818576812744"
"44600","4.338231563568115","4.338231563568115","4.338231563568115","4.248044967651367","4.248044967651367","4.248044967651367"
"44700","4.311929702758789","4.311929702758789","4.311929702758789","4.195249080657959","4.195249080657959","4.195249080657959"
"44800","4.285304069519043","4.285304069519043","4.285304069519043","4.112864971160889","4.112864971160889","4.112864971160889"
"44900","4.357462406158447","4.357462406158447","4.357462406158447","4.197014808654785","4.197014808654785","4.197014808654785"
"45000","4.082111358642578","4.082111358642578","4.082111358642578","3.9093496799468994","3.9093496799468994","3.9093496799468994"
"45100","4.04792594909668","4.04792594909668","4.04792594909668","4.136520862579346","4.136520862579346","4.136520862579346"
"45200","4.2955851554870605","4.2955851554870605","4.2955851554870605","4.069833278656006","4.069833278656006","4.069833278656006"
"45300","4.324885845184326","4.324885845184326","4.324885845184326","4.207875728607178","4.207875728607178","4.207875728607178"
"45400","4.340217590332031","4.340217590332031","4.340217590332031","4.139925003051758","4.139925003051758","4.139925003051758"
"45500","4.025152206420898","4.025152206420898","4.025152206420898","4.138087272644043","4.138087272644043","4.138087272644043"
"45600","4.173133850097656","4.173133850097656","4.173133850097656","4.1948466300964355","4.1948466300964355","4.1948466300964355"
"45700","4.057066440582275","4.057066440582275","4.057066440582275","4.005336284637451","4.005336284637451","4.005336284637451"
"45800","4.275022506713867","4.275022506713867","4.275022506713867","4.015634059906006","4.015634059906006","4.015634059906006"
"45900","4.313767433166504","4.313767433166504","4.313767433166504","4.043466567993164","4.043466567993164","4.043466567993164"
"46000","3.9173295497894287","3.9173295497894287","3.9173295497894287","3.6702237129211426","3.6702237129211426","3.6702237129211426"
"46100","4.156321048736572","4.156321048736572","4.156321048736572","4.194952964782715","4.194952964782715","4.194952964782715"
"46200","4.350404262542725","4.350404262542725","4.350404262542725","4.124584674835205","4.124584674835205","4.124584674835205"
"46300","4.273698806762695","4.273698806762695","4.273698806762695","4.2333760261535645","4.2333760261535645","4.2333760261535645"
"46400","4.146143436431885","4.146143436431885","4.146143436431885","4.1590118408203125","4.1590118408203125","4.1590118408203125"
"46500","4.343883991241455","4.343883991241455","4.343883991241455","3.844768762588501","3.844768762588501","3.844768762588501"
"46600","4.397322654724121","4.397322654724121","4.397322654724121","4.119489669799805","4.119489669799805","4.119489669799805"
"46700","4.32556676864624","4.32556676864624","4.32556676864624","4.005375862121582","4.005375862121582","4.005375862121582"
"46800","4.304293155670166","4.304293155670166","4.304293155670166","4.142268180847168","4.142268180847168","4.142268180847168"
"46900","4.041281223297119","4.041281223297119","4.041281223297119","4.015744686126709","4.015744686126709","4.015744686126709"
"47000","4.146359920501709","4.146359920501709","4.146359920501709","4.022717475891113","4.022717475891113","4.022717475891113"
"47100","4.28465461730957","4.28465461730957","4.28465461730957","3.9456024169921875","3.9456024169921875","3.9456024169921875"
"47200","4.239853382110596","4.239853382110596","4.239853382110596","4.211954593658447","4.211954593658447","4.211954593658447"
"47300","4.400959014892578","4.400959014892578","4.400959014892578","3.8949480056762695","3.8949480056762695","3.8949480056762695"
"47400","4.21034049987793","4.21034049987793","4.21034049987793","4.170232772827148","4.170232772827148","4.170232772827148"
"47500","4.3271026611328125","4.3271026611328125","4.3271026611328125","4.011717796325684","4.011717796325684","4.011717796325684"
"47600","4.266637325286865","4.266637325286865","4.266637325286865","4.09188175201416","4.09188175201416","4.09188175201416"
"47700","4.344851016998291","4.344851016998291","4.344851016998291","4.228738784790039","4.228738784790039","4.228738784790039"
"47800","4.143463134765625","4.143463134765625","4.143463134765625","4.21439790725708","4.21439790725708","4.21439790725708"
"47900","4.037945747375488","4.037945747375488","4.037945747375488","3.8594417572021484","3.8594417572021484","3.8594417572021484"
"48000","4.1267313957214355","4.1267313957214355","4.1267313957214355","3.726078987121582","3.726078987121582","3.726078987121582"
"48100","4.136871337890625","4.136871337890625","4.136871337890625","4.218223571777344","4.218223571777344","4.218223571777344"
"48200","4.170230388641357","4.170230388641357","4.170230388641357","3.9311916828155518","3.9311916828155518","3.9311916828155518"
"48300","4.155242443084717","4.155242443084717","4.155242443084717","4.047736167907715","4.047736167907715","4.047736167907715"
"48400","4.2874250411987305","4.2874250411987305","4.2874250411987305","4.197201251983643","4.197201251983643","4.197201251983643"
"48500","4.3549957275390625","4.3549957275390625","4.3549957275390625","4.223768711090088","4.223768711090088","4.223768711090088"
"48600","4.20854377746582","4.20854377746582","4.20854377746582","3.9090404510498047","3.9090404510498047","3.9090404510498047"
"48700","4.250668048858643","4.250668048858643","4.250668048858643","4.158203125","4.158203125","4.158203125"
"48800","4.31303071975708","4.31303071975708","4.31303071975708","4.01443338394165","4.01443338394165","4.01443338394165"
"48900","4.272924900054932","4.272924900054932","4.272924900054932","4.125726699829102","4.125726699829102","4.125726699829102"
"49000","4.335838794708252","4.335838794708252","4.335838794708252","3.9875340461730957","3.9875340461730957","3.9875340461730957"
"49100","4.326196193695068","4.326196193695068","4.326196193695068","4.1433305740356445","4.1433305740356445","4.1433305740356445"
"49200","4.379182815551758","4.379182815551758","4.379182815551758","4.240285396575928","4.240285396575928","4.240285396575928"
"49300","4.359457492828369","4.359457492828369","4.359457492828369","4.096292972564697","4.096292972564697","4.096292972564697"
"49400","4.319965362548828","4.319965362548828","4.319965362548828","4.2016215324401855","4.2016215324401855","4.2016215324401855"
"49500","4.270055770874023","4.270055770874023","4.270055770874023","4.2482194900512695","4.2482194900512695","4.2482194900512695"
"49600","4.315976619720459","4.315976619720459","4.315976619720459","4.20934534072876","4.20934534072876","4.20934534072876"
"49700","4.244692325592041","4.244692325592041","4.244692325592041","4.116147994995117","4.116147994995117","4.116147994995117"
"49800","4.1111674308776855","4.1111674308776855","4.1111674308776855","4.2305006980896","4.2305006980896","4.2305006980896"
"49900","4.297658443450928","4.297658443450928","4.297658443450928","3.937592029571533","3.937592029571533","3.937592029571533"
"50000","4.370365619659424","4.370365619659424","4.370365619659424","4.049679756164551","4.049679756164551","4.049679756164551"
"50100","4.21081018447876","4.21081018447876","4.21081018447876","4.1875996589660645","4.1875996589660645","4.1875996589660645"
"50200","4.153976917266846","4.153976917266846","4.153976917266846","4.200285911560059","4.200285911560059","4.200285911560059"
"50300","4.199130058288574","4.199130058288574","4.199130058288574","3.9859163761138916","3.9859163761138916","3.9859163761138916"
"50400","4.038647174835205","4.038647174835205","4.038647174835205","4.176826477050781","4.176826477050781","4.176826477050781"
"50500","4.321596622467041","4.321596622467041","4.321596622467041","4.228640556335449","4.228640556335449","4.228640556335449"
"50600","4.3404622077941895","4.3404622077941895","4.3404622077941895","3.658301830291748","3.658301830291748","3.658301830291748"
"50700","4.196063995361328","4.196063995361328","4.196063995361328","4.018346309661865","4.018346309661865","4.018346309661865"
"50800","3.7797603607177734","3.7797603607177734","3.7797603607177734","4.176420211791992","4.176420211791992","4.176420211791992"
"50900","3.966132164001465","3.966132164001465","3.966132164001465","4.135376930236816","4.135376930236816","4.135376930236816"
"51000","4.1259026527404785","4.1259026527404785","4.1259026527404785","4.1844024658203125","4.1844024658203125","4.1844024658203125"
"51100","4.245712757110596","4.245712757110596","4.245712757110596","4.120819568634033","4.120819568634033","4.120819568634033"
"51200","4.00517463684082","4.00517463684082","4.00517463684082","4.107840538024902","4.107840538024902","4.107840538024902"
"51300","4.374523162841797","4.374523162841797","4.374523162841797","4.1176958084106445","4.1176958084106445","4.1176958084106445"
"51400","4.2997589111328125","4.2997589111328125","4.2997589111328125","4.064237117767334","4.064237117767334","4.064237117767334"
"51500","4.378667831420898","4.378667831420898","4.378667831420898","4.2308244705200195","4.2308244705200195","4.2308244705200195"
"51600","3.8392491340637207","3.8392491340637207","3.8392491340637207","3.7785747051239014","3.7785747051239014","3.7785747051239014"
"51700","3.723417043685913","3.723417043685913","3.723417043685913","4.077938079833984","4.077938079833984","4.077938079833984"
"51800","4.298272132873535","4.298272132873535","4.298272132873535","4.137739181518555","4.137739181518555","4.137739181518555"
"51900","3.974478244781494","3.974478244781494","3.974478244781494","4.069919586181641","4.069919586181641","4.069919586181641"
"52000","4.344681739807129","4.344681739807129","4.344681739807129","3.9913244247436523","3.9913244247436523","3.9913244247436523"
"52100","4.003387928009033","4.003387928009033","4.003387928009033","3.9155545234680176","3.9155545234680176","3.9155545234680176"
"52200","4.043219566345215","4.043219566345215","4.043219566345215","4.226815700531006","4.226815700531006","4.226815700531006"
"52300","4.27091646194458","4.27091646194458","4.27091646194458","4.180178642272949","4.180178642272949","4.180178642272949"
"52400","4.171799659729004","4.171799659729004","4.171799659729004","3.9008820056915283","3.9008820056915283","3.9008820056915283"
"52500","4.316474914550781","4.316474914550781","4.316474914550781","3.99916672706604","3.99916672706604","3.99916672706604"
"52600","4.371452331542969","4.371452331542969","4.371452331542969","4.171619892120361","4.171619892120361","4.171619892120361"
"52700","4.142857551574707","4.142857551574707","4.142857551574707","4.20954704284668","4.20954704284668","4.20954704284668"
"52800","4.06718635559082","4.06718635559082","4.06718635559082","4.208311557769775","4.208311557769775","4.208311557769775"
"52900","4.299977779388428","4.299977779388428","4.299977779388428","4.157326698303223","4.157326698303223","4.157326698303223"
"53000","4.253437042236328","4.253437042236328","4.253437042236328","3.9034156799316406","3.9034156799316406","3.9034156799316406"
"53100","4.229606628417969","4.229606628417969","4.229606628417969","3.675577163696289","3.675577163696289","3.675577163696289"
"53200","4.064702033996582","4.064702033996582","4.064702033996582","3.8917365074157715","3.8917365074157715","3.8917365074157715"
"53300","4.059896945953369","4.059896945953369","4.059896945953369","4.156640529632568","4.156640529632568","4.156640529632568"
"53400","4.284546375274658","4.284546375274658","4.284546375274658","4.122499465942383","4.122499465942383","4.122499465942383"
"53500","4.273497104644775","4.273497104644775","4.273497104644775","4.114184379577637","4.114184379577637","4.114184379577637"
"53600","3.7644495964050293","3.7644495964050293","3.7644495964050293","4.147100448608398","4.147100448608398","4.147100448608398"
"53700","4.119755268096924","4.119755268096924","4.119755268096924","4.046380043029785","4.046380043029785","4.046380043029785"
"53800","4.104041576385498","4.104041576385498","4.104041576385498","4.1651530265808105","4.1651530265808105","4.1651530265808105"
"53900","3.953395366668701","3.953395366668701","3.953395366668701","4.005581855773926","4.005581855773926","4.005581855773926"
"54000","4.283556938171387","4.283556938171387","4.283556938171387","4.152453899383545","4.152453899383545","4.152453899383545"
"54100","4.043877124786377","4.043877124786377","4.043877124786377","4.210567951202393","4.210567951202393","4.210567951202393"
"54200","3.9679293632507324","3.9679293632507324","3.9679293632507324","4.068058967590332","4.068058967590332","4.068058967590332"
"54300","4.31134033203125","4.31134033203125","4.31134033203125","4.11038875579834","4.11038875579834","4.11038875579834"
"54400","4.292705535888672","4.292705535888672","4.292705535888672","4.0454840660095215","4.0454840660095215","4.0454840660095215"
"54500","3.9380123615264893","3.9380123615264893","3.9380123615264893","4.195734977722168","4.195734977722168","4.195734977722168"
"54600","4.297483921051025","4.297483921051025","4.297483921051025","4.18905782699585","4.18905782699585","4.18905782699585"
"54700","4.136932849884033","4.136932849884033","4.136932849884033","3.9989490509033203","3.9989490509033203","3.9989490509033203"
"54800","4.049905776977539","4.049905776977539","4.049905776977539","3.963493585586548","3.963493585586548","3.963493585586548"
"54900","4.286206245422363","4.286206245422363","4.286206245422363","4.314991474151611","4.314991474151611","4.314991474151611"
"55000","4.109572887420654","4.109572887420654","4.109572887420654","3.850055694580078","3.850055694580078","3.850055694580078"
"55100","4.347683906555176","4.347683906555176","4.347683906555176","4.232979774475098","4.232979774475098","4.232979774475098"
"55200","4.007133483886719","4.007133483886719","4.007133483886719","4.236828327178955","4.236828327178955","4.236828327178955"
"55300","4.289163589477539","4.289163589477539","4.289163589477539","4.17415714263916","4.17415714263916","4.17415714263916"
"55400","4.320508003234863","4.320508003234863","4.320508003234863","4.0851569175720215","4.0851569175720215","4.0851569175720215"
"55500","3.91766357421875","3.91766357421875","3.91766357421875","4.058403015136719","4.058403015136719","4.058403015136719"
"55600","4.296889305114746","4.296889305114746","4.296889305114746","3.4752354621887207","3.4752354621887207","3.4752354621887207"
"55700","4.180785655975342","4.180785655975342","4.180785655975342","4.070652961730957","4.070652961730957","4.070652961730957"
"55800","4.282910346984863","4.282910346984863","4.282910346984863","4.033644676208496","4.033644676208496","4.033644676208496"
"55900","4.24576473236084","4.24576473236084","4.24576473236084","4.202402591705322","4.202402591705322","4.202402591705322"
"56000","4.363656997680664","4.363656997680664","4.363656997680664","4.169673919677734","4.169673919677734","4.169673919677734"
"56100","4.302834510803223","4.302834510803223","4.302834510803223","3.5388026237487793","3.5388026237487793","3.5388026237487793"
"56200","4.237601280212402","4.237601280212402","4.237601280212402","3.94055438041687","3.94055438041687","3.94055438041687"
"56300","4.3547797203063965","4.3547797203063965","4.3547797203063965","4.0514631271362305","4.0514631271362305","4.0514631271362305"
"56400","4.274059295654297","4.274059295654297","4.274059295654297","4.13350248336792","4.13350248336792","4.13350248336792"
"56500","4.285966873168945","4.285966873168945","4.285966873168945","4.224057674407959","4.224057674407959","4.224057674407959"
"56600","4.303712844848633","4.303712844848633","4.303712844848633","4.205492973327637","4.205492973327637","4.205492973327637"
"56700","4.329504489898682","4.329504489898682","4.329504489898682","3.886967182159424","3.886967182159424","3.886967182159424"
"56800","4.260276794433594","4.260276794433594","4.260276794433594","4.24412202835083","4.24412202835083","4.24412202835083"
"56900","3.8740575313568115","3.8740575313568115","3.8740575313568115","4.063319206237793","4.063319206237793","4.063319206237793"
"57000","4.103259563446045","4.103259563446045","4.103259563446045","4.110040187835693","4.110040187835693","4.110040187835693"
"57100","3.984459161758423","3.984459161758423","3.984459161758423","4.093732833862305","4.093732833862305","4.093732833862305"
"57200","4.228629112243652","4.228629112243652","4.228629112243652","4.129157066345215","4.129157066345215","4.129157066345215"
"57300","4.354515552520752","4.354515552520752","4.354515552520752","4.0766377449035645","4.0766377449035645","4.0766377449035645"
"57400","4.229256629943848","4.229256629943848","4.229256629943848","4.179981231689453","4.179981231689453","4.179981231689453"
"57500","4.322755813598633","4.322755813598633","4.322755813598633","4.131900787353516","4.131900787353516","4.131900787353516"
"57600","3.9715018272399902","3.9715018272399902","3.9715018272399902","4.141589164733887","4.141589164733887","4.141589164733887"
"57700","4.234222888946533","4.234222888946533","4.234222888946533","4.131392478942871","4.131392478942871","4.131392478942871"
"57800","3.9161338806152344","3.9161338806152344","3.9161338806152344","3.827681064605713","3.827681064605713","3.827681064605713"
"57900","4.25631046295166","4.25631046295166","4.25631046295166","4.222579479217529","4.222579479217529","4.222579479217529"
"58000","4.3511247634887695","4.3511247634887695","4.3511247634887695","4.133738040924072","4.133738040924072","4.133738040924072"
"58100","4.312191009521484","4.312191009521484","4.312191009521484","4.183455467224121","4.183455467224121","4.183455467224121"
"58200","4.00623083114624","4.00623083114624","4.00623083114624","4.044711112976074","4.044711112976074","4.044711112976074"
"58300","3.7919676303863525","3.7919676303863525","3.7919676303863525","4.088251113891602","4.088251113891602","4.088251113891602"
"58400","4.256168842315674","4.256168842315674","4.256168842315674","4.014525413513184","4.014525413513184","4.014525413513184"
"58500","4.037473201751709","4.037473201751709","4.037473201751709","4.105146884918213","4.105146884918213","4.105146884918213"
"58600","4.055118560791016","4.055118560791016","4.055118560791016","4.22321891784668","4.22321891784668","4.22321891784668"
"58700","4.042880535125732","4.042880535125732","4.042880535125732","4.181060791015625","4.181060791015625","4.181060791015625"
"58800","4.2777814865112305","4.2777814865112305","4.2777814865112305","4.269299507141113","4.269299507141113","4.269299507141113"
"58900","4.279080390930176","4.279080390930176","4.279080390930176","3.928800106048584","3.928800106048584","3.928800106048584"
"59000","4.336239814758301","4.336239814758301","4.336239814758301","4.108962059020996","4.108962059020996","4.108962059020996"
"59100","4.297530651092529","4.297530651092529","4.297530651092529","3.9241766929626465","3.9241766929626465","3.9241766929626465"
"59200","4.045656204223633","4.045656204223633","4.045656204223633","4.163224697113037","4.163224697113037","4.163224697113037"
"59300","4.249613285064697","4.249613285064697","4.249613285064697","4.0582380294799805","4.0582380294799805","4.0582380294799805"
"59400","4.265561103820801","4.265561103820801","4.265561103820801","3.6927263736724854","3.6927263736724854","3.6927263736724854"
"59500","3.9243195056915283","3.9243195056915283","3.9243195056915283","3.90263295173645","3.90263295173645","3.90263295173645"
"59600","4.267375469207764","4.267375469207764","4.267375469207764","3.752735137939453","3.752735137939453","3.752735137939453"
"59700","3.8620824813842773","3.8620824813842773","3.8620824813842773","4.043468475341797","4.043468475341797","4.043468475341797"
"59800","4.251206398010254","4.251206398010254","4.251206398010254","4.094257354736328","4.094257354736328","4.094257354736328"
"59900","4.019423961639404","4.019423961639404","4.019423961639404","4.0300822257995605","4.0300822257995605","4.0300822257995605"
"60000","4.187297821044922","4.187297821044922","4.187297821044922","4.260913372039795","4.260913372039795","4.260913372039795"
"60100","4.067437171936035","4.067437171936035","4.067437171936035","3.647451400756836","3.647451400756836","3.647451400756836"
"60200","4.290168285369873","4.290168285369873","4.290168285369873","4.26778507232666","4.26778507232666","4.26778507232666"
"60300","3.9960756301879883","3.9960756301879883","3.9960756301879883","4.184297561645508","4.184297561645508","4.184297561645508"
"60400","4.017281532287598","4.017281532287598","4.017281532287598","4.135103225708008","4.135103225708008","4.135103225708008"
"60500","4.058157920837402","4.058157920837402","4.058157920837402","3.909891128540039","3.909891128540039","3.909891128540039"
"60600","4.316744804382324","4.316744804382324","4.316744804382324","4.046141624450684","4.046141624450684","4.046141624450684"
"60700","4.228827953338623","4.228827953338623","4.228827953338623","4.164809226989746","4.164809226989746","4.164809226989746"
"60800","4.049517631530762","4.049517631530762","4.049517631530762","4.084680557250977","4.084680557250977","4.084680557250977"
"60900","4.288192272186279","4.288192272186279","4.288192272186279","3.9984374046325684","3.9984374046325684","3.9984374046325684"
"61000","3.866596221923828","3.866596221923828","3.866596221923828","4.04960823059082","4.04960823059082","4.04960823059082"
"61100","4.259684085845947","4.259684085845947","4.259684085845947","4.070979595184326","4.070979595184326","4.070979595184326"
"61200","4.296657562255859","4.296657562255859","4.296657562255859","4.160783290863037","4.160783290863037","4.160783290863037"
"61300","4.015093803405762","4.015093803405762","4.015093803405762","3.935312271118164","3.935312271118164","3.935312271118164"
"61400","4.283098220825195","4.283098220825195","4.283098220825195","4.169201850891113","4.169201850891113","4.169201850891113"
"61500","4.3231940269470215","4.3231940269470215","4.3231940269470215","4.223038196563721","4.223038196563721","4.223038196563721"
"61600","4.220795631408691","4.220795631408691","4.220795631408691","4.031927585601807","4.031927585601807","4.031927585601807"
"61700","4.325415134429932","4.325415134429932","4.325415134429932","3.9481935501098633","3.9481935501098633","3.9481935501098633"
"61800","4.26289701461792","4.26289701461792","4.26289701461792","3.947584390640259","3.947584390640259","3.947584390640259"
"61900","4.242324352264404","4.242324352264404","4.242324352264404","4.104362487792969","4.104362487792969","4.104362487792969"
"62000","4.162694931030273","4.162694931030273","4.162694931030273","4.084699630737305","4.084699630737305","4.084699630737305"
"62100","4.033548355102539","4.033548355102539","4.033548355102539","3.954561233520508","3.954561233520508","3.954561233520508"
"62200","4.237999439239502","4.237999439239502","4.237999439239502","3.9239256381988525","3.9239256381988525","3.9239256381988525"
"62300","4.289590835571289","4.289590835571289","4.289590835571289","4.142099380493164","4.142099380493164","4.142099380493164"
"62400","3.8680880069732666","3.8680880069732666","3.8680880069732666","4.045978546142578","4.045978546142578","4.045978546142578"
"62500","4.011612415313721","4.011612415313721","4.011612415313721","4.182041168212891","4.182041168212891","4.182041168212891"
"62600","4.241537094116211","4.241537094116211","4.241537094116211","3.907994031906128","3.907994031906128","3.907994031906128"
"62700","4.3028082847595215","4.3028082847595215","4.3028082847595215","4.023192405700684","4.023192405700684","4.023192405700684"
"62800","4.317689895629883","4.317689895629883","4.317689895629883","3.7921862602233887","3.7921862602233887","3.7921862602233887"
"62900","4.24169921875","4.24169921875","4.24169921875","4.054080009460449","4.054080009460449","4.054080009460449"
"63000","4.0155134201049805","4.0155134201049805","4.0155134201049805","4.0638227462768555","4.0638227462768555","4.0638227462768555"
"63100","4.322564601898193","4.322564601898193","4.322564601898193","4.029987335205078","4.029987335205078","4.029987335205078"
"63200","4.033679008483887","4.033679008483887","4.033679008483887","4.129204273223877","4.129204273223877","4.129204273223877"
"63300","4.249992847442627","4.249992847442627","4.249992847442627","3.830994129180908","3.830994129180908","3.830994129180908"
"63400","4.226142883300781","4.226142883300781","4.226142883300781","3.859091281890869","3.859091281890869","3.859091281890869"
"63500","4.0166826248168945","4.0166826248168945","4.0166826248168945","4.016617298126221","4.016617298126221","4.016617298126221"
"63600","3.965261220932007","3.965261220932007","3.965261220932007","4.1171345710754395","4.1171345710754395","4.1171345710754395"
"63700","4.2740583419799805","4.2740583419799805","4.2740583419799805","3.769059181213379","3.769059181213379","3.769059181213379"
"63800","4.209780216217041","4.209780216217041","4.209780216217041","4.119653701782227","4.119653701782227","4.119653701782227"
"63900","4.2729268074035645","4.2729268074035645","4.2729268074035645","4.194109916687012","4.194109916687012","4.194109916687012"
"64000","4.187623023986816","4.187623023986816","4.187623023986816","4.167057514190674","4.167057514190674","4.167057514190674"
"64100","4.228745937347412","4.228745937347412","4.228745937347412","4.086723327636719","4.086723327636719","4.086723327636719"
"64200","4.295528888702393","4.295528888702393","4.295528888702393","4.131531715393066","4.131531715393066","4.131531715393066"
"64300","4.248507022857666","4.248507022857666","4.248507022857666","4.210727214813232","4.210727214813232","4.210727214813232"
"64400","4.178107738494873","4.178107738494873","4.178107738494873","3.825995445251465","3.825995445251465","3.825995445251465"
"64500","4.327450275421143","4.327450275421143","4.327450275421143","4.203091621398926","4.203091621398926","4.203091621398926"
"64600","4.202093601226807","4.202093601226807","4.202093601226807","4.097264289855957","4.097264289855957","4.097264289855957"
"64700","4.304111003875732","4.304111003875732","4.304111003875732","4.05460786819458","4.05460786819458","4.05460786819458"
"64800","4.224492073059082","4.224492073059082","4.224492073059082","4.095898151397705","4.095898151397705","4.095898151397705"
"64900","4.00219202041626","4.00219202041626","4.00219202041626","4.134940147399902","4.134940147399902","4.134940147399902"
"65000","4.020009994506836","4.020009994506836","4.020009994506836","4.144381999969482","4.144381999969482","4.144381999969482"
"65100","4.2096848487854","4.2096848487854","4.2096848487854","4.176048278808594","4.176048278808594","4.176048278808594"
"65200","4.208970069885254","4.208970069885254","4.208970069885254","3.8086743354797363","3.8086743354797363","3.8086743354797363"
"65300","4.260267734527588","4.260267734527588","4.260267734527588","4.09126615524292","4.09126615524292","4.09126615524292"
"65400","4.252288341522217","4.252288341522217","4.252288341522217","4.184942245483398","4.184942245483398","4.184942245483398"
"65500","4.298025131225586","4.298025131225586","4.298025131225586","3.945911169052124","3.945911169052124","3.945911169052124"
"65600","3.8412294387817383","3.8412294387817383","3.8412294387817383","4.127786159515381","4.127786159515381","4.127786159515381"
"65700","4.136178970336914","4.136178970336914","4.136178970336914","3.9669525623321533","3.9669525623321533","3.9669525623321533"
"65800","4.19934606552124","4.19934606552124","4.19934606552124","3.9814159870147705","3.9814159870147705","3.9814159870147705"
"65900","4.221583843231201","4.221583843231201","4.221583843231201","4.1662187576293945","4.1662187576293945","4.1662187576293945"
"66000","4.2408366203308105","4.2408366203308105","4.2408366203308105","4.148378849029541","4.148378849029541","4.148378849029541"
"66100","4.250463962554932","4.250463962554932","4.250463962554932","3.9359259605407715","3.9359259605407715","3.9359259605407715"
"66200","4.272586345672607","4.272586345672607","4.272586345672607","4.0502190589904785","4.0502190589904785","4.0502190589904785"
"66300","4.229543685913086","4.229543685913086","4.229543685913086","4.125845432281494","4.125845432281494","4.125845432281494"
"66400","3.93142032623291","3.93142032623291","3.93142032623291","4.110414505004883","4.110414505004883","4.110414505004883"
"66500","4.240511417388916","4.240511417388916","4.240511417388916","4.207664966583252","4.207664966583252","4.207664966583252"
"66600","4.214993476867676","4.214993476867676","4.214993476867676","3.9899909496307373","3.9899909496307373","3.9899909496307373"
"66700","4.180305480957031","4.180305480957031","4.180305480957031","4.178486347198486","4.178486347198486","4.178486347198486"
"66800","3.936501979827881","3.936501979827881","3.936501979827881","3.933436393737793","3.933436393737793","3.933436393737793"
"66900","4.176918983459473","4.176918983459473","4.176918983459473","4.006228923797607","4.006228923797607","4.006228923797607"
"67000","4.0375142097473145","4.0375142097473145","4.0375142097473145","3.910125255584717","3.910125255584717","3.910125255584717"
"67100","4.254685878753662","4.254685878753662","4.254685878753662","3.7914133071899414","3.7914133071899414","3.7914133071899414"
"67200","4.40130090713501","4.40130090713501","4.40130090713501","4.041681289672852","4.041681289672852","4.041681289672852"
"67300","4.343507766723633","4.343507766723633","4.343507766723633","4.041356563568115","4.041356563568115","4.041356563568115"
"67400","4.20092248916626","4.20092248916626","4.20092248916626","4.092689037322998","4.092689037322998","4.092689037322998"
"67500","4.101535797119141","4.101535797119141","4.101535797119141","3.819125175476074","3.819125175476074","3.819125175476074"
"67600","4.036123275756836","4.036123275756836","4.036123275756836","3.989455461502075","3.989455461502075","3.989455461502075"
"67700","4.246349334716797","4.246349334716797","4.246349334716797","3.9007840156555176","3.9007840156555176","3.9007840156555176"
"67800","4.305023193359375","4.305023193359375","4.305023193359375","3.9961771965026855","3.9961771965026855","3.9961771965026855"
"67900","4.2308526039123535","4.2308526039123535","4.2308526039123535","4.153295993804932","4.153295993804932","4.153295993804932"
"68000","4.2780914306640625","4.2780914306640625","4.2780914306640625","4.008604049682617","4.008604049682617","4.008604049682617"
"68100","4.203022480010986","4.203022480010986","4.203022480010986","4.011908054351807","4.011908054351807","4.011908054351807"
"68200","4.288444995880127","4.288444995880127","4.288444995880127","4.095197677612305","4.095197677612305","4.095197677612305"
"68300","4.205904960632324","4.205904960632324","4.205904960632324","4.180840969085693","4.180840969085693","4.180840969085693"
"68400","3.884483575820923","3.884483575820923","3.884483575820923","4.171769618988037","4.171769618988037","4.171769618988037"
"68500","4.199474811553955","4.199474811553955","4.199474811553955","3.951234817504883","3.951234817504883","3.951234817504883"
"68600","4.304688453674316","4.304688453674316","4.304688453674316","4.068042278289795","4.068042278289795","4.068042278289795"
"68700","4.029820442199707","4.029820442199707","4.029820442199707","4.154294013977051","4.154294013977051","4.154294013977051"
"68800","4.246002674102783","4.246002674102783","4.246002674102783","4.128643035888672","4.128643035888672","4.128643035888672"
"68900","4.1003642082214355","4.1003642082214355","4.1003642082214355","4.143404006958008","4.143404006958008","4.143404006958008"
"69000","4.238489151000977","4.238489151000977","4.238489151000977","3.961934804916382","3.961934804916382","3.961934804916382"
"69100","3.7998392581939697","3.7998392581939697","3.7998392581939697","4.083339691162109","4.083339691162109","4.083339691162109"
"69200","4.226963043212891","4.226963043212891","4.226963043212891","4.07708215713501","4.07708215713501","4.07708215713501"
"69300","4.008464336395264","4.008464336395264","4.008464336395264","4.068297863006592","4.068297863006592","4.068297863006592"
"69400","4.240206241607666","4.240206241607666","4.240206241607666","3.9191160202026367","3.9191160202026367","3.9191160202026367"
"69500","4.191300392150879","4.191300392150879","4.191300392150879","3.9982151985168457","3.9982151985168457","3.9982151985168457"
"69600","4.322752952575684","4.322752952575684","4.322752952575684","4.104006767272949","4.104006767272949","4.104006767272949"
"69700","4.052943229675293","4.052943229675293","4.052943229675293","4.149250507354736","4.149250507354736","4.149250507354736"
"69800","4.273077011108398","4.273077011108398","4.273077011108398","4.095877647399902","4.095877647399902","4.095877647399902"
"69900","4.071161270141602","4.071161270141602","4.071161270141602","4.078441619873047","4.078441619873047","4.078441619873047"
"70000","4.296362400054932","4.296362400054932","4.296362400054932","4.121626377105713","4.121626377105713","4.121626377105713"
"70100","4.231627464294434","4.231627464294434","4.231627464294434","4.146451950073242","4.146451950073242","4.146451950073242"
"70200","4.32998514175415","4.32998514175415","4.32998514175415","4.008932590484619","4.008932590484619","4.008932590484619"
"70300","3.92111873626709","3.92111873626709","3.92111873626709","4.102581024169922","4.102581024169922","4.102581024169922"
"70400","4.280013561248779","4.280013561248779","4.280013561248779","3.880753517150879","3.880753517150879","3.880753517150879"
"70500","4.097761631011963","4.097761631011963","4.097761631011963","3.934696912765503","3.934696912765503","3.934696912765503"
"70600","4.270641326904297","4.270641326904297","4.270641326904297","4.106966018676758","4.106966018676758","4.106966018676758"
"70700","4.051671028137207","4.051671028137207","4.051671028137207","4.1746745109558105","4.1746745109558105","4.1746745109558105"
"70800","4.047178268432617","4.047178268432617","4.047178268432617","4.074070930480957","4.074070930480957","4.074070930480957"
"70900","4.0421552658081055","4.0421552658081055","4.0421552658081055","4.112941741943359","4.112941741943359","4.112941741943359"
"71000","3.782975196838379","3.782975196838379","3.782975196838379","3.888735771179199","3.888735771179199","3.888735771179199"
"71100","4.2833147048950195","4.2833147048950195","4.2833147048950195","3.754152774810791","3.754152774810791","3.754152774810791"
"71200","4.187352657318115","4.187352657318115","4.187352657318115","4.027530670166016","4.027530670166016","4.027530670166016"
"71300","4.288601875305176","4.288601875305176","4.288601875305176","3.886953115463257","3.886953115463257","3.886953115463257"
"71400","4.320709228515625","4.320709228515625","4.320709228515625","3.8898353576660156","3.8898353576660156","3.8898353576660156"
"71500","4.021679878234863","4.021679878234863","4.021679878234863","4.092944145202637","4.092944145202637","4.092944145202637"
"71600","3.785989999771118","3.785989999771118","3.785989999771118","4.157022476196289","4.157022476196289","4.157022476196289"
"71700","4.298398017883301","4.298398017883301","4.298398017883301","4.120670318603516","4.120670318603516","4.120670318603516"
"71800","4.257828712463379","4.257828712463379","4.257828712463379","4.064933776855469","4.064933776855469","4.064933776855469"
"71900","4.064034461975098","4.064034461975098","4.064034461975098","3.851147174835205","3.851147174835205","3.851147174835205"
"72000","4.2456440925598145","4.2456440925598145","4.2456440925598145","4.209396839141846","4.209396839141846","4.209396839141846"
"72100","4.266817092895508","4.266817092895508","4.266817092895508","3.9016528129577637","3.9016528129577637","3.9016528129577637"
"72200","4.296992301940918","4.296992301940918","4.296992301940918","4.022100925445557","4.022100925445557","4.022100925445557"
"72300","4.093099117279053","4.093099117279053","4.093099117279053","3.876784324645996","3.876784324645996","3.876784324645996"
"72400","4.187646865844727","4.187646865844727","4.187646865844727","4.059964179992676","4.059964179992676","4.059964179992676"
"72500","4.191084861755371","4.191084861755371","4.191084861755371","4.069108486175537","4.069108486175537","4.069108486175537"
"72600","4.174026012420654","4.174026012420654","4.174026012420654","3.9695751667022705","3.9695751667022705","3.9695751667022705"
"72700","4.203070163726807","4.203070163726807","4.203070163726807","4.083263397216797","4.083263397216797","4.083263397216797"
"72800","4.344992637634277","4.344992637634277","4.344992637634277","3.9859960079193115","3.9859960079193115","3.9859960079193115"
"72900","4.08554220199585","4.08554220199585","4.08554220199585","4.080898761749268","4.080898761749268","4.080898761749268"
"73000","4.287237644195557","4.287237644195557","4.287237644195557","4.1658406257629395","4.1658406257629395","4.1658406257629395"
"73100","3.952831983566284","3.952831983566284","3.952831983566284","4.10499382019043","4.10499382019043","4.10499382019043"
"73200","4.2606120109558105","4.2606120109558105","4.2606120109558105","4.0005106925964355","4.0005106925964355","4.0005106925964355"
"73300","3.9735333919525146","3.9735333919525146","3.9735333919525146","4.161575794219971","4.161575794219971","4.161575794219971"
"73400","4.1240997314453125","4.1240997314453125","4.1240997314453125","4.174006938934326","4.174006938934326","4.174006938934326"
"73500","4.23370361328125","4.23370361328125","4.23370361328125","4.031357765197754","4.031357765197754","4.031357765197754"
"73600","4.360515117645264","4.360515117645264","4.360515117645264","4.1537089347839355","4.1537089347839355","4.1537089347839355"
"73700","3.74428653717041","3.74428653717041","3.74428653717041","4.0037841796875","4.0037841796875","4.0037841796875"
"73800","4.074487686157227","4.074487686157227","4.074487686157227","3.857046365737915","3.857046365737915","3.857046365737915"
"73900","4.203304290771484","4.203304290771484","4.203304290771484","4.007416248321533","4.007416248321533","4.007416248321533"
"74000","4.256150245666504","4.256150245666504","4.256150245666504","3.7199463844299316","3.7199463844299316","3.7199463844299316"
"74100","4.218791484832764","4.218791484832764","4.218791484832764","3.9676566123962402","3.9676566123962402","3.9676566123962402"
"74200","4.187372207641602","4.187372207641602","4.187372207641602","3.9698054790496826","3.9698054790496826","3.9698054790496826"
"74300","4.104728698730469","4.104728698730469","4.104728698730469","3.872915029525757","3.872915029525757","3.872915029525757"
"74400","4.230337619781494","4.230337619781494","4.230337619781494","3.878565788269043","3.878565788269043","3.878565788269043"
"74500","4.04246187210083","4.04246187210083","4.04246187210083","3.9777321815490723","3.9777321815490723","3.9777321815490723"
"74600","4.273166656494141","4.273166656494141","4.273166656494141","4.03082799911499","4.03082799911499","4.03082799911499"
"74700","4.235961437225342","4.235961437225342","4.235961437225342","4.102421760559082","4.102421760559082","4.102421760559082"
"74800","3.990499258041382","3.990499258041382","3.990499258041382","3.918149948120117","3.918149948120117","3.918149948120117"
"74900","4.245394229888916","4.245394229888916","4.245394229888916","4.050116539001465","4.050116539001465","4.050116539001465"
"75000","4.19242000579834","4.19242000579834","4.19242000579834","4.086850643157959","4.086850643157959","4.086850643157959"
"75100","4.322373390197754","4.322373390197754","4.322373390197754","3.6914854049682617","3.6914854049682617","3.6914854049682617"
"75200","4.171508312225342","4.171508312225342","4.171508312225342","4.121789932250977","4.121789932250977","4.121789932250977"
"75300","4.078346252441406","4.078346252441406","4.078346252441406","4.039214134216309","4.039214134216309","4.039214134216309"
"75400","4.263421058654785","4.263421058654785","4.263421058654785","3.9425208568573","3.9425208568573","3.9425208568573"
"75500","4.24493408203125","4.24493408203125","4.24493408203125","4.197475433349609","4.197475433349609","4.197475433349609"
"75600","4.264143466949463","4.264143466949463","4.264143466949463","3.715405225753784","3.715405225753784","3.715405225753784"
"75700","4.131110191345215","4.131110191345215","4.131110191345215","3.8487696647644043","3.8487696647644043","3.8487696647644043"
"75800","4.2746453285217285","4.2746453285217285","4.2746453285217285","4.012588977813721","4.012588977813721","4.012588977813721"
"75900","4.2480926513671875","4.2480926513671875","4.2480926513671875","4.0108442306518555","4.0108442306518555","4.0108442306518555"
"76000","4.261270046234131","4.261270046234131","4.261270046234131","4.069843292236328","4.069843292236328","4.069843292236328"
"76100","3.9849753379821777","3.9849753379821777","3.9849753379821777","4.101135730743408","4.101135730743408","4.101135730743408"
"76200","4.331948757171631","4.331948757171631","4.331948757171631","4.183659076690674","4.183659076690674","4.183659076690674"
"76300","4.254044055938721","4.254044055938721","4.254044055938721","4.115787982940674","4.115787982940674","4.115787982940674"
"76400","4.256298542022705","4.256298542022705","4.256298542022705","4.100558280944824","4.100558280944824","4.100558280944824"
"76500","3.953834295272827","3.953834295272827","3.953834295272827","3.7026071548461914","3.7026071548461914","3.7026071548461914"
"76600","4.2318220138549805","4.2318220138549805","4.2318220138549805","4.149077415466309","4.149077415466309","4.149077415466309"
"76700","4.06800651550293","4.06800651550293","4.06800651550293","4.112461566925049","4.112461566925049","4.112461566925049"
"76800","4.279225826263428","4.279225826263428","4.279225826263428","4.134738922119141","4.134738922119141","4.134738922119141"
"76900","4.145712375640869","4.145712375640869","4.145712375640869","4.176550388336182","4.176550388336182","4.176550388336182"
"77000","4.27351713180542","4.27351713180542","4.27351713180542","3.982144594192505","3.982144594192505","3.982144594192505"
"77100","4.313059329986572","4.313059329986572","4.313059329986572","3.9537062644958496","3.9537062644958496","3.9537062644958496"
"77200","4.325692653656006","4.325692653656006","4.325692653656006","3.768751859664917","3.768751859664917","3.768751859664917"
"77300","4.210659503936768","4.210659503936768","4.210659503936768","3.986020803451538","3.986020803451538","3.986020803451538"
"77400","4.012394905090332","4.012394905090332","4.012394905090332","4.137299060821533","4.137299060821533","4.137299060821533"
"77500","4.273723602294922","4.273723602294922","4.273723602294922","4.073136329650879","4.073136329650879","4.073136329650879"
"77600","4.057113170623779","4.057113170623779","4.057113170623779","4.0437397956848145","4.0437397956848145","4.0437397956848145"
"77700","4.270184516906738","4.270184516906738","4.270184516906738","4.111776351928711","4.111776351928711","4.111776351928711"
"77800","4.2711710929870605","4.2711710929870605","4.2711710929870605","4.04105281829834","4.04105281829834","4.04105281829834"
"77900","4.292246341705322","4.292246341705322","4.292246341705322","4.0003228187561035","4.0003228187561035","4.0003228187561035"
"78000","4.171670913696289","4.171670913696289","4.171670913696289","4.09956693649292","4.09956693649292","4.09956693649292"
"78100","4.257040023803711","4.257040023803711","4.257040023803711","4.098398208618164","4.098398208618164","4.098398208618164"
"78200","4.1981401443481445","4.1981401443481445","4.1981401443481445","4.131803512573242","4.131803512573242","4.131803512573242"
"78300","3.966020107269287","3.966020107269287","3.966020107269287","3.9561777114868164","3.9561777114868164","3.9561777114868164"
"78400","4.182013511657715","4.182013511657715","4.182013511657715","4.02671480178833","4.02671480178833","4.02671480178833"
"78500","4.287071704864502","4.287071704864502","4.287071704864502","4.037498474121094","4.037498474121094","4.037498474121094"
"78600","4.183908939361572","4.183908939361572","4.183908939361572","3.8982954025268555","3.8982954025268555","3.8982954025268555"
"78700","4.251488208770752","4.251488208770752","4.251488208770752","4.082128524780273","4.082128524780273","4.082128524780273"
"78800","4.208774566650391","4.208774566650391","4.208774566650391","4.034634113311768","4.034634113311768","4.034634113311768"
"78900","4.197025299072266","4.197025299072266","4.197025299072266","4.053066253662109","4.053066253662109","4.053066253662109"
"79000","4.227412223815918","4.227412223815918","4.227412223815918","4.074938774108887","4.074938774108887","4.074938774108887"
"79100","4.235812187194824","4.235812187194824","4.235812187194824","4.108417510986328","4.108417510986328","4.108417510986328"
"79200","4.259787082672119","4.259787082672119","4.259787082672119","3.966771125793457","3.966771125793457","3.966771125793457"
"79300","3.970221996307373","3.970221996307373","3.970221996307373","4.020988464355469","4.020988464355469","4.020988464355469"
"79400","4.193033695220947","4.193033695220947","4.193033695220947","4.094956874847412","4.094956874847412","4.094956874847412"
"79500","3.9118525981903076","3.9118525981903076","3.9118525981903076","4.173565864562988","4.173565864562988","4.173565864562988"
"79600","4.215163707733154","4.215163707733154","4.215163707733154","4.059018611907959","4.059018611907959","4.059018611907959"
"79700","3.842848300933838","3.842848300933838","3.842848300933838","4.085484504699707","4.085484504699707","4.085484504699707"
"79800","4.2470574378967285","4.2470574378967285","4.2470574378967285","4.078503131866455","4.078503131866455","4.078503131866455"
"79900","4.322145938873291","4.322145938873291","4.322145938873291","4.111989974975586","4.111989974975586","4.111989974975586"
"80000","4.29130220413208","4.29130220413208","4.29130220413208","4.213242053985596","4.213242053985596","4.213242053985596"
"80100","4.367729663848877","4.367729663848877","4.367729663848877","3.9840078353881836","3.9840078353881836","3.9840078353881836"
"80200","3.8146839141845703","3.8146839141845703","3.8146839141845703","4.0456390380859375","4.0456390380859375","4.0456390380859375"
"80300","4.008111953735352","4.008111953735352","4.008111953735352","4.088214874267578","4.088214874267578","4.088214874267578"
"80400","4.305789947509766","4.305789947509766","4.305789947509766","3.995260238647461","3.995260238647461","3.995260238647461"
"80500","4.208515644073486","4.208515644073486","4.208515644073486","3.9716498851776123","3.9716498851776123","3.9716498851776123"
"80600","3.862291097640991","3.862291097640991","3.862291097640991","4.021205902099609","4.021205902099609","4.021205902099609"
"80700","4.291625022888184","4.291625022888184","4.291625022888184","4.121603965759277","4.121603965759277","4.121603965759277"
"80800","4.04742431640625","4.04742431640625","4.04742431640625","4.009517192840576","4.009517192840576","4.009517192840576"
"80900","4.250536918640137","4.250536918640137","4.250536918640137","4.072831153869629","4.072831153869629","4.072831153869629"
"81000","4.221404552459717","4.221404552459717","4.221404552459717","4.0427117347717285","4.0427117347717285","4.0427117347717285"
"81100","4.243020534515381","4.243020534515381","4.243020534515381","3.9274096488952637","3.9274096488952637","3.9274096488952637"
"81200","4.308129787445068","4.308129787445068","4.308129787445068","4.07827615737915","4.07827615737915","4.07827615737915"
"81300","3.9993152618408203","3.9993152618408203","3.9993152618408203","3.9718551635742188","3.9718551635742188","3.9718551635742188"
"81400","4.182264804840088","4.182264804840088","4.182264804840088","4.082958221435547","4.082958221435547","4.082958221435547"
"81500","4.079827785491943","4.079827785491943","4.079827785491943","3.8598289489746094","3.8598289489746094","3.8598289489746094"
"81600","4.301079750061035","4.301079750061035","4.301079750061035","4.130348205566406","4.130348205566406","4.130348205566406"
"81700","4.167984962463379","4.167984962463379","4.167984962463379","3.978604793548584","3.978604793548584","3.978604793548584"
"81800","4.216341495513916","4.216341495513916","4.216341495513916","3.96034836769104","3.96034836769104","3.96034836769104"
"81900","3.966306447982788","3.966306447982788","3.966306447982788","4.062821388244629","4.062821388244629","4.062821388244629"
"82000","4.3067545890808105","4.3067545890808105","4.3067545890808105","4.066877365112305","4.066877365112305","4.066877365112305"
"82100","4.064383506774902","4.064383506774902","4.064383506774902","4.052333831787109","4.052333831787109","4.052333831787109"
"82200","4.046137809753418","4.046137809753418","4.046137809753418","3.988111734390259","3.988111734390259","3.988111734390259"
"82300","4.253512859344482","4.253512859344482","4.253512859344482","4.051542282104492","4.051542282104492","4.051542282104492"
"82400","4.082709789276123","4.082709789276123","4.082709789276123","4.048938751220703","4.048938751220703","4.048938751220703"
"82500","4.2517266273498535","4.2517266273498535","4.2517266273498535","3.8708744049072266","3.8708744049072266","3.8708744049072266"
"82600","3.9955625534057617","3.9955625534057617","3.9955625534057617","4.027512073516846","4.027512073516846","4.027512073516846"
"82700","4.222792148590088","4.222792148590088","4.222792148590088","4.001440525054932","4.001440525054932","4.001440525054932"
"82800","4.316306114196777","4.316306114196777","4.316306114196777","4.061700344085693","4.061700344085693","4.061700344085693"
"82900","4.116978168487549","4.116978168487549","4.116978168487549","4.008327960968018","4.008327960968018","4.008327960968018"
"83000","4.180960655212402","4.180960655212402","4.180960655212402","3.995285749435425","3.995285749435425","3.995285749435425"
"83100","4.059476375579834","4.059476375579834","4.059476375579834","4.016620635986328","4.016620635986328","4.016620635986328"
"83200","3.9453978538513184","3.9453978538513184","3.9453978538513184","3.7697227001190186","3.7697227001190186","3.7697227001190186"
"83300","4.18177604675293","4.18177604675293","4.18177604675293","4.036386013031006","4.036386013031006","4.036386013031006"
"83400","4.24365234375","4.24365234375","4.24365234375","4.060946941375732","4.060946941375732","4.060946941375732"
"83500","4.291562080383301","4.291562080383301","4.291562080383301","3.9753336906433105","3.9753336906433105","3.9753336906433105"
"83600","4.233569622039795","4.233569622039795","4.233569622039795","4.06703519821167","4.06703519821167","4.06703519821167"
"83700","3.993726968765259","3.993726968765259","3.993726968765259","3.858471632003784","3.858471632003784","3.858471632003784"
"83800","4.285462379455566","4.285462379455566","4.285462379455566","3.8756937980651855","3.8756937980651855","3.8756937980651855"
"83900","4.30592679977417","4.30592679977417","4.30592679977417","4.10526704788208","4.10526704788208","4.10526704788208"
"84000","4.19394063949585","4.19394063949585","4.19394063949585","4.021661281585693","4.021661281585693","4.021661281585693"
"84100","3.9808945655822754","3.9808945655822754","3.9808945655822754","4.106570720672607","4.106570720672607","4.106570720672607"
"84200","4.166316986083984","4.166316986083984","4.166316986083984","3.83207106590271","3.83207106590271","3.83207106590271"
"84300","4.263805866241455","4.263805866241455","4.263805866241455","4.044090270996094","4.044090270996094","4.044090270996094"
"84400","4.126478672027588","4.126478672027588","4.126478672027588","4.062212944030762","4.062212944030762","4.062212944030762"
"84500","3.992705821990967","3.992705821990967","3.992705821990967","4.038340091705322","4.038340091705322","4.038340091705322"
"84600","4.199991226196289","4.199991226196289","4.199991226196289","4.1924238204956055","4.1924238204956055","4.1924238204956055"
"84700","4.201256275177002","4.201256275177002","4.201256275177002","4.063155174255371","4.063155174255371","4.063155174255371"
"84800","4.045741558074951","4.045741558074951","4.045741558074951","4.131969451904297","4.131969451904297","4.131969451904297"
"84900","4.206823825836182","4.206823825836182","4.206823825836182","4.013853549957275","4.013853549957275","4.013853549957275"
"85000","4.239673137664795","4.239673137664795","4.239673137664795","4.009814739227295","4.009814739227295","4.009814739227295"
"85100","4.223896026611328","4.223896026611328","4.223896026611328","4.0862932205200195","4.0862932205200195","4.0862932205200195"
"85200","3.8665225505828857","3.8665225505828857","3.8665225505828857","4.065703868865967","4.065703868865967","4.065703868865967"
"85300","4.099898338317871","4.099898338317871","4.099898338317871","4.205114841461182","4.205114841461182","4.205114841461182"
"85400","4.1708574295043945","4.1708574295043945","4.1708574295043945","4.170348644256592","4.170348644256592","4.170348644256592"
"85500","4.059213638305664","4.059213638305664","4.059213638305664","3.9073734283447266","3.9073734283447266","3.9073734283447266"
"85600","4.069425582885742","4.069425582885742","4.069425582885742","3.8290367126464844","3.8290367126464844","3.8290367126464844"
"85700","3.978747606277466","3.978747606277466","3.978747606277466","4.123042106628418","4.123042106628418","4.123042106628418"
"85800","4.21766471862793","4.21766471862793","4.21766471862793","3.9775352478027344","3.9775352478027344","3.9775352478027344"
"85900","4.2447967529296875","4.2447967529296875","4.2447967529296875","4.0353803634643555","4.0353803634643555","4.0353803634643555"
"86000","4.197756767272949","4.197756767272949","4.197756767272949","4.007296085357666","4.007296085357666","4.007296085357666"
"86100","4.26389741897583","4.26389741897583","4.26389741897583","3.8218438625335693","3.8218438625335693","3.8218438625335693"
"86200","4.226282119750977","4.226282119750977","4.226282119750977","4.157266616821289","4.157266616821289","4.157266616821289"
"86300","4.321560382843018","4.321560382843018","4.321560382843018","4.081956386566162","4.081956386566162","4.081956386566162"
"86400","4.216750621795654","4.216750621795654","4.216750621795654","4.009420871734619","4.009420871734619","4.009420871734619"
"86500","4.212437152862549","4.212437152862549","4.212437152862549","4.062698841094971","4.062698841094971","4.062698841094971"
"86600","4.016829490661621","4.016829490661621","4.016829490661621","3.9856085777282715","3.9856085777282715","3.9856085777282715"
"86700","4.263103008270264","4.263103008270264","4.263103008270264","4.1094207763671875","4.1094207763671875","4.1094207763671875"
"86800","4.028097629547119","4.028097629547119","4.028097629547119","4.0157060623168945","4.0157060623168945","4.0157060623168945"
"86900","4.206576347351074","4.206576347351074","4.206576347351074","3.9210281372070312","3.9210281372070312","3.9210281372070312"
"87000","4.128848075866699","4.128848075866699","4.128848075866699","4.182643890380859","4.182643890380859","4.182643890380859"
"87100","4.230080604553223","4.230080604553223","4.230080604553223","3.9533724784851074","3.9533724784851074","3.9533724784851074"
"87200","4.270409107208252","4.270409107208252","4.270409107208252","4.238370895385742","4.238370895385742","4.238370895385742"
"87300","3.9238691329956055","3.9238691329956055","3.9238691329956055","4.037920951843262","4.037920951843262","4.037920951843262"
"87400","4.1307053565979","4.1307053565979","4.1307053565979","3.978085994720459","3.978085994720459","3.978085994720459"
"87500","4.1529622077941895","4.1529622077941895","4.1529622077941895","3.9060702323913574","3.9060702323913574","3.9060702323913574"
"87600","4.267606258392334","4.267606258392334","4.267606258392334","3.9928054809570312","3.9928054809570312","3.9928054809570312"
"87700","4.2605719566345215","4.2605719566345215","4.2605719566345215","4.006403923034668","4.006403923034668","4.006403923034668"
"87800","3.8521437644958496","3.8521437644958496","3.8521437644958496","4.081750392913818","4.081750392913818","4.081750392913818"
"87900","4.185769557952881","4.185769557952881","4.185769557952881","3.921588897705078","3.921588897705078","3.921588897705078"
"88000","4.26264762878418","4.26264762878418","4.26264762878418","3.82161545753479","3.82161545753479","3.82161545753479"
"88100","4.229140281677246","4.229140281677246","4.229140281677246","4.223657131195068","4.223657131195068","4.223657131195068"
"88200","3.9744749069213867","3.9744749069213867","3.9744749069213867","4.018316268920898","4.018316268920898","4.018316268920898"
"88300","4.225709438323975","4.225709438323975","4.225709438323975","4.040083885192871","4.040083885192871","4.040083885192871"
"88400","4.28057336807251","4.28057336807251","4.28057336807251","4.0493693351745605","4.0493693351745605","4.0493693351745605"
"88500","4.234451770782471","4.234451770782471","4.234451770782471","3.8349010944366455","3.8349010944366455","3.8349010944366455"
"88600","3.9466452598571777","3.9466452598571777","3.9466452598571777","3.9236507415771484","3.9236507415771484","3.9236507415771484"
"88700","4.001497268676758","4.001497268676758","4.001497268676758","3.795438051223755","3.795438051223755","3.795438051223755"
"88800","4.229306221008301","4.229306221008301","4.229306221008301","3.946845054626465","3.946845054626465","3.946845054626465"
"88900","4.26763391494751","4.26763391494751","4.26763391494751","4.0527191162109375","4.0527191162109375","4.0527191162109375"
"89000","3.9484946727752686","3.9484946727752686","3.9484946727752686","4.046340465545654","4.046340465545654","4.046340465545654"
"89100","4.037810325622559","4.037810325622559","4.037810325622559","4.061592102050781","4.061592102050781","4.061592102050781"
"89200","4.106471538543701","4.106471538543701","4.106471538543701","3.9814510345458984","3.9814510345458984","3.9814510345458984"
"89300","4.320859909057617","4.320859909057617","4.320859909057617","4.036813735961914","4.036813735961914","4.036813735961914"
"89400","4.291476249694824","4.291476249694824","4.291476249694824","3.967832565307617","3.967832565307617","3.967832565307617"
"89500","4.200106620788574","4.200106620788574","4.200106620788574","4.198782444000244","4.198782444000244","4.198782444000244"
"89600","3.96396803855896","3.96396803855896","3.96396803855896","4.0375189781188965","4.0375189781188965","4.0375189781188965"
"89700","4.128875732421875","4.128875732421875","4.128875732421875","4.086578369140625","4.086578369140625","4.086578369140625"
"89800","4.244842052459717","4.244842052459717","4.244842052459717","4.018658638000488","4.018658638000488","4.018658638000488"
"89900","4.023746013641357","4.023746013641357","4.023746013641357","4.0700788497924805","4.0700788497924805","4.0700788497924805"
"90000","4.232633590698242","4.232633590698242","4.232633590698242","4.052458763122559","4.052458763122559","4.052458763122559"
"90100","3.7220687866210938","3.7220687866210938","3.7220687866210938","4.0197649002075195","4.0197649002075195","4.0197649002075195"
"90200","4.266884803771973","4.266884803771973","4.266884803771973","4.211359977722168","4.211359977722168","4.211359977722168"
"90300","4.1763834953308105","4.1763834953308105","4.1763834953308105","3.934877395629883","3.934877395629883","3.934877395629883"
"90400","4.216111660003662","4.216111660003662","4.216111660003662","3.8233234882354736","3.8233234882354736","3.8233234882354736"
"90500","4.314763069152832","4.314763069152832","4.314763069152832","3.9482474327087402","3.9482474327087402","3.9482474327087402"
"90600","4.110570430755615","4.110570430755615","4.110570430755615","4.066224098205566","4.066224098205566","4.066224098205566"
"90700","4.057287693023682","4.057287693023682","4.057287693023682","4.072423458099365","4.072423458099365","4.072423458099365"
"90800","4.216073513031006","4.216073513031006","4.216073513031006","3.8894903659820557","3.8894903659820557","3.8894903659820557"
"90900","4.062510013580322","4.062510013580322","4.062510013580322","4.051386833190918","4.051386833190918","4.051386833190918"
"91000","4.24892520904541","4.24892520904541","4.24892520904541","4.170314788818359","4.170314788818359","4.170314788818359"
"91100","4.250540733337402","4.250540733337402","4.250540733337402","4.05435037612915","4.05435037612915","4.05435037612915"
"91200","4.23005485534668","4.23005485534668","4.23005485534668","3.879213333129883","3.879213333129883","3.879213333129883"
"91300","4.227376937866211","4.227376937866211","4.227376937866211","3.780796527862549","3.780796527862549","3.780796527862549"
"91400","4.23591947555542","4.23591947555542","4.23591947555542","3.8214974403381348","3.8214974403381348","3.8214974403381348"
"91500","4.342621803283691","4.342621803283691","4.342621803283691","3.9529905319213867","3.9529905319213867","3.9529905319213867"
"91600","4.293904781341553","4.293904781341553","4.293904781341553","4.06717586517334","4.06717586517334","4.06717586517334"
"91700","4.163565635681152","4.163565635681152","4.163565635681152","3.906623601913452","3.906623601913452","3.906623601913452"
"91800","3.9351000785827637","3.9351000785827637","3.9351000785827637","4.135881423950195","4.135881423950195","4.135881423950195"
"91900","4.073024749755859","4.073024749755859","4.073024749755859","4.035605430603027","4.035605430603027","4.035605430603027"
"92000","3.940448522567749","3.940448522567749","3.940448522567749","4.089736461639404","4.089736461639404","4.089736461639404"
"92100","4.115894794464111","4.115894794464111","4.115894794464111","3.8507585525512695","3.8507585525512695","3.8507585525512695"
"92200","4.136136054992676","4.136136054992676","4.136136054992676","4.005478382110596","4.005478382110596","4.005478382110596"
"92300","4.23610782623291","4.23610782623291","4.23610782623291","4.182136058807373","4.182136058807373","4.182136058807373"
"92400","4.204369068145752","4.204369068145752","4.204369068145752","3.830698013305664","3.830698013305664","3.830698013305664"
"92500","4.310576438903809","4.310576438903809","4.310576438903809","4.140913963317871","4.140913963317871","4.140913963317871"
"92600","4.161548137664795","4.161548137664795","4.161548137664795","4.066955089569092","4.066955089569092","4.066955089569092"
"92700","4.228788375854492","4.228788375854492","4.228788375854492","4.006316184997559","4.006316184997559","4.006316184997559"
"92800","4.192546844482422","4.192546844482422","4.192546844482422","4.121572494506836","4.121572494506836","4.121572494506836"
"92900","4.232967376708984","4.232967376708984","4.232967376708984","4.194404602050781","4.194404602050781","4.194404602050781"
"93000","4.02075719833374","4.02075719833374","4.02075719833374","3.8601760864257812","3.8601760864257812","3.8601760864257812"
"93100","4.092079162597656","4.092079162597656","4.092079162597656","3.752703905105591","3.752703905105591","3.752703905105591"
"93200","4.189219951629639","4.189219951629639","4.189219951629639","4.109192848205566","4.109192848205566","4.109192848205566"
"93300","4.177582263946533","4.177582263946533","4.177582263946533","3.724114418029785","3.724114418029785","3.724114418029785"
"93400","4.118730545043945","4.118730545043945","4.118730545043945","4.0373945236206055","4.0373945236206055","4.0373945236206055"
"93500","3.688591241836548","3.688591241836548","3.688591241836548","4.113371849060059","4.113371849060059","4.113371849060059"
"93600","4.20599365234375","4.20599365234375","4.20599365234375","3.84458589553833","3.84458589553833","3.84458589553833"
"93700","4.234513759613037","4.234513759613037","4.234513759613037","4.1022562980651855","4.1022562980651855","4.1022562980651855"
"93800","4.275295257568359","4.275295257568359","4.275295257568359","4.00014066696167","4.00014066696167","4.00014066696167"
"93900","4.235384464263916","4.235384464263916","4.235384464263916","4.040274143218994","4.040274143218994","4.040274143218994"
"94000","4.186033725738525","4.186033725738525","4.186033725738525","3.761589288711548","3.761589288711548","3.761589288711548"
"94100","4.225436210632324","4.225436210632324","4.225436210632324","4.087115287780762","4.087115287780762","4.087115287780762"
"94200","4.09943962097168","4.09943962097168","4.09943962097168","4.0963006019592285","4.0963006019592285","4.0963006019592285"
"94300","4.228747367858887","4.228747367858887","4.228747367858887","4.115192890167236","4.115192890167236","4.115192890167236"
"94400","4.157404899597168","4.157404899597168","4.157404899597168","4.027685165405273","4.027685165405273","4.027685165405273"
"94500","4.221647262573242","4.221647262573242","4.221647262573242","3.8858847618103027","3.8858847618103027","3.8858847618103027"
"94600","4.230826377868652","4.230826377868652","4.230826377868652","3.7990565299987793","3.7990565299987793","3.7990565299987793"
"94700","4.23010778427124","4.23010778427124","4.23010778427124","3.7806787490844727","3.7806787490844727","3.7806787490844727"
"94800","4.047280311584473","4.047280311584473","4.047280311584473","3.7733006477355957","3.7733006477355957","3.7733006477355957"
"94900","3.985729694366455","3.985729694366455","3.985729694366455","3.965235710144043","3.965235710144043","3.965235710144043"
"95000","3.9797894954681396","3.9797894954681396","3.9797894954681396","3.8665103912353516","3.8665103912353516","3.8665103912353516"
"95100","4.1908860206604","4.1908860206604","4.1908860206604","4.020770072937012","4.020770072937012","4.020770072937012"
"95200","4.142834663391113","4.142834663391113","4.142834663391113","3.998530387878418","3.998530387878418","3.998530387878418"
"95300","4.034127712249756","4.034127712249756","4.034127712249756","3.6643495559692383","3.6643495559692383","3.6643495559692383"
"95400","4.169741630554199","4.169741630554199","4.169741630554199","3.9499876499176025","3.9499876499176025","3.9499876499176025"
"95500","4.139483451843262","4.139483451843262","4.139483451843262","4.0708417892456055","4.0708417892456055","4.0708417892456055"
"95600","4.068937301635742","4.068937301635742","4.068937301635742","3.763007879257202","3.763007879257202","3.763007879257202"
"95700","3.939073085784912","3.939073085784912","3.939073085784912","4.152166843414307","4.152166843414307","4.152166843414307"
"95800","4.207766532897949","4.207766532897949","4.207766532897949","4.0477752685546875","4.0477752685546875","4.0477752685546875"
"95900","3.9990458488464355","3.9990458488464355","3.9990458488464355","3.9081571102142334","3.9081571102142334","3.9081571102142334"
"96000","4.264303684234619","4.264303684234619","4.264303684234619","4.131897926330566","4.131897926330566","4.131897926330566"
"96100","4.215678691864014","4.215678691864014","4.215678691864014","4.050362586975098","4.050362586975098","4.050362586975098"
"96200","4.210209369659424","4.210209369659424","4.210209369659424","4.003742218017578","4.003742218017578","4.003742218017578"
"96300","4.175713539123535","4.175713539123535","4.175713539123535","4.12738037109375","4.12738037109375","4.12738037109375"
"96400","3.9984171390533447","3.9984171390533447","3.9984171390533447","3.7507317066192627","3.7507317066192627","3.7507317066192627"
"96500","4.177119255065918","4.177119255065918","4.177119255065918","4.0616912841796875","4.0616912841796875","4.0616912841796875"
"96600","4.16691255569458","4.16691255569458","4.16691255569458","4.03188943862915","4.03188943862915","4.03188943862915"
"96700","4.233266830444336","4.233266830444336","4.233266830444336","4.034481525421143","4.034481525421143","4.034481525421143"
"96800","3.9809749126434326","3.9809749126434326","3.9809749126434326","3.9024670124053955","3.9024670124053955","3.9024670124053955"
"96900","3.969958543777466","3.969958543777466","3.969958543777466","3.6721158027648926","3.6721158027648926","3.6721158027648926"
"97000","4.169280529022217","4.169280529022217","4.169280529022217","4.044735908508301","4.044735908508301","4.044735908508301"
"97100","4.081925392150879","4.081925392150879","4.081925392150879","3.9663825035095215","3.9663825035095215","3.9663825035095215"
"97200","4.213520526885986","4.213520526885986","4.213520526885986","3.9703874588012695","3.9703874588012695","3.9703874588012695"
"97300","4.262821197509766","4.262821197509766","4.262821197509766","3.960552215576172","3.960552215576172","3.960552215576172"
"97400","4.254856586456299","4.254856586456299","4.254856586456299","3.8974153995513916","3.8974153995513916","3.8974153995513916"
"97500","4.201521873474121","4.201521873474121","4.201521873474121","4.109925270080566","4.109925270080566","4.109925270080566"
"97600","4.137609004974365","4.137609004974365","4.137609004974365","4.079032897949219","4.079032897949219","4.079032897949219"
"97700","4.221343040466309","4.221343040466309","4.221343040466309","4.0037713050842285","4.0037713050842285","4.0037713050842285"
"97800","4.231629371643066","4.231629371643066","4.231629371643066","4.083146095275879","4.083146095275879","4.083146095275879"
"97900","4.299552917480469","4.299552917480469","4.299552917480469","3.8585855960845947","3.8585855960845947","3.8585855960845947"
"98000","4.016618251800537","4.016618251800537","4.016618251800537","4.116643905639648","4.116643905639648","4.116643905639648"
"98100","4.232473373413086","4.232473373413086","4.232473373413086","4.169101238250732","4.169101238250732","4.169101238250732"
"98200","3.7847073078155518","3.7847073078155518","3.7847073078155518","3.995131015777588","3.995131015777588","3.995131015777588"
"98300","4.006502151489258","4.006502151489258","4.006502151489258","3.776681423187256","3.776681423187256","3.776681423187256"
"98400","4.185666561126709","4.185666561126709","4.185666561126709","4.129354953765869","4.129354953765869","4.129354953765869"
"98500","3.9974334239959717","3.9974334239959717","3.9974334239959717","3.9762368202209473","3.9762368202209473","3.9762368202209473"
"98600","4.182453155517578","4.182453155517578","4.182453155517578","3.9093499183654785","3.9093499183654785","3.9093499183654785"
"98700","4.221310615539551","4.221310615539551","4.221310615539551","3.457880973815918","3.457880973815918","3.457880973815918"
"98800","3.9919896125793457","3.9919896125793457","3.9919896125793457","4.112189769744873","4.112189769744873","4.112189769744873"
"98900","4.2874226570129395","4.2874226570129395","4.2874226570129395","4.107301712036133","4.107301712036133","4.107301712036133"
"99000","4.2669525146484375","4.2669525146484375","4.2669525146484375","3.8687987327575684","3.8687987327575684","3.8687987327575684"
"99100","4.2164506912231445","4.2164506912231445","4.2164506912231445","4.006643772125244","4.006643772125244","4.006643772125244"
"99200","4.0132646560668945","4.0132646560668945","4.0132646560668945","4.082602024078369","4.082602024078369","4.082602024078369"
"99300","4.1894145011901855","4.1894145011901855","4.1894145011901855","4.053501129150391","4.053501129150391","4.053501129150391"
"99400","4.268946170806885","4.268946170806885","4.268946170806885","4.075892448425293","4.075892448425293","4.075892448425293"
"99500","3.9519402980804443","3.9519402980804443","3.9519402980804443","4.081790924072266","4.081790924072266","4.081790924072266"
"99600","3.9782063961029053","3.9782063961029053","3.9782063961029053","4.0030670166015625","4.0030670166015625","4.0030670166015625"
"99700","3.7803549766540527","3.7803549766540527","3.7803549766540527","3.81589412689209","3.81589412689209","3.81589412689209"
"99800","4.228070259094238","4.228070259094238","4.228070259094238","4.0374555587768555","4.0374555587768555","4.0374555587768555"
"99900","4.214239597320557","4.214239597320557","4.214239597320557","4.111954212188721","4.111954212188721","4.111954212188721"
"100000","4.218576431274414","4.218576431274414","4.218576431274414","4.132364273071289","4.132364273071289","4.132364273071289"