"Step","tpt - loss","tpt - loss__MIN","tpt - loss__MAX","fl - loss","fl - loss__MIN","fl - loss__MAX","vn - loss","vn - loss__MIN","vn - loss__MAX"
"100","9.733708381652832","9.733708381652832","9.733708381652832","7.0460333824157715","7.0460333824157715","7.0460333824157715","9.678394317626953","9.678394317626953","9.678394317626953"
"200","8.591842651367188","8.591842651367188","8.591842651367188","6.871879577636719","6.871879577636719","6.871879577636719","9.569371223449707","9.569371223449707","9.569371223449707"
"300","8.428857803344727","8.428857803344727","8.428857803344727","6.481595039367676","6.481595039367676","6.481595039367676","8.939207077026367","8.939207077026367","8.939207077026367"
"400","7.167297840118408","7.167297840118408","7.167297840118408","6.508391857147217","6.508391857147217","6.508391857147217","8.814181327819824","8.814181327819824","8.814181327819824"
"500","6.96721076965332","6.96721076965332","6.96721076965332","6.791504859924316","6.791504859924316","6.791504859924316","8.688409805297852","8.688409805297852","8.688409805297852"
"600","6.685654163360596","6.685654163360596","6.685654163360596","6.25758171081543","6.25758171081543","6.25758171081543","8.758901596069336","8.758901596069336","8.758901596069336"
"700","6.572411060333252","6.572411060333252","6.572411060333252","6.477484226226807","6.477484226226807","6.477484226226807","7.346933364868164","7.346933364868164","7.346933364868164"
"800","6.897254467010498","6.897254467010498","6.897254467010498","6.006532669067383","6.006532669067383","6.006532669067383","7.394232749938965","7.394232749938965","7.394232749938965"
"900","6.527472496032715","6.527472496032715","6.527472496032715","5.9269514083862305","5.9269514083862305","5.9269514083862305","7.208766937255859","7.208766937255859","7.208766937255859"
"1000","6.062948226928711","6.062948226928711","6.062948226928711","5.912806510925293","5.912806510925293","5.912806510925293","6.624493598937988","6.624493598937988","6.624493598937988"
"1100","6.109416961669922","6.109416961669922","6.109416961669922","5.996315002441406","5.996315002441406","5.996315002441406","6.529472351074219","6.529472351074219","6.529472351074219"
"1200","6.208883285522461","6.208883285522461","6.208883285522461","5.928634166717529","5.928634166717529","5.928634166717529","6.446599006652832","6.446599006652832","6.446599006652832"
"1300","5.793056488037109","5.793056488037109","5.793056488037109","5.886514663696289","5.886514663696289","5.886514663696289","6.2380757331848145","6.2380757331848145","6.2380757331848145"
"1400","6.248551368713379","6.248551368713379","6.248551368713379","5.789243698120117","5.789243698120117","5.789243698120117","5.9845991134643555","5.9845991134643555","5.9845991134643555"
"1500","6.155211448669434","6.155211448669434","6.155211448669434","5.556149482727051","5.556149482727051","5.556149482727051","6.113463401794434","6.113463401794434","6.113463401794434"
"1600","5.960073471069336","5.960073471069336","5.960073471069336","5.51280403137207","5.51280403137207","5.51280403137207","6.173727512359619","6.173727512359619","6.173727512359619"
"1700","5.586424827575684","5.586424827575684","5.586424827575684","5.492891311645508","5.492891311645508","5.492891311645508","5.991753101348877","5.991753101348877","5.991753101348877"
"1800","6.008150100708008","6.008150100708008","6.008150100708008","5.315127849578857","5.315127849578857","5.315127849578857","5.971519470214844","5.971519470214844","5.971519470214844"
"1900","5.676831245422363","5.676831245422363","5.676831245422363","5.352922439575195","5.352922439575195","5.352922439575195","6.166090965270996","6.166090965270996","6.166090965270996"
"2000","5.918468952178955","5.918468952178955","5.918468952178955","5.6531596183776855","5.6531596183776855","5.6531596183776855","5.927436351776123","5.927436351776123","5.927436351776123"
"2100","5.693924903869629","5.693924903869629","5.693924903869629","5.545413017272949","5.545413017272949","5.545413017272949","5.913268566131592","5.913268566131592","5.913268566131592"
"2200","5.713870525360107","5.713870525360107","5.713870525360107","5.362251281738281","5.362251281738281","5.362251281738281","5.897035598754883","5.897035598754883","5.897035598754883"
"2300","5.47976541519165","5.47976541519165","5.47976541519165","5.577170372009277","5.577170372009277","5.577170372009277","5.625356197357178","5.625356197357178","5.625356197357178"
"2400","5.670444488525391","5.670444488525391","5.670444488525391","5.034620761871338","5.034620761871338","5.034620761871338","5.646937847137451","5.646937847137451","5.646937847137451"
"2500","5.4820027351379395","5.4820027351379395","5.4820027351379395","5.527007102966309","5.527007102966309","5.527007102966309","5.719083309173584","5.719083309173584","5.719083309173584"
"2600","5.427677631378174","5.427677631378174","5.427677631378174","5.346083641052246","5.346083641052246","5.346083641052246","5.424250602722168","5.424250602722168","5.424250602722168"
"2700","5.245062351226807","5.245062351226807","5.245062351226807","5.032919883728027","5.032919883728027","5.032919883728027","5.597369194030762","5.597369194030762","5.597369194030762"
"2800","5.781209945678711","5.781209945678711","5.781209945678711","5.334497928619385","5.334497928619385","5.334497928619385","5.606359004974365","5.606359004974365","5.606359004974365"
"2900","5.353294372558594","5.353294372558594","5.353294372558594","5.186107635498047","5.186107635498047","5.186107635498047","5.621882438659668","5.621882438659668","5.621882438659668"
"3000","5.352827548980713","5.352827548980713","5.352827548980713","5.111608028411865","5.111608028411865","5.111608028411865","5.5497822761535645","5.5497822761535645","5.5497822761535645"
"3100","5.4770612716674805","5.4770612716674805","5.4770612716674805","4.9019060134887695","4.9019060134887695","4.9019060134887695","5.085475444793701","5.085475444793701","5.085475444793701"
"3200","5.51060152053833","5.51060152053833","5.51060152053833","5.2365498542785645","5.2365498542785645","5.2365498542785645","5.4065752029418945","5.4065752029418945","5.4065752029418945"
"3300","5.372506618499756","5.372506618499756","5.372506618499756","4.800969123840332","4.800969123840332","4.800969123840332","5.415826320648193","5.415826320648193","5.415826320648193"
"3400","5.251413822174072","5.251413822174072","5.251413822174072","4.976215839385986","4.976215839385986","4.976215839385986","5.681904315948486","5.681904315948486","5.681904315948486"
"3500","5.5121941566467285","5.5121941566467285","5.5121941566467285","5.299375057220459","5.299375057220459","5.299375057220459","5.428858757019043","5.428858757019043","5.428858757019043"
"3600","5.466259479522705","5.466259479522705","5.466259479522705","5.152873516082764","5.152873516082764","5.152873516082764","5.364978790283203","5.364978790283203","5.364978790283203"
"3700","5.278311729431152","5.278311729431152","5.278311729431152","5.259949684143066","5.259949684143066","5.259949684143066","5.087035655975342","5.087035655975342","5.087035655975342"
"3800","5.391046524047852","5.391046524047852","5.391046524047852","5.109814643859863","5.109814643859863","5.109814643859863","5.277989864349365","5.277989864349365","5.277989864349365"
"3900","5.22206974029541","5.22206974029541","5.22206974029541","5.238472938537598","5.238472938537598","5.238472938537598","5.057694435119629","5.057694435119629","5.057694435119629"
"4000","5.0527262687683105","5.0527262687683105","5.0527262687683105","4.878321170806885","4.878321170806885","4.878321170806885","5.296067237854004","5.296067237854004","5.296067237854004"
"4100","5.290730953216553","5.290730953216553","5.290730953216553","5.066544532775879","5.066544532775879","5.066544532775879","5.229726314544678","5.229726314544678","5.229726314544678"
"4200","5.035746097564697","5.035746097564697","5.035746097564697","5.112728118896484","5.112728118896484","5.112728118896484","5.206073760986328","5.206073760986328","5.206073760986328"
"4300","5.154177665710449","5.154177665710449","5.154177665710449","5.135427474975586","5.135427474975586","5.135427474975586","4.87586784362793","4.87586784362793","4.87586784362793"
"4400","5.139267921447754","5.139267921447754","5.139267921447754","5.206418037414551","5.206418037414551","5.206418037414551","4.967065811157227","4.967065811157227","4.967065811157227"
"4500","5.363546371459961","5.363546371459961","5.363546371459961","5.137493133544922","5.137493133544922","5.137493133544922","5.007894515991211","5.007894515991211","5.007894515991211"
"4600","5.333035469055176","5.333035469055176","5.333035469055176","5.024688720703125","5.024688720703125","5.024688720703125","5.105374336242676","5.105374336242676","5.105374336242676"
"4700","4.980367660522461","4.980367660522461","4.980367660522461","5.04116153717041","5.04116153717041","5.04116153717041","5.254134178161621","5.254134178161621","5.254134178161621"
"4800","5.133878707885742","5.133878707885742","5.133878707885742","5.028515815734863","5.028515815734863","5.028515815734863","5.247498512268066","5.247498512268066","5.247498512268066"
"4900","5.069694519042969","5.069694519042969","5.069694519042969","5.031322956085205","5.031322956085205","5.031322956085205","5.169051647186279","5.169051647186279","5.169051647186279"
"5000","5.096234321594238","5.096234321594238","5.096234321594238","4.977240562438965","4.977240562438965","4.977240562438965","5.2730255126953125","5.2730255126953125","5.2730255126953125"
"5100","5.072438716888428","5.072438716888428","5.072438716888428","4.567895412445068","4.567895412445068","4.567895412445068","5.2532243728637695","5.2532243728637695","5.2532243728637695"
"5200","5.125448703765869","5.125448703765869","5.125448703765869","4.73101282119751","4.73101282119751","4.73101282119751","4.615170478820801","4.615170478820801","4.615170478820801"
"5300","5.0143232345581055","5.0143232345581055","5.0143232345581055","4.988835334777832","4.988835334777832","4.988835334777832","5.127532005310059","5.127532005310059","5.127532005310059"
"5400","4.731134414672852","4.731134414672852","4.731134414672852","5.089508056640625","5.089508056640625","5.089508056640625","4.900815963745117","4.900815963745117","4.900815963745117"
"5500","5.09938907623291","5.09938907623291","5.09938907623291","4.959449291229248","4.959449291229248","4.959449291229248","5.1317315101623535","5.1317315101623535","5.1317315101623535"
"5600","4.942644119262695","4.942644119262695","4.942644119262695","4.973495960235596","4.973495960235596","4.973495960235596","5.192844867706299","5.192844867706299","5.192844867706299"
"5700","4.991377830505371","4.991377830505371","4.991377830505371","5.007045745849609","5.007045745849609","5.007045745849609","5.128022193908691","5.128022193908691","5.128022193908691"
"5800","5.154244899749756","5.154244899749756","5.154244899749756","4.7792582511901855","4.7792582511901855","4.7792582511901855","5.001655578613281","5.001655578613281","5.001655578613281"
"5900","4.659573554992676","4.659573554992676","4.659573554992676","5.103331089019775","5.103331089019775","5.103331089019775","5.062822341918945","5.062822341918945","5.062822341918945"
"6000","5.007102012634277","5.007102012634277","5.007102012634277","4.948807716369629","4.948807716369629","4.948807716369629","5.082871913909912","5.082871913909912","5.082871913909912"
"6100","5.032459259033203","5.032459259033203","5.032459259033203","4.709420204162598","4.709420204162598","4.709420204162598","4.916470527648926","4.916470527648926","4.916470527648926"
"6200","5.0245041847229","5.0245041847229","5.0245041847229","4.972053527832031","4.972053527832031","4.972053527832031","4.75691556930542","4.75691556930542","4.75691556930542"
"6300","4.909555435180664","4.909555435180664","4.909555435180664","4.95314884185791","4.95314884185791","4.95314884185791","5.1360979080200195","5.1360979080200195","5.1360979080200195"
"6400","5.014459609985352","5.014459609985352","5.014459609985352","5.014599800109863","5.014599800109863","5.014599800109863","4.895186901092529","4.895186901092529","4.895186901092529"
"6500","4.973269462585449","4.973269462585449","4.973269462585449","4.960057258605957","4.960057258605957","4.960057258605957","5.113681793212891","5.113681793212891","5.113681793212891"
"6600","5.1237921714782715","5.1237921714782715","5.1237921714782715","5.077505588531494","5.077505588531494","5.077505588531494","5.143030166625977","5.143030166625977","5.143030166625977"
"6700","4.671726226806641","4.671726226806641","4.671726226806641","4.860938549041748","4.860938549041748","4.860938549041748","4.944167613983154","4.944167613983154","4.944167613983154"
"6800","5.039524555206299","5.039524555206299","5.039524555206299","4.784715175628662","4.784715175628662","4.784715175628662","5.245275974273682","5.245275974273682","5.245275974273682"
"6900","4.883364200592041","4.883364200592041","4.883364200592041","5.018547058105469","5.018547058105469","5.018547058105469","5.19387674331665","5.19387674331665","5.19387674331665"
"7000","4.87992000579834","4.87992000579834","4.87992000579834","4.903339862823486","4.903339862823486","4.903339862823486","4.959000110626221","4.959000110626221","4.959000110626221"
"7100","5.04757833480835","5.04757833480835","5.04757833480835","4.916996479034424","4.916996479034424","4.916996479034424","5.008153915405273","5.008153915405273","5.008153915405273"
"7200","4.837955474853516","4.837955474853516","4.837955474853516","4.600010871887207","4.600010871887207","4.600010871887207","4.789905071258545","4.789905071258545","4.789905071258545"
"7300","4.743255615234375","4.743255615234375","4.743255615234375","4.71522855758667","4.71522855758667","4.71522855758667","5.113902568817139","5.113902568817139","5.113902568817139"
"7400","4.876523017883301","4.876523017883301","4.876523017883301","4.521219253540039","4.521219253540039","4.521219253540039","5.145075798034668","5.145075798034668","5.145075798034668"
"7500","5.053391456604004","5.053391456604004","5.053391456604004","4.953630447387695","4.953630447387695","4.953630447387695","4.663052558898926","4.663052558898926","4.663052558898926"
"7600","4.672454833984375","4.672454833984375","4.672454833984375","4.778257369995117","4.778257369995117","4.778257369995117","5.077826976776123","5.077826976776123","5.077826976776123"
"7700","4.315013885498047","4.315013885498047","4.315013885498047","4.638811111450195","4.638811111450195","4.638811111450195","5.026060104370117","5.026060104370117","5.026060104370117"
"7800","4.959226131439209","4.959226131439209","4.959226131439209","4.914087772369385","4.914087772369385","4.914087772369385","4.377956867218018","4.377956867218018","4.377956867218018"
"7900","4.864044666290283","4.864044666290283","4.864044666290283","4.8548383712768555","4.8548383712768555","4.8548383712768555","5.023085594177246","5.023085594177246","5.023085594177246"
"8000","4.860531330108643","4.860531330108643","4.860531330108643","5.02311897277832","5.02311897277832","5.02311897277832","4.952817916870117","4.952817916870117","4.952817916870117"
"8100","4.873142719268799","4.873142719268799","4.873142719268799","4.97456693649292","4.97456693649292","4.97456693649292","4.905322551727295","4.905322551727295","4.905322551727295"
"8200","4.902673721313477","4.902673721313477","4.902673721313477","4.767278671264648","4.767278671264648","4.767278671264648","4.99158239364624","4.99158239364624","4.99158239364624"
"8300","4.867563247680664","4.867563247680664","4.867563247680664","4.885876655578613","4.885876655578613","4.885876655578613","4.9188642501831055","4.9188642501831055","4.9188642501831055"
"8400","4.700704574584961","4.700704574584961","4.700704574584961","4.895341873168945","4.895341873168945","4.895341873168945","4.627574443817139","4.627574443817139","4.627574443817139"
"8500","4.704779624938965","4.704779624938965","4.704779624938965","4.963341236114502","4.963341236114502","4.963341236114502","4.967281818389893","4.967281818389893","4.967281818389893"
"8600","4.775623798370361","4.775623798370361","4.775623798370361","4.565743923187256","4.565743923187256","4.565743923187256","4.91829776763916","4.91829776763916","4.91829776763916"
"8700","4.70969295501709","4.70969295501709","4.70969295501709","4.917471408843994","4.917471408843994","4.917471408843994","4.836087226867676","4.836087226867676","4.836087226867676"
"8800","4.7053608894348145","4.7053608894348145","4.7053608894348145","4.943634033203125","4.943634033203125","4.943634033203125","4.872522830963135","4.872522830963135","4.872522830963135"
"8900","4.63123893737793","4.63123893737793","4.63123893737793","4.5497050285339355","4.5497050285339355","4.5497050285339355","4.796204566955566","4.796204566955566","4.796204566955566"
"9000","4.685959815979004","4.685959815979004","4.685959815979004","4.594951152801514","4.594951152801514","4.594951152801514","4.487424850463867","4.487424850463867","4.487424850463867"
"9100","4.75889778137207","4.75889778137207","4.75889778137207","4.808254241943359","4.808254241943359","4.808254241943359","4.606229782104492","4.606229782104492","4.606229782104492"
"9200","5.035972595214844","5.035972595214844","5.035972595214844","4.790098190307617","4.790098190307617","4.790098190307617","4.616821765899658","4.616821765899658","4.616821765899658"
"9300","4.794253826141357","4.794253826141357","4.794253826141357","4.8759918212890625","4.8759918212890625","4.8759918212890625","4.817803859710693","4.817803859710693","4.817803859710693"
"9400","4.6836676597595215","4.6836676597595215","4.6836676597595215","4.882222652435303","4.882222652435303","4.882222652435303","4.5448150634765625","4.5448150634765625","4.5448150634765625"
"9500","4.751705646514893","4.751705646514893","4.751705646514893","4.574105739593506","4.574105739593506","4.574105739593506","4.947595119476318","4.947595119476318","4.947595119476318"
"9600","4.875502586364746","4.875502586364746","4.875502586364746","4.793766975402832","4.793766975402832","4.793766975402832","5.0057373046875","5.0057373046875","5.0057373046875"
"9700","4.674991130828857","4.674991130828857","4.674991130828857","4.754288196563721","4.754288196563721","4.754288196563721","4.846601486206055","4.846601486206055","4.846601486206055"
"9800","4.59822940826416","4.59822940826416","4.59822940826416","4.81355094909668","4.81355094909668","4.81355094909668","4.906533241271973","4.906533241271973","4.906533241271973"
"9900","4.68851900100708","4.68851900100708","4.68851900100708","4.832479953765869","4.832479953765869","4.832479953765869","4.936323642730713","4.936323642730713","4.936323642730713"
"10000","4.779528617858887","4.779528617858887","4.779528617858887","4.513561725616455","4.513561725616455","4.513561725616455","4.8402228355407715","4.8402228355407715","4.8402228355407715"
"10100","4.769959449768066","4.769959449768066","4.769959449768066","4.743579387664795","4.743579387664795","4.743579387664795","4.814244270324707","4.814244270324707","4.814244270324707"
"10200","4.61297082901001","4.61297082901001","4.61297082901001","4.788318634033203","4.788318634033203","4.788318634033203","4.626101493835449","4.626101493835449","4.626101493835449"
"10300","4.448760509490967","4.448760509490967","4.448760509490967","4.618290424346924","4.618290424346924","4.618290424346924","4.792194366455078","4.792194366455078","4.792194366455078"
"10400","4.659557342529297","4.659557342529297","4.659557342529297","4.399256706237793","4.399256706237793","4.399256706237793","4.972124099731445","4.972124099731445","4.972124099731445"
"10500","4.462974548339844","4.462974548339844","4.462974548339844","4.835109710693359","4.835109710693359","4.835109710693359","4.785462856292725","4.785462856292725","4.785462856292725"
"10600","4.503432750701904","4.503432750701904","4.503432750701904","4.552057266235352","4.552057266235352","4.552057266235352","4.853547096252441","4.853547096252441","4.853547096252441"
"10700","4.755612373352051","4.755612373352051","4.755612373352051","4.723819255828857","4.723819255828857","4.723819255828857","4.716800689697266","4.716800689697266","4.716800689697266"
"10800","4.6792755126953125","4.6792755126953125","4.6792755126953125","4.640387535095215","4.640387535095215","4.640387535095215","4.625748634338379","4.625748634338379","4.625748634338379"
"10900","4.636442184448242","4.636442184448242","4.636442184448242","4.691043853759766","4.691043853759766","4.691043853759766","4.785531044006348","4.785531044006348","4.785531044006348"
"11000","4.368400573730469","4.368400573730469","4.368400573730469","4.413828372955322","4.413828372955322","4.413828372955322","4.815102577209473","4.815102577209473","4.815102577209473"
"11100","4.736557483673096","4.736557483673096","4.736557483673096","4.711455345153809","4.711455345153809","4.711455345153809","4.967971324920654","4.967971324920654","4.967971324920654"
"11200","4.663187026977539","4.663187026977539","4.663187026977539","4.552116394042969","4.552116394042969","4.552116394042969","4.740438461303711","4.740438461303711","4.740438461303711"
"11300","4.553457736968994","4.553457736968994","4.553457736968994","4.6674628257751465","4.6674628257751465","4.6674628257751465","4.708565711975098","4.708565711975098","4.708565711975098"
"11400","4.722679615020752","4.722679615020752","4.722679615020752","4.673814296722412","4.673814296722412","4.673814296722412","4.763449668884277","4.763449668884277","4.763449668884277"
"11500","4.514355182647705","4.514355182647705","4.514355182647705","4.721288681030273","4.721288681030273","4.721288681030273","4.827634811401367","4.827634811401367","4.827634811401367"
"11600","4.7057881355285645","4.7057881355285645","4.7057881355285645","4.859638690948486","4.859638690948486","4.859638690948486","4.908125400543213","4.908125400543213","4.908125400543213"
"11700","4.630011558532715","4.630011558532715","4.630011558532715","4.4606499671936035","4.4606499671936035","4.4606499671936035","4.809963226318359","4.809963226318359","4.809963226318359"
"11800","4.5152997970581055","4.5152997970581055","4.5152997970581055","4.755273818969727","4.755273818969727","4.755273818969727","4.733190059661865","4.733190059661865","4.733190059661865"
"11900","4.709460258483887","4.709460258483887","4.709460258483887","4.45609712600708","4.45609712600708","4.45609712600708","4.652658939361572","4.652658939361572","4.652658939361572"
"12000","4.626807689666748","4.626807689666748","4.626807689666748","4.810446739196777","4.810446739196777","4.810446739196777","4.875192642211914","4.875192642211914","4.875192642211914"
"12100","4.603274822235107","4.603274822235107","4.603274822235107","4.6256256103515625","4.6256256103515625","4.6256256103515625","4.64361047744751","4.64361047744751","4.64361047744751"
"12200","4.667700290679932","4.667700290679932","4.667700290679932","4.732123374938965","4.732123374938965","4.732123374938965","4.605522632598877","4.605522632598877","4.605522632598877"
"12300","4.752412796020508","4.752412796020508","4.752412796020508","4.471473693847656","4.471473693847656","4.471473693847656","4.461447238922119","4.461447238922119","4.461447238922119"
"12400","4.592128276824951","4.592128276824951","4.592128276824951","4.784705638885498","4.784705638885498","4.784705638885498","4.598293304443359","4.598293304443359","4.598293304443359"
"12500","4.5896501541137695","4.5896501541137695","4.5896501541137695","4.731896877288818","4.731896877288818","4.731896877288818","4.761265277862549","4.761265277862549","4.761265277862549"
"12600","4.191525936126709","4.191525936126709","4.191525936126709","4.6556267738342285","4.6556267738342285","4.6556267738342285","4.34151554107666","4.34151554107666","4.34151554107666"
"12700","4.674107551574707","4.674107551574707","4.674107551574707","4.6690778732299805","4.6690778732299805","4.6690778732299805","4.797184944152832","4.797184944152832","4.797184944152832"
"12800","4.34149694442749","4.34149694442749","4.34149694442749","4.6817545890808105","4.6817545890808105","4.6817545890808105","4.665528297424316","4.665528297424316","4.665528297424316"
"12900","4.119518280029297","4.119518280029297","4.119518280029297","4.649613380432129","4.649613380432129","4.649613380432129","4.524558067321777","4.524558067321777","4.524558067321777"
"13000","4.620818614959717","4.620818614959717","4.620818614959717","4.6624555587768555","4.6624555587768555","4.6624555587768555","4.620780944824219","4.620780944824219","4.620780944824219"
"13100","4.5781049728393555","4.5781049728393555","4.5781049728393555","4.603732109069824","4.603732109069824","4.603732109069824","4.592911243438721","4.592911243438721","4.592911243438721"
"13200","4.630462646484375","4.630462646484375","4.630462646484375","4.69136381149292","4.69136381149292","4.69136381149292","4.603288173675537","4.603288173675537","4.603288173675537"
"13300","4.550877094268799","4.550877094268799","4.550877094268799","4.491474628448486","4.491474628448486","4.491474628448486","4.871645450592041","4.871645450592041","4.871645450592041"
"13400","4.655513763427734","4.655513763427734","4.655513763427734","4.619926929473877","4.619926929473877","4.619926929473877","4.771611213684082","4.771611213684082","4.771611213684082"
"13500","4.579052925109863","4.579052925109863","4.579052925109863","4.397329330444336","4.397329330444336","4.397329330444336","4.419679641723633","4.419679641723633","4.419679641723633"
"13600","4.662896633148193","4.662896633148193","4.662896633148193","4.646287441253662","4.646287441253662","4.646287441253662","4.632503032684326","4.632503032684326","4.632503032684326"
"13700","4.4956374168396","4.4956374168396","4.4956374168396","4.6496806144714355","4.6496806144714355","4.6496806144714355","4.696133613586426","4.696133613586426","4.696133613586426"
"13800","4.24177885055542","4.24177885055542","4.24177885055542","4.64703369140625","4.64703369140625","4.64703369140625","4.630042552947998","4.630042552947998","4.630042552947998"
"13900","4.428369045257568","4.428369045257568","4.428369045257568","4.539262771606445","4.539262771606445","4.539262771606445","4.744974136352539","4.744974136352539","4.744974136352539"
"14000","4.677202224731445","4.677202224731445","4.677202224731445","4.338484764099121","4.338484764099121","4.338484764099121","4.238493919372559","4.238493919372559","4.238493919372559"
"14100","4.5865373611450195","4.5865373611450195","4.5865373611450195","4.474336624145508","4.474336624145508","4.474336624145508","4.614241123199463","4.614241123199463","4.614241123199463"
"14200","4.491280555725098","4.491280555725098","4.491280555725098","4.6488728523254395","4.6488728523254395","4.6488728523254395","4.560887336730957","4.560887336730957","4.560887336730957"
"14300","4.5631103515625","4.5631103515625","4.5631103515625","4.6414031982421875","4.6414031982421875","4.6414031982421875","4.643104076385498","4.643104076385498","4.643104076385498"
"14400","4.5485100746154785","4.5485100746154785","4.5485100746154785","4.998950481414795","4.998950481414795","4.998950481414795","4.467174053192139","4.467174053192139","4.467174053192139"
"14500","4.57052755355835","4.57052755355835","4.57052755355835","4.8973236083984375","4.8973236083984375","4.8973236083984375","4.414809703826904","4.414809703826904","4.414809703826904"
"14600","4.534337997436523","4.534337997436523","4.534337997436523","4.742097854614258","4.742097854614258","4.742097854614258","4.355430603027344","4.355430603027344","4.355430603027344"
"14700","4.467386245727539","4.467386245727539","4.467386245727539","4.499513149261475","4.499513149261475","4.499513149261475","4.415637493133545","4.415637493133545","4.415637493133545"
"14800","4.376793384552002","4.376793384552002","4.376793384552002","4.442437648773193","4.442437648773193","4.442437648773193","4.544433116912842","4.544433116912842","4.544433116912842"
"14900","4.3912506103515625","4.3912506103515625","4.3912506103515625","4.634795665740967","4.634795665740967","4.634795665740967","4.664304733276367","4.664304733276367","4.664304733276367"
"15000","4.574986934661865","4.574986934661865","4.574986934661865","4.450699806213379","4.450699806213379","4.450699806213379","4.247591972351074","4.247591972351074","4.247591972351074"
"15100","4.566600322723389","4.566600322723389","4.566600322723389","4.56989860534668","4.56989860534668","4.56989860534668","4.518831253051758","4.518831253051758","4.518831253051758"
"15200","4.392732620239258","4.392732620239258","4.392732620239258","4.654543399810791","4.654543399810791","4.654543399810791","4.772951602935791","4.772951602935791","4.772951602935791"
"15300","4.231017112731934","4.231017112731934","4.231017112731934","4.58261775970459","4.58261775970459","4.58261775970459","4.708708763122559","4.708708763122559","4.708708763122559"
"15400","4.51322078704834","4.51322078704834","4.51322078704834","4.576112747192383","4.576112747192383","4.576112747192383","4.6390533447265625","4.6390533447265625","4.6390533447265625"
"15500","4.3273091316223145","4.3273091316223145","4.3273091316223145","4.666659355163574","4.666659355163574","4.666659355163574","4.697859287261963","4.697859287261963","4.697859287261963"
"15600","4.498785018920898","4.498785018920898","4.498785018920898","4.6815643310546875","4.6815643310546875","4.6815643310546875","4.331483364105225","4.331483364105225","4.331483364105225"
"15700","4.4278364181518555","4.4278364181518555","4.4278364181518555","4.535648822784424","4.535648822784424","4.535648822784424","4.768797397613525","4.768797397613525","4.768797397613525"
"15800","4.43314790725708","4.43314790725708","4.43314790725708","4.693026065826416","4.693026065826416","4.693026065826416","4.636096954345703","4.636096954345703","4.636096954345703"
"15900","4.599008560180664","4.599008560180664","4.599008560180664","4.5181145668029785","4.5181145668029785","4.5181145668029785","4.489449977874756","4.489449977874756","4.489449977874756"
"16000","4.321567535400391","4.321567535400391","4.321567535400391","4.370876789093018","4.370876789093018","4.370876789093018","4.667364597320557","4.667364597320557","4.667364597320557"
"16100","4.588298797607422","4.588298797607422","4.588298797607422","4.433297634124756","4.433297634124756","4.433297634124756","4.45625114440918","4.45625114440918","4.45625114440918"
"16200","4.462333679199219","4.462333679199219","4.462333679199219","4.609063148498535","4.609063148498535","4.609063148498535","4.152960777282715","4.152960777282715","4.152960777282715"
"16300","4.369746685028076","4.369746685028076","4.369746685028076","4.592764377593994","4.592764377593994","4.592764377593994","4.631872177124023","4.631872177124023","4.631872177124023"
"16400","4.421509265899658","4.421509265899658","4.421509265899658","4.605316638946533","4.605316638946533","4.605316638946533","4.771785736083984","4.771785736083984","4.771785736083984"
"16500","4.112493991851807","4.112493991851807","4.112493991851807","4.583552360534668","4.583552360534668","4.583552360534668","4.624807357788086","4.624807357788086","4.624807357788086"
"16600","4.421799659729004","4.421799659729004","4.421799659729004","4.4500555992126465","4.4500555992126465","4.4500555992126465","4.640843391418457","4.640843391418457","4.640843391418457"
"16700","4.533693790435791","4.533693790435791","4.533693790435791","4.615380764007568","4.615380764007568","4.615380764007568","4.614435195922852","4.614435195922852","4.614435195922852"
"16800","4.542938709259033","4.542938709259033","4.542938709259033","4.648453235626221","4.648453235626221","4.648453235626221","4.576721668243408","4.576721668243408","4.576721668243408"
"16900","4.390869140625","4.390869140625","4.390869140625","4.316579818725586","4.316579818725586","4.316579818725586","4.652740478515625","4.652740478515625","4.652740478515625"
"17000","4.480637550354004","4.480637550354004","4.480637550354004","4.524628639221191","4.524628639221191","4.524628639221191","4.369776248931885","4.369776248931885","4.369776248931885"
"17100","4.360583782196045","4.360583782196045","4.360583782196045","4.653023719787598","4.653023719787598","4.653023719787598","4.342587947845459","4.342587947845459","4.342587947845459"
"17200","4.469590663909912","4.469590663909912","4.469590663909912","4.589719295501709","4.589719295501709","4.589719295501709","4.664121627807617","4.664121627807617","4.664121627807617"
"17300","4.21252965927124","4.21252965927124","4.21252965927124","4.018555641174316","4.018555641174316","4.018555641174316","4.6609344482421875","4.6609344482421875","4.6609344482421875"
"17400","4.456883907318115","4.456883907318115","4.456883907318115","4.5730671882629395","4.5730671882629395","4.5730671882629395","3.929014205932617","3.929014205932617","3.929014205932617"
"17500","4.419925212860107","4.419925212860107","4.419925212860107","4.367458820343018","4.367458820343018","4.367458820343018","4.603400230407715","4.603400230407715","4.603400230407715"
"17600","4.412479400634766","4.412479400634766","4.412479400634766","4.510505199432373","4.510505199432373","4.510505199432373","4.214014053344727","4.214014053344727","4.214014053344727"
"17700","4.4971513748168945","4.4971513748168945","4.4971513748168945","4.301398754119873","4.301398754119873","4.301398754119873","4.556656837463379","4.556656837463379","4.556656837463379"
"17800","4.236802577972412","4.236802577972412","4.236802577972412","4.375879764556885","4.375879764556885","4.375879764556885","4.583104610443115","4.583104610443115","4.583104610443115"
"17900","4.410035133361816","4.410035133361816","4.410035133361816","4.619546413421631","4.619546413421631","4.619546413421631","4.485221862792969","4.485221862792969","4.485221862792969"
"18000","4.404106616973877","4.404106616973877","4.404106616973877","4.6498637199401855","4.6498637199401855","4.6498637199401855","4.219870567321777","4.219870567321777","4.219870567321777"
"18100","4.446577548980713","4.446577548980713","4.446577548980713","4.6166911125183105","4.6166911125183105","4.6166911125183105","4.611197471618652","4.611197471618652","4.611197471618652"
"18200","4.3400068283081055","4.3400068283081055","4.3400068283081055","4.586878299713135","4.586878299713135","4.586878299713135","4.611574172973633","4.611574172973633","4.611574172973633"
"18300","4.273571491241455","4.273571491241455","4.273571491241455","4.552277565002441","4.552277565002441","4.552277565002441","4.560160160064697","4.560160160064697","4.560160160064697"
"18400","4.2528791427612305","4.2528791427612305","4.2528791427612305","4.568747520446777","4.568747520446777","4.568747520446777","4.5060505867004395","4.5060505867004395","4.5060505867004395"
"18500","4.340398788452148","4.340398788452148","4.340398788452148","4.532526016235352","4.532526016235352","4.532526016235352","4.504563331604004","4.504563331604004","4.504563331604004"
"18600","4.467657566070557","4.467657566070557","4.467657566070557","4.6319732666015625","4.6319732666015625","4.6319732666015625","4.560542106628418","4.560542106628418","4.560542106628418"
"18700","4.267276287078857","4.267276287078857","4.267276287078857","4.309630870819092","4.309630870819092","4.309630870819092","4.537191867828369","4.537191867828369","4.537191867828369"
"18800","4.263343811035156","4.263343811035156","4.263343811035156","4.289129257202148","4.289129257202148","4.289129257202148","4.0445122718811035","4.0445122718811035","4.0445122718811035"
"18900","4.20091438293457","4.20091438293457","4.20091438293457","4.163991451263428","4.163991451263428","4.163991451263428","4.341850757598877","4.341850757598877","4.341850757598877"
"19000","4.405201435089111","4.405201435089111","4.405201435089111","4.5025105476379395","4.5025105476379395","4.5025105476379395","4.324250221252441","4.324250221252441","4.324250221252441"
"19100","4.478052139282227","4.478052139282227","4.478052139282227","4.355675220489502","4.355675220489502","4.355675220489502","4.491549015045166","4.491549015045166","4.491549015045166"
"19200","4.417198657989502","4.417198657989502","4.417198657989502","4.616021633148193","4.616021633148193","4.616021633148193","4.494159698486328","4.494159698486328","4.494159698486328"
"19300","4.274918079376221","4.274918079376221","4.274918079376221","4.299346923828125","4.299346923828125","4.299346923828125","4.657649040222168","4.657649040222168","4.657649040222168"
"19400","4.374152660369873","4.374152660369873","4.374152660369873","4.425444602966309","4.425444602966309","4.425444602966309","4.372171878814697","4.372171878814697","4.372171878814697"
"19500","4.393355846405029","4.393355846405029","4.393355846405029","4.037348747253418","4.037348747253418","4.037348747253418","4.435697555541992","4.435697555541992","4.435697555541992"
"19600","4.356283187866211","4.356283187866211","4.356283187866211","4.274284362792969","4.274284362792969","4.274284362792969","4.034144401550293","4.034144401550293","4.034144401550293"
"19700","4.416048049926758","4.416048049926758","4.416048049926758","4.268946647644043","4.268946647644043","4.268946647644043","4.441827774047852","4.441827774047852","4.441827774047852"
"19800","4.184414863586426","4.184414863586426","4.184414863586426","4.575110912322998","4.575110912322998","4.575110912322998","4.284265518188477","4.284265518188477","4.284265518188477"
"19900","4.184723854064941","4.184723854064941","4.184723854064941","4.368284225463867","4.368284225463867","4.368284225463867","4.428544521331787","4.428544521331787","4.428544521331787"
"20000","4.443907737731934","4.443907737731934","4.443907737731934","4.480244159698486","4.480244159698486","4.480244159698486","4.50777530670166","4.50777530670166","4.50777530670166"
"20100","4.445061206817627","4.445061206817627","4.445061206817627","4.403425216674805","4.403425216674805","4.403425216674805","4.571921348571777","4.571921348571777","4.571921348571777"
"20200","4.174947261810303","4.174947261810303","4.174947261810303","4.511893272399902","4.511893272399902","4.511893272399902","4.464189529418945","4.464189529418945","4.464189529418945"
"20300","4.352548599243164","4.352548599243164","4.352548599243164","4.4811906814575195","4.4811906814575195","4.4811906814575195","4.571998596191406","4.571998596191406","4.571998596191406"
"20400","4.067471504211426","4.067471504211426","4.067471504211426","4.456718921661377","4.456718921661377","4.456718921661377","4.162765979766846","4.162765979766846","4.162765979766846"
"20500","4.47334098815918","4.47334098815918","4.47334098815918","4.416380882263184","4.416380882263184","4.416380882263184","4.472512722015381","4.472512722015381","4.472512722015381"
"20600","4.392216205596924","4.392216205596924","4.392216205596924","4.383988380432129","4.383988380432129","4.383988380432129","4.403592109680176","4.403592109680176","4.403592109680176"
"20700","4.2585554122924805","4.2585554122924805","4.2585554122924805","4.529965400695801","4.529965400695801","4.529965400695801","4.630975246429443","4.630975246429443","4.630975246429443"
"20800","4.425525665283203","4.425525665283203","4.425525665283203","4.426656246185303","4.426656246185303","4.426656246185303","4.602758407592773","4.602758407592773","4.602758407592773"
"20900","4.175374507904053","4.175374507904053","4.175374507904053","4.53311824798584","4.53311824798584","4.53311824798584","4.322030544281006","4.322030544281006","4.322030544281006"
"21000","4.421667098999023","4.421667098999023","4.421667098999023","4.397495746612549","4.397495746612549","4.397495746612549","4.242444038391113","4.242444038391113","4.242444038391113"
"21100","4.1575117111206055","4.1575117111206055","4.1575117111206055","4.53203010559082","4.53203010559082","4.53203010559082","4.481106281280518","4.481106281280518","4.481106281280518"
"21200","4.319913387298584","4.319913387298584","4.319913387298584","4.525925159454346","4.525925159454346","4.525925159454346","4.483918190002441","4.483918190002441","4.483918190002441"
"21300","4.358353137969971","4.358353137969971","4.358353137969971","4.534148216247559","4.534148216247559","4.534148216247559","4.456686496734619","4.456686496734619","4.456686496734619"
"21400","4.217893123626709","4.217893123626709","4.217893123626709","4.536184310913086","4.536184310913086","4.536184310913086","4.430985450744629","4.430985450744629","4.430985450744629"
"21500","4.140496730804443","4.140496730804443","4.140496730804443","4.464058876037598","4.464058876037598","4.464058876037598","4.4528422355651855","4.4528422355651855","4.4528422355651855"
"21600","4.342801570892334","4.342801570892334","4.342801570892334","4.631560325622559","4.631560325622559","4.631560325622559","4.31959867477417","4.31959867477417","4.31959867477417"
"21700","4.388246536254883","4.388246536254883","4.388246536254883","4.458993911743164","4.458993911743164","4.458993911743164","4.488335132598877","4.488335132598877","4.488335132598877"
"21800","4.1616034507751465","4.1616034507751465","4.1616034507751465","4.608975887298584","4.608975887298584","4.608975887298584","4.057249069213867","4.057249069213867","4.057249069213867"
"21900","4.29578161239624","4.29578161239624","4.29578161239624","4.409403324127197","4.409403324127197","4.409403324127197","4.410056114196777","4.410056114196777","4.410056114196777"
"22000","3.9637036323547363","3.9637036323547363","3.9637036323547363","4.3312668800354","4.3312668800354","4.3312668800354","4.289386749267578","4.289386749267578","4.289386749267578"
"22100","4.342686176300049","4.342686176300049","4.342686176300049","4.521284580230713","4.521284580230713","4.521284580230713","4.4026336669921875","4.4026336669921875","4.4026336669921875"
"22200","4.398322105407715","4.398322105407715","4.398322105407715","4.48648738861084","4.48648738861084","4.48648738861084","4.355978965759277","4.355978965759277","4.355978965759277"
"22300","4.397712707519531","4.397712707519531","4.397712707519531","4.489027976989746","4.489027976989746","4.489027976989746","4.250188827514648","4.250188827514648","4.250188827514648"
"22400","4.133904457092285","4.133904457092285","4.133904457092285","4.295729637145996","4.295729637145996","4.295729637145996","4.412723541259766","4.412723541259766","4.412723541259766"
"22500","4.302231788635254","4.302231788635254","4.302231788635254","4.537158489227295","4.537158489227295","4.537158489227295","4.43409538269043","4.43409538269043","4.43409538269043"
"22600","4.231855392456055","4.231855392456055","4.231855392456055","4.126194000244141","4.126194000244141","4.126194000244141","4.533378601074219","4.533378601074219","4.533378601074219"
"22700","4.386179447174072","4.386179447174072","4.386179447174072","4.478072643280029","4.478072643280029","4.478072643280029","4.451726913452148","4.451726913452148","4.451726913452148"
"22800","4.128328323364258","4.128328323364258","4.128328323364258","4.497737407684326","4.497737407684326","4.497737407684326","4.238141059875488","4.238141059875488","4.238141059875488"
"22900","4.104371547698975","4.104371547698975","4.104371547698975","4.618589401245117","4.618589401245117","4.618589401245117","4.640790939331055","4.640790939331055","4.640790939331055"
"23000","4.343790054321289","4.343790054321289","4.343790054321289","4.494231700897217","4.494231700897217","4.494231700897217","4.462157249450684","4.462157249450684","4.462157249450684"
"23100","4.390797138214111","4.390797138214111","4.390797138214111","4.519143581390381","4.519143581390381","4.519143581390381","4.44366979598999","4.44366979598999","4.44366979598999"
"23200","4.243589878082275","4.243589878082275","4.243589878082275","4.45781946182251","4.45781946182251","4.45781946182251","4.448039531707764","4.448039531707764","4.448039531707764"
"23300","4.4035820960998535","4.4035820960998535","4.4035820960998535","4.556914806365967","4.556914806365967","4.556914806365967","4.125247001647949","4.125247001647949","4.125247001647949"
"23400","4.272867679595947","4.272867679595947","4.272867679595947","4.30478572845459","4.30478572845459","4.30478572845459","4.39433479309082","4.39433479309082","4.39433479309082"
"23500","4.320164203643799","4.320164203643799","4.320164203643799","4.448403358459473","4.448403358459473","4.448403358459473","4.490923881530762","4.490923881530762","4.490923881530762"
"23600","4.275426387786865","4.275426387786865","4.275426387786865","4.570289611816406","4.570289611816406","4.570289611816406","4.188645839691162","4.188645839691162","4.188645839691162"
"23700","4.217504024505615","4.217504024505615","4.217504024505615","4.0053391456604","4.0053391456604","4.0053391456604","4.46895170211792","4.46895170211792","4.46895170211792"
"23800","4.195201396942139","4.195201396942139","4.195201396942139","4.500192642211914","4.500192642211914","4.500192642211914","4.434805393218994","4.434805393218994","4.434805393218994"
"23900","4.306822776794434","4.306822776794434","4.306822776794434","4.5271315574646","4.5271315574646","4.5271315574646","4.232987403869629","4.232987403869629","4.232987403869629"
"24000","4.159663200378418","4.159663200378418","4.159663200378418","4.232034683227539","4.232034683227539","4.232034683227539","4.372776985168457","4.372776985168457","4.372776985168457"
"24100","4.407994270324707","4.407994270324707","4.407994270324707","4.405390739440918","4.405390739440918","4.405390739440918","4.368524074554443","4.368524074554443","4.368524074554443"
"24200","4.263238906860352","4.263238906860352","4.263238906860352","4.538297653198242","4.538297653198242","4.538297653198242","4.460493087768555","4.460493087768555","4.460493087768555"
"24300","4.299324035644531","4.299324035644531","4.299324035644531","4.482507705688477","4.482507705688477","4.482507705688477","4.4248809814453125","4.4248809814453125","4.4248809814453125"
"24400","4.218156337738037","4.218156337738037","4.218156337738037","4.2418646812438965","4.2418646812438965","4.2418646812438965","4.442272186279297","4.442272186279297","4.442272186279297"
"24500","4.207108974456787","4.207108974456787","4.207108974456787","4.527021884918213","4.527021884918213","4.527021884918213","4.408293724060059","4.408293724060059","4.408293724060059"
"24600","4.354398250579834","4.354398250579834","4.354398250579834","4.284790992736816","4.284790992736816","4.284790992736816","4.3070573806762695","4.3070573806762695","4.3070573806762695"
"24700","4.2940473556518555","4.2940473556518555","4.2940473556518555","4.3653035163879395","4.3653035163879395","4.3653035163879395","4.1534833908081055","4.1534833908081055","4.1534833908081055"
"24800","4.2921142578125","4.2921142578125","4.2921142578125","4.2320122718811035","4.2320122718811035","4.2320122718811035","4.353409767150879","4.353409767150879","4.353409767150879"
"24900","4.35698127746582","4.35698127746582","4.35698127746582","4.239344596862793","4.239344596862793","4.239344596862793","4.4472503662109375","4.4472503662109375","4.4472503662109375"
"25000","4.276231288909912","4.276231288909912","4.276231288909912","4.420073509216309","4.420073509216309","4.420073509216309","4.21876335144043","4.21876335144043","4.21876335144043"
"25100","4.254269599914551","4.254269599914551","4.254269599914551","4.500712871551514","4.500712871551514","4.500712871551514","4.151202201843262","4.151202201843262","4.151202201843262"
"25200","4.2773213386535645","4.2773213386535645","4.2773213386535645","4.315470218658447","4.315470218658447","4.315470218658447","4.469235897064209","4.469235897064209","4.469235897064209"
"25300","4.317159175872803","4.317159175872803","4.317159175872803","4.55494499206543","4.55494499206543","4.55494499206543","4.483171463012695","4.483171463012695","4.483171463012695"
"25400","4.190298557281494","4.190298557281494","4.190298557281494","4.410021781921387","4.410021781921387","4.410021781921387","3.9811034202575684","3.9811034202575684","3.9811034202575684"
"25500","4.2050065994262695","4.2050065994262695","4.2050065994262695","4.502211570739746","4.502211570739746","4.502211570739746","4.433680057525635","4.433680057525635","4.433680057525635"
"25600","4.1503682136535645","4.1503682136535645","4.1503682136535645","4.467541217803955","4.467541217803955","4.467541217803955","4.337186813354492","4.337186813354492","4.337186813354492"
"25700","4.293483257293701","4.293483257293701","4.293483257293701","4.417808532714844","4.417808532714844","4.417808532714844","4.214599609375","4.214599609375","4.214599609375"
"25800","4.279958724975586","4.279958724975586","4.279958724975586","3.9992733001708984","3.9992733001708984","3.9992733001708984","4.373108863830566","4.373108863830566","4.373108863830566"
"25900","4.406952381134033","4.406952381134033","4.406952381134033","4.550073623657227","4.550073623657227","4.550073623657227","4.310984134674072","4.310984134674072","4.310984134674072"
"26000","4.292198657989502","4.292198657989502","4.292198657989502","4.460777282714844","4.460777282714844","4.460777282714844","4.299241065979004","4.299241065979004","4.299241065979004"
"26100","4.258672714233398","4.258672714233398","4.258672714233398","4.395859241485596","4.395859241485596","4.395859241485596","4.222984790802002","4.222984790802002","4.222984790802002"
"26200","4.130824089050293","4.130824089050293","4.130824089050293","4.47065544128418","4.47065544128418","4.47065544128418","4.106125354766846","4.106125354766846","4.106125354766846"
"26300","4.216819763183594","4.216819763183594","4.216819763183594","4.418407917022705","4.418407917022705","4.418407917022705","4.375060558319092","4.375060558319092","4.375060558319092"
"26400","4.30978536605835","4.30978536605835","4.30978536605835","4.435054779052734","4.435054779052734","4.435054779052734","4.3376240730285645","4.3376240730285645","4.3376240730285645"
"26500","4.207394599914551","4.207394599914551","4.207394599914551","3.9571142196655273","3.9571142196655273","3.9571142196655273","4.536052227020264","4.536052227020264","4.536052227020264"
"26600","4.158773899078369","4.158773899078369","4.158773899078369","4.51021671295166","4.51021671295166","4.51021671295166","4.388264179229736","4.388264179229736","4.388264179229736"
"26700","4.153689861297607","4.153689861297607","4.153689861297607","4.482453346252441","4.482453346252441","4.482453346252441","4.126871585845947","4.126871585845947","4.126871585845947"
"26800","4.337790489196777","4.337790489196777","4.337790489196777","4.48828649520874","4.48828649520874","4.48828649520874","4.2941389083862305","4.2941389083862305","4.2941389083862305"
"26900","4.335076332092285","4.335076332092285","4.335076332092285","4.322473049163818","4.322473049163818","4.322473049163818","4.279435634613037","4.279435634613037","4.279435634613037"
"27000","4.222891807556152","4.222891807556152","4.222891807556152","4.421143054962158","4.421143054962158","4.421143054962158","4.189446926116943","4.189446926116943","4.189446926116943"
"27100","4.267974376678467","4.267974376678467","4.267974376678467","4.535295486450195","4.535295486450195","4.535295486450195","4.267218112945557","4.267218112945557","4.267218112945557"
"27200","4.114663600921631","4.114663600921631","4.114663600921631","4.425497055053711","4.425497055053711","4.425497055053711","4.381960868835449","4.381960868835449","4.381960868835449"
"27300","4.207736015319824","4.207736015319824","4.207736015319824","4.451233863830566","4.451233863830566","4.451233863830566","4.30336332321167","4.30336332321167","4.30336332321167"
"27400","4.244027137756348","4.244027137756348","4.244027137756348","4.446841716766357","4.446841716766357","4.446841716766357","4.2342729568481445","4.2342729568481445","4.2342729568481445"
"27500","4.100921154022217","4.100921154022217","4.100921154022217","4.473559379577637","4.473559379577637","4.473559379577637","4.389488220214844","4.389488220214844","4.389488220214844"
"27600","4.007201671600342","4.007201671600342","4.007201671600342","4.161584854125977","4.161584854125977","4.161584854125977","4.276332378387451","4.276332378387451","4.276332378387451"
"27700","4.185075283050537","4.185075283050537","4.185075283050537","4.521503925323486","4.521503925323486","4.521503925323486","4.143370628356934","4.143370628356934","4.143370628356934"
"27800","4.340828895568848","4.340828895568848","4.340828895568848","4.410696029663086","4.410696029663086","4.410696029663086","4.290067195892334","4.290067195892334","4.290067195892334"
"27900","4.279675006866455","4.279675006866455","4.279675006866455","4.321292400360107","4.321292400360107","4.321292400360107","4.0181989669799805","4.0181989669799805","4.0181989669799805"
"28000","4.166716575622559","4.166716575622559","4.166716575622559","4.473282814025879","4.473282814025879","4.473282814025879","4.279031276702881","4.279031276702881","4.279031276702881"
"28100","4.237281322479248","4.237281322479248","4.237281322479248","4.303032398223877","4.303032398223877","4.303032398223877","4.019549369812012","4.019549369812012","4.019549369812012"
"28200","4.213473320007324","4.213473320007324","4.213473320007324","4.227806091308594","4.227806091308594","4.227806091308594","4.273345947265625","4.273345947265625","4.273345947265625"
"28300","4.237502574920654","4.237502574920654","4.237502574920654","4.460592746734619","4.460592746734619","4.460592746734619","4.161552906036377","4.161552906036377","4.161552906036377"
"28400","4.23991060256958","4.23991060256958","4.23991060256958","4.370565414428711","4.370565414428711","4.370565414428711","4.527249336242676","4.527249336242676","4.527249336242676"
"28500","3.9353747367858887","3.9353747367858887","3.9353747367858887","4.518203258514404","4.518203258514404","4.518203258514404","4.481997966766357","4.481997966766357","4.481997966766357"
"28600","4.162225723266602","4.162225723266602","4.162225723266602","4.14868688583374","4.14868688583374","4.14868688583374","4.2592902183532715","4.2592902183532715","4.2592902183532715"
"28700","4.116252422332764","4.116252422332764","4.116252422332764","4.462809085845947","4.462809085845947","4.462809085845947","4.311718940734863","4.311718940734863","4.311718940734863"
"28800","4.190951824188232","4.190951824188232","4.190951824188232","4.288018226623535","4.288018226623535","4.288018226623535","4.302750110626221","4.302750110626221","4.302750110626221"
"28900","4.236173629760742","4.236173629760742","4.236173629760742","4.164792537689209","4.164792537689209","4.164792537689209","4.363917827606201","4.363917827606201","4.363917827606201"
"29000","4.065306663513184","4.065306663513184","4.065306663513184","4.490706920623779","4.490706920623779","4.490706920623779","4.2443671226501465","4.2443671226501465","4.2443671226501465"
"29100","4.2175164222717285","4.2175164222717285","4.2175164222717285","4.49100399017334","4.49100399017334","4.49100399017334","4.370391845703125","4.370391845703125","4.370391845703125"
"29200","4.106773376464844","4.106773376464844","4.106773376464844","4.430613040924072","4.430613040924072","4.430613040924072","4.357420921325684","4.357420921325684","4.357420921325684"
"29300","4.293946743011475","4.293946743011475","4.293946743011475","4.392746925354004","4.392746925354004","4.392746925354004","4.303279876708984","4.303279876708984","4.303279876708984"
"29400","4.118022918701172","4.118022918701172","4.118022918701172","3.9881434440612793","3.9881434440612793","3.9881434440612793","4.273198127746582","4.273198127746582","4.273198127746582"
"29500","4.259035587310791","4.259035587310791","4.259035587310791","4.522936820983887","4.522936820983887","4.522936820983887","4.308508396148682","4.308508396148682","4.308508396148682"
"29600","4.103537082672119","4.103537082672119","4.103537082672119","3.919619560241699","3.919619560241699","3.919619560241699","4.203254699707031","4.203254699707031","4.203254699707031"
"29700","4.229301452636719","4.229301452636719","4.229301452636719","4.452998638153076","4.452998638153076","4.452998638153076","4.148927688598633","4.148927688598633","4.148927688598633"
"29800","4.054365158081055","4.054365158081055","4.054365158081055","4.44575309753418","4.44575309753418","4.44575309753418","4.3199286460876465","4.3199286460876465","4.3199286460876465"
"29900","4.171960353851318","4.171960353851318","4.171960353851318","4.420854568481445","4.420854568481445","4.420854568481445","4.348669528961182","4.348669528961182","4.348669528961182"
"30000","4.195470809936523","4.195470809936523","4.195470809936523","4.378135681152344","4.378135681152344","4.378135681152344","3.9404313564300537","3.9404313564300537","3.9404313564300537"
"30100","4.095123767852783","4.095123767852783","4.095123767852783","4.414147853851318","4.414147853851318","4.414147853851318","4.359349250793457","4.359349250793457","4.359349250793457"
"30200","4.330690860748291","4.330690860748291","4.330690860748291","4.426982879638672","4.426982879638672","4.426982879638672","4.161537170410156","4.161537170410156","4.161537170410156"
"30300","4.207208156585693","4.207208156585693","4.207208156585693","4.147885799407959","4.147885799407959","4.147885799407959","4.190401077270508","4.190401077270508","4.190401077270508"
"30400","4.093817234039307","4.093817234039307","4.093817234039307","4.265398025512695","4.265398025512695","4.265398025512695","4.261348247528076","4.261348247528076","4.261348247528076"
"30500","4.141150951385498","4.141150951385498","4.141150951385498","4.418313503265381","4.418313503265381","4.418313503265381","4.1656694412231445","4.1656694412231445","4.1656694412231445"
"30600","4.093284606933594","4.093284606933594","4.093284606933594","4.424795627593994","4.424795627593994","4.424795627593994","4.023079872131348","4.023079872131348","4.023079872131348"
"30700","4.304553508758545","4.304553508758545","4.304553508758545","4.503925800323486","4.503925800323486","4.503925800323486","4.001889228820801","4.001889228820801","4.001889228820801"
"30800","4.123384952545166","4.123384952545166","4.123384952545166","4.379402160644531","4.379402160644531","4.379402160644531","4.334023952484131","4.334023952484131","4.334023952484131"
"30900","3.9189915657043457","3.9189915657043457","3.9189915657043457","4.269235134124756","4.269235134124756","4.269235134124756","4.229126930236816","4.229126930236816","4.229126930236816"
"31000","4.1535139083862305","4.1535139083862305","4.1535139083862305","4.417413234710693","4.417413234710693","4.417413234710693","4.294278144836426","4.294278144836426","4.294278144836426"
"31100","4.239097595214844","4.239097595214844","4.239097595214844","4.35734224319458","4.35734224319458","4.35734224319458","4.299452304840088","4.299452304840088","4.299452304840088"
"31200","4.245549201965332","4.245549201965332","4.245549201965332","4.463809490203857","4.463809490203857","4.463809490203857","4.247291564941406","4.247291564941406","4.247291564941406"
"31300","4.102445125579834","4.102445125579834","4.102445125579834","4.150345325469971","4.150345325469971","4.150345325469971","4.115959167480469","4.115959167480469","4.115959167480469"
"31400","4.188960552215576","4.188960552215576","4.188960552215576","4.453012466430664","4.453012466430664","4.453012466430664","4.373284339904785","4.373284339904785","4.373284339904785"
"31500","4.248733043670654","4.248733043670654","4.248733043670654","4.315603256225586","4.315603256225586","4.315603256225586","4.32260799407959","4.32260799407959","4.32260799407959"
"31600","4.257985591888428","4.257985591888428","4.257985591888428","4.216554164886475","4.216554164886475","4.216554164886475","4.11979341506958","4.11979341506958","4.11979341506958"
"31700","4.2641191482543945","4.2641191482543945","4.2641191482543945","3.8974037170410156","3.8974037170410156","3.8974037170410156","4.465756416320801","4.465756416320801","4.465756416320801"
"31800","4.0527729988098145","4.0527729988098145","4.0527729988098145","4.410373687744141","4.410373687744141","4.410373687744141","4.3848114013671875","4.3848114013671875","4.3848114013671875"
"31900","4.160066604614258","4.160066604614258","4.160066604614258","4.062784671783447","4.062784671783447","4.062784671783447","4.189164638519287","4.189164638519287","4.189164638519287"
"32000","4.238865375518799","4.238865375518799","4.238865375518799","4.349679470062256","4.349679470062256","4.349679470062256","4.428591728210449","4.428591728210449","4.428591728210449"
"32100","4.192435264587402","4.192435264587402","4.192435264587402","4.402847766876221","4.402847766876221","4.402847766876221","3.9206364154815674","3.9206364154815674","3.9206364154815674"
"32200","3.742393732070923","3.742393732070923","3.742393732070923","4.37956428527832","4.37956428527832","4.37956428527832","4.155803203582764","4.155803203582764","4.155803203582764"
"32300","4.225722312927246","4.225722312927246","4.225722312927246","4.070774078369141","4.070774078369141","4.070774078369141","4.157377243041992","4.157377243041992","4.157377243041992"
"32400","4.253716468811035","4.253716468811035","4.253716468811035","4.423175811767578","4.423175811767578","4.423175811767578","4.158802032470703","4.158802032470703","4.158802032470703"
"32500","4.27445125579834","4.27445125579834","4.27445125579834","4.394863128662109","4.394863128662109","4.394863128662109","3.9370241165161133","3.9370241165161133","3.9370241165161133"
"32600","4.240886211395264","4.240886211395264","4.240886211395264","3.886863946914673","3.886863946914673","3.886863946914673","4.349430084228516","4.349430084228516","4.349430084228516"
"32700","4.197726249694824","4.197726249694824","4.197726249694824","4.190056324005127","4.190056324005127","4.190056324005127","4.370028018951416","4.370028018951416","4.370028018951416"
"32800","4.173565864562988","4.173565864562988","4.173565864562988","4.12049674987793","4.12049674987793","4.12049674987793","4.274733066558838","4.274733066558838","4.274733066558838"
"32900","4.115371227264404","4.115371227264404","4.115371227264404","4.395631313323975","4.395631313323975","4.395631313323975","4.321683883666992","4.321683883666992","4.321683883666992"
"33000","4.207762241363525","4.207762241363525","4.207762241363525","4.380764007568359","4.380764007568359","4.380764007568359","4.049242973327637","4.049242973327637","4.049242973327637"
"33100","4.191778659820557","4.191778659820557","4.191778659820557","4.118711471557617","4.118711471557617","4.118711471557617","4.36958646774292","4.36958646774292","4.36958646774292"
"33200","4.2562737464904785","4.2562737464904785","4.2562737464904785","4.272777080535889","4.272777080535889","4.272777080535889","4.233269214630127","4.233269214630127","4.233269214630127"
"33300","4.089291572570801","4.089291572570801","4.089291572570801","4.294585227966309","4.294585227966309","4.294585227966309","4.4512786865234375","4.4512786865234375","4.4512786865234375"
"33400","4.195888042449951","4.195888042449951","4.195888042449951","4.288023948669434","4.288023948669434","4.288023948669434","4.247565269470215","4.247565269470215","4.247565269470215"
"33500","4.021294593811035","4.021294593811035","4.021294593811035","4.415732383728027","4.415732383728027","4.415732383728027","4.1842241287231445","4.1842241287231445","4.1842241287231445"
"33600","4.115455150604248","4.115455150604248","4.115455150604248","4.371825695037842","4.371825695037842","4.371825695037842","4.122550964355469","4.122550964355469","4.122550964355469"
"33700","4.024351596832275","4.024351596832275","4.024351596832275","4.157329559326172","4.157329559326172","4.157329559326172","4.090023040771484","4.090023040771484","4.090023040771484"
"33800","4.172591209411621","4.172591209411621","4.172591209411621","4.245964050292969","4.245964050292969","4.245964050292969","4.141960144042969","4.141960144042969","4.141960144042969"
"33900","4.14400577545166","4.14400577545166","4.14400577545166","4.205240726470947","4.205240726470947","4.205240726470947","4.172909259796143","4.172909259796143","4.172909259796143"
"34000","3.983243465423584","3.983243465423584","3.983243465423584","4.417088985443115","4.417088985443115","4.417088985443115","4.085929870605469","4.085929870605469","4.085929870605469"
"34100","4.215220928192139","4.215220928192139","4.215220928192139","4.428318023681641","4.428318023681641","4.428318023681641","4.255010604858398","4.255010604858398","4.255010604858398"
"34200","4.190286159515381","4.190286159515381","4.190286159515381","4.1412553787231445","4.1412553787231445","4.1412553787231445","4.24668025970459","4.24668025970459","4.24668025970459"
"34300","4.16205358505249","4.16205358505249","4.16205358505249","4.304330825805664","4.304330825805664","4.304330825805664","4.029512882232666","4.029512882232666","4.029512882232666"
"34400","4.023760795593262","4.023760795593262","4.023760795593262","4.458940029144287","4.458940029144287","4.458940029144287","4.260397911071777","4.260397911071777","4.260397911071777"
"34500","4.230167388916016","4.230167388916016","4.230167388916016","4.283441543579102","4.283441543579102","4.283441543579102","3.9191460609436035","3.9191460609436035","3.9191460609436035"
"34600","4.208776950836182","4.208776950836182","4.208776950836182","4.194840431213379","4.194840431213379","4.194840431213379","4.346747398376465","4.346747398376465","4.346747398376465"
"34700","4.043071746826172","4.043071746826172","4.043071746826172","4.33659029006958","4.33659029006958","4.33659029006958","4.351991176605225","4.351991176605225","4.351991176605225"
"34800","4.275613784790039","4.275613784790039","4.275613784790039","4.031269073486328","4.031269073486328","4.031269073486328","4.265676498413086","4.265676498413086","4.265676498413086"
"34900","4.213022232055664","4.213022232055664","4.213022232055664","4.193695068359375","4.193695068359375","4.193695068359375","4.109416961669922","4.109416961669922","4.109416961669922"
"35000","4.214012622833252","4.214012622833252","4.214012622833252","3.693629741668701","3.693629741668701","3.693629741668701","4.26268196105957","4.26268196105957","4.26268196105957"
"35100","4.081729412078857","4.081729412078857","4.081729412078857","4.311285972595215","4.311285972595215","4.311285972595215","3.994588851928711","3.994588851928711","3.994588851928711"
"35200","4.078991413116455","4.078991413116455","4.078991413116455","4.400473117828369","4.400473117828369","4.400473117828369","4.227971076965332","4.227971076965332","4.227971076965332"
"35300","4.058997631072998","4.058997631072998","4.058997631072998","4.546204566955566","4.546204566955566","4.546204566955566","4.359179496765137","4.359179496765137","4.359179496765137"
"35400","4.26615571975708","4.26615571975708","4.26615571975708","4.422599792480469","4.422599792480469","4.422599792480469","4.296134948730469","4.296134948730469","4.296134948730469"
"35500","4.065633773803711","4.065633773803711","4.065633773803711","4.374619483947754","4.374619483947754","4.374619483947754","4.088930606842041","4.088930606842041","4.088930606842041"
"35600","4.2747979164123535","4.2747979164123535","4.2747979164123535","4.393002033233643","4.393002033233643","4.393002033233643","3.8986568450927734","3.8986568450927734","3.8986568450927734"
"35700","4.140017509460449","4.140017509460449","4.140017509460449","4.467860221862793","4.467860221862793","4.467860221862793","4.335869312286377","4.335869312286377","4.335869312286377"
"35800","4.138333320617676","4.138333320617676","4.138333320617676","4.423313617706299","4.423313617706299","4.423313617706299","4.271814823150635","4.271814823150635","4.271814823150635"
"35900","4.2073588371276855","4.2073588371276855","4.2073588371276855","4.408415794372559","4.408415794372559","4.408415794372559","4.253424167633057","4.253424167633057","4.253424167633057"
"36000","4.28281831741333","4.28281831741333","4.28281831741333","4.4116926193237305","4.4116926193237305","4.4116926193237305","4.236289978027344","4.236289978027344","4.236289978027344"
"36100","4.162025451660156","4.162025451660156","4.162025451660156","4.3497633934021","4.3497633934021","4.3497633934021","4.171320915222168","4.171320915222168","4.171320915222168"
"36200","4.110078811645508","4.110078811645508","4.110078811645508","4.354166030883789","4.354166030883789","4.354166030883789","4.169373035430908","4.169373035430908","4.169373035430908"
"36300","4.1269683837890625","4.1269683837890625","4.1269683837890625","4.135526657104492","4.135526657104492","4.135526657104492","4.280210494995117","4.280210494995117","4.280210494995117"
"36400","4.189266204833984","4.189266204833984","4.189266204833984","4.403805732727051","4.403805732727051","4.403805732727051","4.251794338226318","4.251794338226318","4.251794338226318"
"36500","4.153144836425781","4.153144836425781","4.153144836425781","4.76467752456665","4.76467752456665","4.76467752456665","4.150171756744385","4.150171756744385","4.150171756744385"
"36600","4.154160022735596","4.154160022735596","4.154160022735596","4.502670764923096","4.502670764923096","4.502670764923096","4.280753135681152","4.280753135681152","4.280753135681152"
"36700","4.185187816619873","4.185187816619873","4.185187816619873","4.425955295562744","4.425955295562744","4.425955295562744","4.105323791503906","4.105323791503906","4.105323791503906"
"36800","4.187060832977295","4.187060832977295","4.187060832977295","4.454014778137207","4.454014778137207","4.454014778137207","4.212864398956299","4.212864398956299","4.212864398956299"
"36900","4.260976791381836","4.260976791381836","4.260976791381836","4.333219051361084","4.333219051361084","4.333219051361084","4.223122596740723","4.223122596740723","4.223122596740723"
"37000","4.201313018798828","4.201313018798828","4.201313018798828","4.186323642730713","4.186323642730713","4.186323642730713","4.223847389221191","4.223847389221191","4.223847389221191"
"37100","4.192995548248291","4.192995548248291","4.192995548248291","4.310111045837402","4.310111045837402","4.310111045837402","4.313163757324219","4.313163757324219","4.313163757324219"
"37200","4.210483074188232","4.210483074188232","4.210483074188232","4.340292453765869","4.340292453765869","4.340292453765869","3.939937114715576","3.939937114715576","3.939937114715576"
"37300","4.18407678604126","4.18407678604126","4.18407678604126","4.392260551452637","4.392260551452637","4.392260551452637","4.248390197753906","4.248390197753906","4.248390197753906"
"37400","3.942440986633301","3.942440986633301","3.942440986633301","4.3311967849731445","4.3311967849731445","4.3311967849731445","3.7257823944091797","3.7257823944091797","3.7257823944091797"
"37500","4.103765487670898","4.103765487670898","4.103765487670898","3.986906051635742","3.986906051635742","3.986906051635742","3.988813877105713","3.988813877105713","3.988813877105713"
"37600","4.251551151275635","4.251551151275635","4.251551151275635","4.123072624206543","4.123072624206543","4.123072624206543","4.061415672302246","4.061415672302246","4.061415672302246"
"37700","4.170910835266113","4.170910835266113","4.170910835266113","4.463442802429199","4.463442802429199","4.463442802429199","4.205297470092773","4.205297470092773","4.205297470092773"
"37800","3.9920830726623535","3.9920830726623535","3.9920830726623535","4.415647506713867","4.415647506713867","4.415647506713867","4.230419158935547","4.230419158935547","4.230419158935547"
"37900","4.043965816497803","4.043965816497803","4.043965816497803","4.360672473907471","4.360672473907471","4.360672473907471","4.240109443664551","4.240109443664551","4.240109443664551"
"38000","3.979326009750366","3.979326009750366","3.979326009750366","4.353562355041504","4.353562355041504","4.353562355041504","4.073783874511719","4.073783874511719","4.073783874511719"
"38100","3.9137609004974365","3.9137609004974365","3.9137609004974365","4.352786540985107","4.352786540985107","4.352786540985107","3.987194061279297","3.987194061279297","3.987194061279297"
"38200","4.253758430480957","4.253758430480957","4.253758430480957","4.358220100402832","4.358220100402832","4.358220100402832","4.11173152923584","4.11173152923584","4.11173152923584"
"38300","3.9644217491149902","3.9644217491149902","3.9644217491149902","4.456893444061279","4.456893444061279","4.456893444061279","4.107876300811768","4.107876300811768","4.107876300811768"
"38400","4.19809627532959","4.19809627532959","4.19809627532959","4.159112453460693","4.159112453460693","4.159112453460693","4.053309917449951","4.053309917449951","4.053309917449951"
"38500","4.191908359527588","4.191908359527588","4.191908359527588","4.115810394287109","4.115810394287109","4.115810394287109","4.356866836547852","4.356866836547852","4.356866836547852"
"38600","4.111532688140869","4.111532688140869","4.111532688140869","4.335291862487793","4.335291862487793","4.335291862487793","4.009573936462402","4.009573936462402","4.009573936462402"
"38700","4.00360631942749","4.00360631942749","4.00360631942749","4.448685169219971","4.448685169219971","4.448685169219971","4.131403923034668","4.131403923034668","4.131403923034668"
"38800","4.167396545410156","4.167396545410156","4.167396545410156","4.281432628631592","4.281432628631592","4.281432628631592","4.182430267333984","4.182430267333984","4.182430267333984"
"38900","4.223126411437988","4.223126411437988","4.223126411437988","4.146744728088379","4.146744728088379","4.146744728088379","4.279919624328613","4.279919624328613","4.279919624328613"
"39000","4.154638290405273","4.154638290405273","4.154638290405273","4.182290077209473","4.182290077209473","4.182290077209473","4.162125587463379","4.162125587463379","4.162125587463379"
"39100","4.054199695587158","4.054199695587158","4.054199695587158","4.167331695556641","4.167331695556641","4.167331695556641","4.139904022216797","4.139904022216797","4.139904022216797"
"39200","4.144678115844727","4.144678115844727","4.144678115844727","4.407432556152344","4.407432556152344","4.407432556152344","4.096682548522949","4.096682548522949","4.096682548522949"
"39300","4.147643089294434","4.147643089294434","4.147643089294434","4.439329624176025","4.439329624176025","4.439329624176025","4.052240371704102","4.052240371704102","4.052240371704102"
"39400","4.190982341766357","4.190982341766357","4.190982341766357","4.134092330932617","4.134092330932617","4.134092330932617","4.430500507354736","4.430500507354736","4.430500507354736"
"39500","3.927929401397705","3.927929401397705","3.927929401397705","4.3668904304504395","4.3668904304504395","4.3668904304504395","3.973428726196289","3.973428726196289","3.973428726196289"
"39600","3.9225223064422607","3.9225223064422607","3.9225223064422607","4.23124361038208","4.23124361038208","4.23124361038208","3.935528516769409","3.935528516769409","3.935528516769409"
"39700","3.9933106899261475","3.9933106899261475","3.9933106899261475","4.094781875610352","4.094781875610352","4.094781875610352","4.303767204284668","4.303767204284668","4.303767204284668"
"39800","4.069502830505371","4.069502830505371","4.069502830505371","4.370462894439697","4.370462894439697","4.370462894439697","4.143368721008301","4.143368721008301","4.143368721008301"
"39900","4.2479658126831055","4.2479658126831055","4.2479658126831055","4.463303089141846","4.463303089141846","4.463303089141846","4.227214813232422","4.227214813232422","4.227214813232422"
"40000","4.20019006729126","4.20019006729126","4.20019006729126","3.9466145038604736","3.9466145038604736","3.9466145038604736","4.192241191864014","4.192241191864014","4.192241191864014"
"40100","4.215270042419434","4.215270042419434","4.215270042419434","4.317875862121582","4.317875862121582","4.317875862121582","4.068579196929932","4.068579196929932","4.068579196929932"
"40200","4.084382057189941","4.084382057189941","4.084382057189941","4.586454391479492","4.586454391479492","4.586454391479492","4.314853668212891","4.314853668212891","4.314853668212891"
"40300","4.045289039611816","4.045289039611816","4.045289039611816","4.272168159484863","4.272168159484863","4.272168159484863","4.191435813903809","4.191435813903809","4.191435813903809"
"40400","4.087310791015625","4.087310791015625","4.087310791015625","4.327536106109619","4.327536106109619","4.327536106109619","4.150468826293945","4.150468826293945","4.150468826293945"
"40500","4.100546836853027","4.100546836853027","4.100546836853027","4.186379909515381","4.186379909515381","4.186379909515381","3.9168105125427246","3.9168105125427246","3.9168105125427246"
"40600","4.1942830085754395","4.1942830085754395","4.1942830085754395","4.378585338592529","4.378585338592529","4.378585338592529","4.412662029266357","4.412662029266357","4.412662029266357"
"40700","4.034296989440918","4.034296989440918","4.034296989440918","4.225271701812744","4.225271701812744","4.225271701812744","4.232200622558594","4.232200622558594","4.232200622558594"
"40800","3.911041021347046","3.911041021347046","3.911041021347046","4.427920818328857","4.427920818328857","4.427920818328857","4.1750807762146","4.1750807762146","4.1750807762146"
"40900","4.035985469818115","4.035985469818115","4.035985469818115","4.214685916900635","4.214685916900635","4.214685916900635","4.310308456420898","4.310308456420898","4.310308456420898"
"41000","4.244385719299316","4.244385719299316","4.244385719299316","4.007481098175049","4.007481098175049","4.007481098175049","4.03084135055542","4.03084135055542","4.03084135055542"
"41100","4.116059303283691","4.116059303283691","4.116059303283691","4.414877891540527","4.414877891540527","4.414877891540527","4.319359302520752","4.319359302520752","4.319359302520752"
"41200","4.0845794677734375","4.0845794677734375","4.0845794677734375","4.429419994354248","4.429419994354248","4.429419994354248","4.0849432945251465","4.0849432945251465","4.0849432945251465"
"41300","4.179084777832031","4.179084777832031","4.179084777832031","4.325716495513916","4.325716495513916","4.325716495513916","4.194886684417725","4.194886684417725","4.194886684417725"
"41400","3.9308297634124756","3.9308297634124756","3.9308297634124756","4.414334297180176","4.414334297180176","4.414334297180176","4.302857398986816","4.302857398986816","4.302857398986816"
"41500","4.14194917678833","4.14194917678833","4.14194917678833","4.437587738037109","4.437587738037109","4.437587738037109","4.165586948394775","4.165586948394775","4.165586948394775"
"41600","4.170014381408691","4.170014381408691","4.170014381408691","4.356680393218994","4.356680393218994","4.356680393218994","4.064642906188965","4.064642906188965","4.064642906188965"
"41700","4.12285852432251","4.12285852432251","4.12285852432251","4.205624103546143","4.205624103546143","4.205624103546143","4.208410739898682","4.208410739898682","4.208410739898682"
"41800","4.093874454498291","4.093874454498291","4.093874454498291","4.10274600982666","4.10274600982666","4.10274600982666","4.312198638916016","4.312198638916016","4.312198638916016"
"41900","4.195028781890869","4.195028781890869","4.195028781890869","4.045873641967773","4.045873641967773","4.045873641967773","4.176480770111084","4.176480770111084","4.176480770111084"
"42000","4.065796852111816","4.065796852111816","4.065796852111816","4.350110054016113","4.350110054016113","4.350110054016113","4.217139720916748","4.217139720916748","4.217139720916748"
"42100","4.044731140136719","4.044731140136719","4.044731140136719","4.410586357116699","4.410586357116699","4.410586357116699","4.044631481170654","4.044631481170654","4.044631481170654"
"42200","4.2105302810668945","4.2105302810668945","4.2105302810668945","4.439669132232666","4.439669132232666","4.439669132232666","4.300902843475342","4.300902843475342","4.300902843475342"
"42300","4.151362419128418","4.151362419128418","4.151362419128418","4.30564022064209","4.30564022064209","4.30564022064209","4.253024101257324","4.253024101257324","4.253024101257324"
"42400","4.105889320373535","4.105889320373535","4.105889320373535","4.320598125457764","4.320598125457764","4.320598125457764","4.043650150299072","4.043650150299072","4.043650150299072"
"42500","4.174327373504639","4.174327373504639","4.174327373504639","4.320738315582275","4.320738315582275","4.320738315582275","4.212434768676758","4.212434768676758","4.212434768676758"
"42600","4.059629917144775","4.059629917144775","4.059629917144775","4.238562107086182","4.238562107086182","4.238562107086182","4.379420757293701","4.379420757293701","4.379420757293701"
"42700","4.129504680633545","4.129504680633545","4.129504680633545","4.171908855438232","4.171908855438232","4.171908855438232","4.276972770690918","4.276972770690918","4.276972770690918"
"42800","4.220860481262207","4.220860481262207","4.220860481262207","3.907667636871338","3.907667636871338","3.907667636871338","3.9244933128356934","3.9244933128356934","3.9244933128356934"
"42900","4.126535892486572","4.126535892486572","4.126535892486572","4.355757713317871","4.355757713317871","4.355757713317871","4.021169185638428","4.021169185638428","4.021169185638428"
"43000","4.148190498352051","4.148190498352051","4.148190498352051","4.482512950897217","4.482512950897217","4.482512950897217","4.111015319824219","4.111015319824219","4.111015319824219"
"43100","4.1170878410339355","4.1170878410339355","4.1170878410339355","4.371232986450195","4.371232986450195","4.371232986450195","4.268479824066162","4.268479824066162","4.268479824066162"
"43200","3.9560084342956543","3.9560084342956543","3.9560084342956543","4.270112991333008","4.270112991333008","4.270112991333008","4.273755073547363","4.273755073547363","4.273755073547363"
"43300","4.134853839874268","4.134853839874268","4.134853839874268","4.121185302734375","4.121185302734375","4.121185302734375","4.1852617263793945","4.1852617263793945","4.1852617263793945"
"43400","4.02799129486084","4.02799129486084","4.02799129486084","4.297610759735107","4.297610759735107","4.297610759735107","4.159608840942383","4.159608840942383","4.159608840942383"
"43500","4.151151180267334","4.151151180267334","4.151151180267334","4.097230911254883","4.097230911254883","4.097230911254883","3.8371167182922363","3.8371167182922363","3.8371167182922363"
"43600","4.19868803024292","4.19868803024292","4.19868803024292","4.030466079711914","4.030466079711914","4.030466079711914","4.072662830352783","4.072662830352783","4.072662830352783"
"43700","4.125564098358154","4.125564098358154","4.125564098358154","4.270517826080322","4.270517826080322","4.270517826080322","4.05198860168457","4.05198860168457","4.05198860168457"
"43800","3.8916122913360596","3.8916122913360596","3.8916122913360596","4.412073135375977","4.412073135375977","4.412073135375977","4.277857780456543","4.277857780456543","4.277857780456543"
"43900","3.9988021850585938","3.9988021850585938","3.9988021850585938","4.047302722930908","4.047302722930908","4.047302722930908","4.029973030090332","4.029973030090332","4.029973030090332"
"44000","4.069072723388672","4.069072723388672","4.069072723388672","4.345310688018799","4.345310688018799","4.345310688018799","3.939028739929199","3.939028739929199","3.939028739929199"
"44100","4.086296081542969","4.086296081542969","4.086296081542969","4.165665149688721","4.165665149688721","4.165665149688721","4.179775238037109","4.179775238037109","4.179775238037109"
"44200","3.9835400581359863","3.9835400581359863","3.9835400581359863","4.365837574005127","4.365837574005127","4.365837574005127","3.9943394660949707","3.9943394660949707","3.9943394660949707"
"44300","4.126082420349121","4.126082420349121","4.126082420349121","4.3435750007629395","4.3435750007629395","4.3435750007629395","4.1958327293396","4.1958327293396","4.1958327293396"
"44400","4.017752647399902","4.017752647399902","4.017752647399902","4.303317070007324","4.303317070007324","4.303317070007324","4.113708972930908","4.113708972930908","4.113708972930908"
"44500","4.082834243774414","4.082834243774414","4.082834243774414","4.311668395996094","4.311668395996094","4.311668395996094","4.321842670440674","4.321842670440674","4.321842670440674"
"44600","4.131898880004883","4.131898880004883","4.131898880004883","4.360357761383057","4.360357761383057","4.360357761383057","4.3573808670043945","4.3573808670043945","4.3573808670043945"
"44700","4.103054523468018","4.103054523468018","4.103054523468018","4.148615837097168","4.148615837097168","4.148615837097168","4.023565769195557","4.023565769195557","4.023565769195557"
"44800","4.135492324829102","4.135492324829102","4.135492324829102","4.268936634063721","4.268936634063721","4.268936634063721","4.052901268005371","4.052901268005371","4.052901268005371"
"44900","4.120429515838623","4.120429515838623","4.120429515838623","4.330782890319824","4.330782890319824","4.330782890319824","4.210809230804443","4.210809230804443","4.210809230804443"
"45000","4.042753219604492","4.042753219604492","4.042753219604492","4.3666486740112305","4.3666486740112305","4.3666486740112305","4.107338905334473","4.107338905334473","4.107338905334473"
"45100","3.9941506385803223","3.9941506385803223","3.9941506385803223","4.244416236877441","4.244416236877441","4.244416236877441","4.114873886108398","4.114873886108398","4.114873886108398"
"45200","4.074594974517822","4.074594974517822","4.074594974517822","4.4296956062316895","4.4296956062316895","4.4296956062316895","3.8926730155944824","3.8926730155944824","3.8926730155944824"
"45300","4.009884357452393","4.009884357452393","4.009884357452393","4.1458539962768555","4.1458539962768555","4.1458539962768555","4.1941237449646","4.1941237449646","4.1941237449646"
"45400","4.003732204437256","4.003732204437256","4.003732204437256","4.3751301765441895","4.3751301765441895","4.3751301765441895","3.867220640182495","3.867220640182495","3.867220640182495"
"45500","3.9746084213256836","3.9746084213256836","3.9746084213256836","4.206626892089844","4.206626892089844","4.206626892089844","4.124639511108398","4.124639511108398","4.124639511108398"
"45600","3.887047052383423","3.887047052383423","3.887047052383423","4.358216285705566","4.358216285705566","4.358216285705566","4.013415813446045","4.013415813446045","4.013415813446045"
"45700","4.0002970695495605","4.0002970695495605","4.0002970695495605","4.348055839538574","4.348055839538574","4.348055839538574","4.2671918869018555","4.2671918869018555","4.2671918869018555"
"45800","4.124885559082031","4.124885559082031","4.124885559082031","4.468862533569336","4.468862533569336","4.468862533569336","4.172818183898926","4.172818183898926","4.172818183898926"
"45900","3.9659833908081055","3.9659833908081055","3.9659833908081055","4.2280497550964355","4.2280497550964355","4.2280497550964355","4.318205833435059","4.318205833435059","4.318205833435059"
"46000","4.159523963928223","4.159523963928223","4.159523963928223","4.351720333099365","4.351720333099365","4.351720333099365","4.1269426345825195","4.1269426345825195","4.1269426345825195"
"46100","3.933467388153076","3.933467388153076","3.933467388153076","4.444672584533691","4.444672584533691","4.444672584533691","3.991589069366455","3.991589069366455","3.991589069366455"
"46200","3.956975221633911","3.956975221633911","3.956975221633911","4.357840061187744","4.357840061187744","4.357840061187744","4.211952209472656","4.211952209472656","4.211952209472656"
"46300","4.132948875427246","4.132948875427246","4.132948875427246","4.32886266708374","4.32886266708374","4.32886266708374","4.114800453186035","4.114800453186035","4.114800453186035"
"46400","4.095538139343262","4.095538139343262","4.095538139343262","4.262505054473877","4.262505054473877","4.262505054473877","4.146717548370361","4.146717548370361","4.146717548370361"
"46500","4.1750898361206055","4.1750898361206055","4.1750898361206055","4.3349103927612305","4.3349103927612305","4.3349103927612305","3.920919418334961","3.920919418334961","3.920919418334961"
"46600","4.147220134735107","4.147220134735107","4.147220134735107","4.361451148986816","4.361451148986816","4.361451148986816","4.085845947265625","4.085845947265625","4.085845947265625"
"46700","4.107736110687256","4.107736110687256","4.107736110687256","4.40506649017334","4.40506649017334","4.40506649017334","4.279808521270752","4.279808521270752","4.279808521270752"
"46800","4.057673931121826","4.057673931121826","4.057673931121826","4.399508953094482","4.399508953094482","4.399508953094482","4.1888837814331055","4.1888837814331055","4.1888837814331055"
"46900","4.130380630493164","4.130380630493164","4.130380630493164","4.401620388031006","4.401620388031006","4.401620388031006","4.056111812591553","4.056111812591553","4.056111812591553"
"47000","4.115543365478516","4.115543365478516","4.115543365478516","4.371957302093506","4.371957302093506","4.371957302093506","4.115768909454346","4.115768909454346","4.115768909454346"
"47100","4.120671272277832","4.120671272277832","4.120671272277832","4.430932521820068","4.430932521820068","4.430932521820068","4.146337509155273","4.146337509155273","4.146337509155273"
"47200","4.130218982696533","4.130218982696533","4.130218982696533","4.04348087310791","4.04348087310791","4.04348087310791","3.880361318588257","3.880361318588257","3.880361318588257"
"47300","3.8665361404418945","3.8665361404418945","3.8665361404418945","4.35073184967041","4.35073184967041","4.35073184967041","3.873959541320801","3.873959541320801","3.873959541320801"
"47400","4.072081565856934","4.072081565856934","4.072081565856934","4.3723578453063965","4.3723578453063965","4.3723578453063965","4.113646030426025","4.113646030426025","4.113646030426025"
"47500","4.1056647300720215","4.1056647300720215","4.1056647300720215","4.279154300689697","4.279154300689697","4.279154300689697","4.2280192375183105","4.2280192375183105","4.2280192375183105"
"47600","4.133861064910889","4.133861064910889","4.133861064910889","4.385507583618164","4.385507583618164","4.385507583618164","3.995084285736084","3.995084285736084","3.995084285736084"
"47700","4.067274570465088","4.067274570465088","4.067274570465088","4.360219478607178","4.360219478607178","4.360219478607178","4.155738830566406","4.155738830566406","4.155738830566406"
"47800","4.2004241943359375","4.2004241943359375","4.2004241943359375","4.347544193267822","4.347544193267822","4.347544193267822","4.243620872497559","4.243620872497559","4.243620872497559"
"47900","4.093980312347412","4.093980312347412","4.093980312347412","4.450898170471191","4.450898170471191","4.450898170471191","3.9702301025390625","3.9702301025390625","3.9702301025390625"
"48000","4.125948429107666","4.125948429107666","4.125948429107666","4.134388446807861","4.134388446807861","4.134388446807861","4.211889266967773","4.211889266967773","4.211889266967773"
"48100","4.099654674530029","4.099654674530029","4.099654674530029","4.061977386474609","4.061977386474609","4.061977386474609","4.073101043701172","4.073101043701172","4.073101043701172"
"48200","4.088553428649902","4.088553428649902","4.088553428649902","3.9718172550201416","3.9718172550201416","3.9718172550201416","4.128760814666748","4.128760814666748","4.128760814666748"
"48300","4.068641185760498","4.068641185760498","4.068641185760498","4.387001991271973","4.387001991271973","4.387001991271973","4.188540458679199","4.188540458679199","4.188540458679199"
"48400","4.2155680656433105","4.2155680656433105","4.2155680656433105","4.356504917144775","4.356504917144775","4.356504917144775","4.030518531799316","4.030518531799316","4.030518531799316"
"48500","4.086784362792969","4.086784362792969","4.086784362792969","4.317570686340332","4.317570686340332","4.317570686340332","4.142054080963135","4.142054080963135","4.142054080963135"
"48600","4.194506645202637","4.194506645202637","4.194506645202637","4.371915340423584","4.371915340423584","4.371915340423584","4.139011859893799","4.139011859893799","4.139011859893799"
"48700","4.145561695098877","4.145561695098877","4.145561695098877","4.2907867431640625","4.2907867431640625","4.2907867431640625","4.128963947296143","4.128963947296143","4.128963947296143"
"48800","3.9675791263580322","3.9675791263580322","3.9675791263580322","4.080366134643555","4.080366134643555","4.080366134643555","4.148055076599121","4.148055076599121","4.148055076599121"
"48900","4.078409671783447","4.078409671783447","4.078409671783447","4.300106525421143","4.300106525421143","4.300106525421143","3.921281576156616","3.921281576156616","3.921281576156616"
"49000","4.198115825653076","4.198115825653076","4.198115825653076","4.2429304122924805","4.2429304122924805","4.2429304122924805","4.229223251342773","4.229223251342773","4.229223251342773"
"49100","4.150430679321289","4.150430679321289","4.150430679321289","4.297484874725342","4.297484874725342","4.297484874725342","4.123344421386719","4.123344421386719","4.123344421386719"
"49200","3.9899611473083496","3.9899611473083496","3.9899611473083496","4.283346176147461","4.283346176147461","4.283346176147461","4.029102802276611","4.029102802276611","4.029102802276611"
"49300","4.132818222045898","4.132818222045898","4.132818222045898","4.141168594360352","4.141168594360352","4.141168594360352","4.233579158782959","4.233579158782959","4.233579158782959"
"49400","4.075968265533447","4.075968265533447","4.075968265533447","4.283661365509033","4.283661365509033","4.283661365509033","4.117062091827393","4.117062091827393","4.117062091827393"
"49500","4.079193115234375","4.079193115234375","4.079193115234375","4.349980354309082","4.349980354309082","4.349980354309082","4.117513179779053","4.117513179779053","4.117513179779053"
"49600","4.013941764831543","4.013941764831543","4.013941764831543","4.345648288726807","4.345648288726807","4.345648288726807","3.948782444000244","3.948782444000244","3.948782444000244"
"49700","3.860959768295288","3.860959768295288","3.860959768295288","4.0952372550964355","4.0952372550964355","4.0952372550964355","3.8773858547210693","3.8773858547210693","3.8773858547210693"
"49800","3.828174591064453","3.828174591064453","3.828174591064453","4.303948879241943","4.303948879241943","4.303948879241943","3.8555989265441895","3.8555989265441895","3.8555989265441895"
"49900","4.069582939147949","4.069582939147949","4.069582939147949","4.175427436828613","4.175427436828613","4.175427436828613","4.0422163009643555","4.0422163009643555","4.0422163009643555"
"50000","4.162871360778809","4.162871360778809","4.162871360778809","4.381226539611816","4.381226539611816","4.381226539611816","4.300330638885498","4.300330638885498","4.300330638885498"
"50100","4.131414890289307","4.131414890289307","4.131414890289307","4.330027103424072","4.330027103424072","4.330027103424072","4.11067008972168","4.11067008972168","4.11067008972168"
"50200","3.983767509460449","3.983767509460449","3.983767509460449","4.16354513168335","4.16354513168335","4.16354513168335","3.9746763706207275","3.9746763706207275","3.9746763706207275"
"50300","4.106451988220215","4.106451988220215","4.106451988220215","4.319357872009277","4.319357872009277","4.319357872009277","4.021215915679932","4.021215915679932","4.021215915679932"
"50400","4.100518703460693","4.100518703460693","4.100518703460693","4.262541770935059","4.262541770935059","4.262541770935059","3.9874444007873535","3.9874444007873535","3.9874444007873535"
"50500","4.177465438842773","4.177465438842773","4.177465438842773","4.318434715270996","4.318434715270996","4.318434715270996","4.206552505493164","4.206552505493164","4.206552505493164"
"50600","4.1923508644104","4.1923508644104","4.1923508644104","4.021560192108154","4.021560192108154","4.021560192108154","4.175793647766113","4.175793647766113","4.175793647766113"
"50700","4.081691265106201","4.081691265106201","4.081691265106201","4.129507541656494","4.129507541656494","4.129507541656494","3.9952168464660645","3.9952168464660645","3.9952168464660645"
"50800","3.9801554679870605","3.9801554679870605","3.9801554679870605","4.150638103485107","4.150638103485107","4.150638103485107","4.1191487312316895","4.1191487312316895","4.1191487312316895"
"50900","4.1138105392456055","4.1138105392456055","4.1138105392456055","4.368676662445068","4.368676662445068","4.368676662445068","4.086432933807373","4.086432933807373","4.086432933807373"
"51000","3.9835007190704346","3.9835007190704346","3.9835007190704346","4.392143726348877","4.392143726348877","4.392143726348877","4.252780914306641","4.252780914306641","4.252780914306641"
"51100","4.0554633140563965","4.0554633140563965","4.0554633140563965","4.068772792816162","4.068772792816162","4.068772792816162","4.180787086486816","4.180787086486816","4.180787086486816"
"51200","4.139406681060791","4.139406681060791","4.139406681060791","4.319468975067139","4.319468975067139","4.319468975067139","4.249703407287598","4.249703407287598","4.249703407287598"
"51300","4.1302618980407715","4.1302618980407715","4.1302618980407715","4.317358016967773","4.317358016967773","4.317358016967773","4.18061637878418","4.18061637878418","4.18061637878418"
"51400","4.043323040008545","4.043323040008545","4.043323040008545","4.336145877838135","4.336145877838135","4.336145877838135","3.8283729553222656","3.8283729553222656","3.8283729553222656"
"51500","4.104723930358887","4.104723930358887","4.104723930358887","4.361654758453369","4.361654758453369","4.361654758453369","4.113765716552734","4.113765716552734","4.113765716552734"
"51600","4.008955001831055","4.008955001831055","4.008955001831055","4.325549602508545","4.325549602508545","4.325549602508545","4.214637756347656","4.214637756347656","4.214637756347656"
"51700","4.050298690795898","4.050298690795898","4.050298690795898","4.329484939575195","4.329484939575195","4.329484939575195","3.9058589935302734","3.9058589935302734","3.9058589935302734"
"51800","4.023446083068848","4.023446083068848","4.023446083068848","4.275434494018555","4.275434494018555","4.275434494018555","4.082463264465332","4.082463264465332","4.082463264465332"
"51900","4.00407600402832","4.00407600402832","4.00407600402832","3.9414992332458496","3.9414992332458496","3.9414992332458496","4.024640083312988","4.024640083312988","4.024640083312988"
"52000","4.0825018882751465","4.0825018882751465","4.0825018882751465","4.403316497802734","4.403316497802734","4.403316497802734","4.202661991119385","4.202661991119385","4.202661991119385"
"52100","4.074987888336182","4.074987888336182","4.074987888336182","4.0737128257751465","4.0737128257751465","4.0737128257751465","4.088482856750488","4.088482856750488","4.088482856750488"
"52200","4.136269569396973","4.136269569396973","4.136269569396973","4.2449564933776855","4.2449564933776855","4.2449564933776855","4.250343322753906","4.250343322753906","4.250343322753906"
"52300","3.998673915863037","3.998673915863037","3.998673915863037","4.372748374938965","4.372748374938965","4.372748374938965","4.186715126037598","4.186715126037598","4.186715126037598"
"52400","4.155300140380859","4.155300140380859","4.155300140380859","4.36842679977417","4.36842679977417","4.36842679977417","4.240869522094727","4.240869522094727","4.240869522094727"
"52500","4.125555515289307","4.125555515289307","4.125555515289307","4.337708950042725","4.337708950042725","4.337708950042725","4.252653121948242","4.252653121948242","4.252653121948242"
"52600","4.078349590301514","4.078349590301514","4.078349590301514","3.778768301010132","3.778768301010132","3.778768301010132","4.177070617675781","4.177070617675781","4.177070617675781"
"52700","3.9045660495758057","3.9045660495758057","3.9045660495758057","4.342020511627197","4.342020511627197","4.342020511627197","4.17094612121582","4.17094612121582","4.17094612121582"
"52800","3.975383758544922","3.975383758544922","3.975383758544922","4.245670318603516","4.245670318603516","4.245670318603516","4.1188883781433105","4.1188883781433105","4.1188883781433105"
"52900","4.165213584899902","4.165213584899902","4.165213584899902","4.360663414001465","4.360663414001465","4.360663414001465","4.01470947265625","4.01470947265625","4.01470947265625"
"53000","4.098748207092285","4.098748207092285","4.098748207092285","4.372722625732422","4.372722625732422","4.372722625732422","4.095304012298584","4.095304012298584","4.095304012298584"
"53100","4.053544521331787","4.053544521331787","4.053544521331787","4.312684059143066","4.312684059143066","4.312684059143066","3.916872501373291","3.916872501373291","3.916872501373291"
"53200","3.9513840675354004","3.9513840675354004","3.9513840675354004","4.365076541900635","4.365076541900635","4.365076541900635","3.8879809379577637","3.8879809379577637","3.8879809379577637"
"53300","3.92490816116333","3.92490816116333","3.92490816116333","4.185236930847168","4.185236930847168","4.185236930847168","4.060281753540039","4.060281753540039","4.060281753540039"
"53400","3.9241104125976562","3.9241104125976562","3.9241104125976562","4.377188205718994","4.377188205718994","4.377188205718994","4.148061275482178","4.148061275482178","4.148061275482178"
"53500","3.900240421295166","3.900240421295166","3.900240421295166","4.241654396057129","4.241654396057129","4.241654396057129","3.988809823989868","3.988809823989868","3.988809823989868"
"53600","4.119101047515869","4.119101047515869","4.119101047515869","4.2622456550598145","4.2622456550598145","4.2622456550598145","4.274740695953369","4.274740695953369","4.274740695953369"
"53700","3.9832892417907715","3.9832892417907715","3.9832892417907715","4.197115898132324","4.197115898132324","4.197115898132324","3.8894481658935547","3.8894481658935547","3.8894481658935547"
"53800","3.926210403442383","3.926210403442383","3.926210403442383","4.029576301574707","4.029576301574707","4.029576301574707","4.076717853546143","4.076717853546143","4.076717853546143"
"53900","4.098581314086914","4.098581314086914","4.098581314086914","4.338219165802002","4.338219165802002","4.338219165802002","4.2375898361206055","4.2375898361206055","4.2375898361206055"
"54000","4.069261074066162","4.069261074066162","4.069261074066162","4.321106910705566","4.321106910705566","4.321106910705566","4.1660871505737305","4.1660871505737305","4.1660871505737305"
"54100","3.886220693588257","3.886220693588257","3.886220693588257","4.0882887840271","4.0882887840271","4.0882887840271","3.8670430183410645","3.8670430183410645","3.8670430183410645"
"54200","4.0162224769592285","4.0162224769592285","4.0162224769592285","4.0325703620910645","4.0325703620910645","4.0325703620910645","3.925931930541992","3.925931930541992","3.925931930541992"
"54300","4.206487655639648","4.206487655639648","4.206487655639648","4.292670249938965","4.292670249938965","4.292670249938965","4.01371955871582","4.01371955871582","4.01371955871582"
"54400","4.0203938484191895","4.0203938484191895","4.0203938484191895","4.340230464935303","4.340230464935303","4.340230464935303","4.008313179016113","4.008313179016113","4.008313179016113"
"54500","4.052366256713867","4.052366256713867","4.052366256713867","4.16092586517334","4.16092586517334","4.16092586517334","3.9392740726470947","3.9392740726470947","3.9392740726470947"
"54600","4.020179271697998","4.020179271697998","4.020179271697998","4.2487664222717285","4.2487664222717285","4.2487664222717285","4.128276348114014","4.128276348114014","4.128276348114014"
"54700","3.7718372344970703","3.7718372344970703","3.7718372344970703","4.278439998626709","4.278439998626709","4.278439998626709","4.165556907653809","4.165556907653809","4.165556907653809"
"54800","3.9172842502593994","3.9172842502593994","3.9172842502593994","4.175421237945557","4.175421237945557","4.175421237945557","4.082659721374512","4.082659721374512","4.082659721374512"
"54900","4.121310234069824","4.121310234069824","4.121310234069824","4.064695358276367","4.064695358276367","4.064695358276367","4.150123596191406","4.150123596191406","4.150123596191406"
"55000","3.947589159011841","3.947589159011841","3.947589159011841","4.315228462219238","4.315228462219238","4.315228462219238","4.233893871307373","4.233893871307373","4.233893871307373"
"55100","4.011287212371826","4.011287212371826","4.011287212371826","3.847195863723755","3.847195863723755","3.847195863723755","4.184790134429932","4.184790134429932","4.184790134429932"
"55200","4.131758213043213","4.131758213043213","4.131758213043213","4.32805061340332","4.32805061340332","4.32805061340332","3.898613214492798","3.898613214492798","3.898613214492798"
"55300","3.903822898864746","3.903822898864746","3.903822898864746","4.311396598815918","4.311396598815918","4.311396598815918","4.156793594360352","4.156793594360352","4.156793594360352"
"55400","4.107630252838135","4.107630252838135","4.107630252838135","4.129690647125244","4.129690647125244","4.129690647125244","4.0799641609191895","4.0799641609191895","4.0799641609191895"
"55500","4.051726818084717","4.051726818084717","4.051726818084717","3.9994521141052246","3.9994521141052246","3.9994521141052246","4.121121883392334","4.121121883392334","4.121121883392334"
"55600","4.0339789390563965","4.0339789390563965","4.0339789390563965","4.320801258087158","4.320801258087158","4.320801258087158","4.096380233764648","4.096380233764648","4.096380233764648"
"55700","4.023541450500488","4.023541450500488","4.023541450500488","4.252381801605225","4.252381801605225","4.252381801605225","4.185820579528809","4.185820579528809","4.185820579528809"
"55800","4.091597557067871","4.091597557067871","4.091597557067871","4.321231842041016","4.321231842041016","4.321231842041016","4.049649238586426","4.049649238586426","4.049649238586426"
"55900","4.098372459411621","4.098372459411621","4.098372459411621","4.356706619262695","4.356706619262695","4.356706619262695","4.208798408508301","4.208798408508301","4.208798408508301"
"56000","4.041385650634766","4.041385650634766","4.041385650634766","4.276782035827637","4.276782035827637","4.276782035827637","4.083868503570557","4.083868503570557","4.083868503570557"
"56100","4.002182483673096","4.002182483673096","4.002182483673096","4.0805840492248535","4.0805840492248535","4.0805840492248535","4.010939598083496","4.010939598083496","4.010939598083496"
"56200","4.026524543762207","4.026524543762207","4.026524543762207","4.35922384262085","4.35922384262085","4.35922384262085","3.9962475299835205","3.9962475299835205","3.9962475299835205"
"56300","4.057512283325195","4.057512283325195","4.057512283325195","4.258072376251221","4.258072376251221","4.258072376251221","4.221630573272705","4.221630573272705","4.221630573272705"
"56400","4.120784759521484","4.120784759521484","4.120784759521484","4.304898262023926","4.304898262023926","4.304898262023926","3.8470299243927","3.8470299243927","3.8470299243927"
"56500","3.9325501918792725","3.9325501918792725","3.9325501918792725","4.308823108673096","4.308823108673096","4.308823108673096","4.111218452453613","4.111218452453613","4.111218452453613"
"56600","3.983043670654297","3.983043670654297","3.983043670654297","4.326920986175537","4.326920986175537","4.326920986175537","4.0853753089904785","4.0853753089904785","4.0853753089904785"
"56700","4.117585182189941","4.117585182189941","4.117585182189941","4.200778007507324","4.200778007507324","4.200778007507324","4.137003421783447","4.137003421783447","4.137003421783447"
"56800","4.104687690734863","4.104687690734863","4.104687690734863","4.340066909790039","4.340066909790039","4.340066909790039","4.0366129875183105","4.0366129875183105","4.0366129875183105"
"56900","4.034999370574951","4.034999370574951","4.034999370574951","4.360612392425537","4.360612392425537","4.360612392425537","4.178712368011475","4.178712368011475","4.178712368011475"
"57000","3.9501986503601074","3.9501986503601074","3.9501986503601074","4.134416580200195","4.134416580200195","4.134416580200195","4.123587608337402","4.123587608337402","4.123587608337402"
"57100","3.9307003021240234","3.9307003021240234","3.9307003021240234","4.427611351013184","4.427611351013184","4.427611351013184","4.213834285736084","4.213834285736084","4.213834285736084"
"57200","3.87022066116333","3.87022066116333","3.87022066116333","4.277616500854492","4.277616500854492","4.277616500854492","4.098747730255127","4.098747730255127","4.098747730255127"
"57300","4.100801944732666","4.100801944732666","4.100801944732666","4.3376946449279785","4.3376946449279785","4.3376946449279785","4.136216163635254","4.136216163635254","4.136216163635254"
"57400","4.068119049072266","4.068119049072266","4.068119049072266","4.357108116149902","4.357108116149902","4.357108116149902","4.040018081665039","4.040018081665039","4.040018081665039"
"57500","4.099297046661377","4.099297046661377","4.099297046661377","4.360596656799316","4.360596656799316","4.360596656799316","3.8285107612609863","3.8285107612609863","3.8285107612609863"
"57600","4.056963920593262","4.056963920593262","4.056963920593262","4.270500659942627","4.270500659942627","4.270500659942627","4.148748397827148","4.148748397827148","4.148748397827148"
"57700","4.115547180175781","4.115547180175781","4.115547180175781","4.309208869934082","4.309208869934082","4.309208869934082","4.157110214233398","4.157110214233398","4.157110214233398"
"57800","4.09670352935791","4.09670352935791","4.09670352935791","4.0391845703125","4.0391845703125","4.0391845703125","4.0577712059021","4.0577712059021","4.0577712059021"
"57900","4.029699802398682","4.029699802398682","4.029699802398682","4.339693069458008","4.339693069458008","4.339693069458008","4.1041951179504395","4.1041951179504395","4.1041951179504395"
"58000","3.658639669418335","3.658639669418335","3.658639669418335","4.086788177490234","4.086788177490234","4.086788177490234","4.2647705078125","4.2647705078125","4.2647705078125"
"58100","4.096905708312988","4.096905708312988","4.096905708312988","4.437283515930176","4.437283515930176","4.437283515930176","4.057812213897705","4.057812213897705","4.057812213897705"
"58200","4.02305793762207","4.02305793762207","4.02305793762207","4.28981876373291","4.28981876373291","4.28981876373291","4.156315326690674","4.156315326690674","4.156315326690674"
"58300","3.8990180492401123","3.8990180492401123","3.8990180492401123","4.1601881980896","4.1601881980896","4.1601881980896","4.01340389251709","4.01340389251709","4.01340389251709"
"58400","3.9281272888183594","3.9281272888183594","3.9281272888183594","4.191429138183594","4.191429138183594","4.191429138183594","4.069305419921875","4.069305419921875","4.069305419921875"
"58500","4.069833755493164","4.069833755493164","4.069833755493164","4.1377153396606445","4.1377153396606445","4.1377153396606445","3.9299163818359375","3.9299163818359375","3.9299163818359375"
"58600","4.029751777648926","4.029751777648926","4.029751777648926","4.297008991241455","4.297008991241455","4.297008991241455","4.164716720581055","4.164716720581055","4.164716720581055"
"58700","3.891481399536133","3.891481399536133","3.891481399536133","4.321446895599365","4.321446895599365","4.321446895599365","4.2379045486450195","4.2379045486450195","4.2379045486450195"
"58800","4.058949947357178","4.058949947357178","4.058949947357178","4.269890785217285","4.269890785217285","4.269890785217285","4.2320661544799805","4.2320661544799805","4.2320661544799805"
"58900","3.9399099349975586","3.9399099349975586","3.9399099349975586","3.931260824203491","3.931260824203491","3.931260824203491","4.07130241394043","4.07130241394043","4.07130241394043"
"59000","4.0802741050720215","4.0802741050720215","4.0802741050720215","4.133658409118652","4.133658409118652","4.133658409118652","4.22349214553833","4.22349214553833","4.22349214553833"
"59100","3.8644416332244873","3.8644416332244873","3.8644416332244873","4.294601917266846","4.294601917266846","4.294601917266846","4.27307653427124","4.27307653427124","4.27307653427124"
"59200","4.061651229858398","4.061651229858398","4.061651229858398","3.7449193000793457","3.7449193000793457","3.7449193000793457","4.148434162139893","4.148434162139893","4.148434162139893"
"59300","3.9838085174560547","3.9838085174560547","3.9838085174560547","4.1894145011901855","4.1894145011901855","4.1894145011901855","4.293337821960449","4.293337821960449","4.293337821960449"
"59400","4.038845539093018","4.038845539093018","4.038845539093018","4.312892436981201","4.312892436981201","4.312892436981201","3.9091591835021973","3.9091591835021973","3.9091591835021973"
"59500","4.0120954513549805","4.0120954513549805","4.0120954513549805","4.270440101623535","4.270440101623535","4.270440101623535","4.038640022277832","4.038640022277832","4.038640022277832"
"59600","4.113718032836914","4.113718032836914","4.113718032836914","4.294397354125977","4.294397354125977","4.294397354125977","4.19093132019043","4.19093132019043","4.19093132019043"
"59700","4.010154724121094","4.010154724121094","4.010154724121094","4.264316082000732","4.264316082000732","4.264316082000732","4.1624603271484375","4.1624603271484375","4.1624603271484375"
"59800","4.074314117431641","4.074314117431641","4.074314117431641","4.415847301483154","4.415847301483154","4.415847301483154","4.244904518127441","4.244904518127441","4.244904518127441"
"59900","4.092794418334961","4.092794418334961","4.092794418334961","4.254581451416016","4.254581451416016","4.254581451416016","4.143658638000488","4.143658638000488","4.143658638000488"
"60000","3.889410972595215","3.889410972595215","3.889410972595215","4.168884754180908","4.168884754180908","4.168884754180908","3.999398708343506","3.999398708343506","3.999398708343506"
"60100","3.9299216270446777","3.9299216270446777","3.9299216270446777","4.311148643493652","4.311148643493652","4.311148643493652","3.989151954650879","3.989151954650879","3.989151954650879"
"60200","3.8520073890686035","3.8520073890686035","3.8520073890686035","4.306835651397705","4.306835651397705","4.306835651397705","4.152804374694824","4.152804374694824","4.152804374694824"
"60300","3.8689095973968506","3.8689095973968506","3.8689095973968506","4.335138320922852","4.335138320922852","4.335138320922852","4.148377895355225","4.148377895355225","4.148377895355225"
"60400","4.058516502380371","4.058516502380371","4.058516502380371","3.807772636413574","3.807772636413574","3.807772636413574","3.887986898422241","3.887986898422241","3.887986898422241"
"60500","4.024918556213379","4.024918556213379","4.024918556213379","4.368464946746826","4.368464946746826","4.368464946746826","3.9117541313171387","3.9117541313171387","3.9117541313171387"
"60600","4.079874038696289","4.079874038696289","4.079874038696289","4.309298038482666","4.309298038482666","4.309298038482666","4.0572509765625","4.0572509765625","4.0572509765625"
"60700","4.054930686950684","4.054930686950684","4.054930686950684","4.33629035949707","4.33629035949707","4.33629035949707","4.023046016693115","4.023046016693115","4.023046016693115"
"60800","4.041475772857666","4.041475772857666","4.041475772857666","4.1044020652771","4.1044020652771","4.1044020652771","4.058631420135498","4.058631420135498","4.058631420135498"
"60900","4.14482307434082","4.14482307434082","4.14482307434082","4.251297950744629","4.251297950744629","4.251297950744629","4.117094039916992","4.117094039916992","4.117094039916992"
"61000","4.142474174499512","4.142474174499512","4.142474174499512","4.3498735427856445","4.3498735427856445","4.3498735427856445","4.060177326202393","4.060177326202393","4.060177326202393"
"61100","4.046377182006836","4.046377182006836","4.046377182006836","4.031815528869629","4.031815528869629","4.031815528869629","3.8107333183288574","3.8107333183288574","3.8107333183288574"
"61200","4.042724132537842","4.042724132537842","4.042724132537842","4.338155269622803","4.338155269622803","4.338155269622803","4.14338493347168","4.14338493347168","4.14338493347168"
"61300","4.089168548583984","4.089168548583984","4.089168548583984","4.033882141113281","4.033882141113281","4.033882141113281","4.141006946563721","4.141006946563721","4.141006946563721"
"61400","4.080540180206299","4.080540180206299","4.080540180206299","4.305813789367676","4.305813789367676","4.305813789367676","4.154522895812988","4.154522895812988","4.154522895812988"
"61500","3.864424705505371","3.864424705505371","3.864424705505371","4.343329429626465","4.343329429626465","4.343329429626465","4.117246150970459","4.117246150970459","4.117246150970459"
"61600","4.17141580581665","4.17141580581665","4.17141580581665","4.302857875823975","4.302857875823975","4.302857875823975","4.005350589752197","4.005350589752197","4.005350589752197"
"61700","4.073892116546631","4.073892116546631","4.073892116546631","4.321139335632324","4.321139335632324","4.321139335632324","4.176527500152588","4.176527500152588","4.176527500152588"
"61800","4.06060791015625","4.06060791015625","4.06060791015625","4.265820026397705","4.265820026397705","4.265820026397705","4.083611488342285","4.083611488342285","4.083611488342285"
"61900","4.128497123718262","4.128497123718262","4.128497123718262","4.2810211181640625","4.2810211181640625","4.2810211181640625","3.753331422805786","3.753331422805786","3.753331422805786"
"62000","4.00432014465332","4.00432014465332","4.00432014465332","4.127439975738525","4.127439975738525","4.127439975738525","4.039352893829346","4.039352893829346","4.039352893829346"
"62100","4.044339656829834","4.044339656829834","4.044339656829834","4.266874313354492","4.266874313354492","4.266874313354492","4.180071830749512","4.180071830749512","4.180071830749512"
"62200","3.832937717437744","3.832937717437744","3.832937717437744","4.340269565582275","4.340269565582275","4.340269565582275","4.118655681610107","4.118655681610107","4.118655681610107"
"62300","3.9120612144470215","3.9120612144470215","3.9120612144470215","4.085293292999268","4.085293292999268","4.085293292999268","4.177304267883301","4.177304267883301","4.177304267883301"
"62400","4.0327372550964355","4.0327372550964355","4.0327372550964355","3.9335880279541016","3.9335880279541016","3.9335880279541016","3.9714221954345703","3.9714221954345703","3.9714221954345703"
"62500","4.054008960723877","4.054008960723877","4.054008960723877","4.019256591796875","4.019256591796875","4.019256591796875","4.138689994812012","4.138689994812012","4.138689994812012"
"62600","4.039397716522217","4.039397716522217","4.039397716522217","4.1071062088012695","4.1071062088012695","4.1071062088012695","3.9775240421295166","3.9775240421295166","3.9775240421295166"
"62700","4.0354766845703125","4.0354766845703125","4.0354766845703125","4.229284763336182","4.229284763336182","4.229284763336182","4.1251139640808105","4.1251139640808105","4.1251139640808105"
"62800","4.052563190460205","4.052563190460205","4.052563190460205","4.286675453186035","4.286675453186035","4.286675453186035","4.102452278137207","4.102452278137207","4.102452278137207"
"62900","4.043319225311279","4.043319225311279","4.043319225311279","4.271385669708252","4.271385669708252","4.271385669708252","3.9182281494140625","3.9182281494140625","3.9182281494140625"
"63000","4.078102111816406","4.078102111816406","4.078102111816406","4.313480377197266","4.313480377197266","4.313480377197266","3.8260931968688965","3.8260931968688965","3.8260931968688965"
"63100","4.052400588989258","4.052400588989258","4.052400588989258","4.036953926086426","4.036953926086426","4.036953926086426","4.035848140716553","4.035848140716553","4.035848140716553"
"63200","4.0188307762146","4.0188307762146","4.0188307762146","4.139842987060547","4.139842987060547","4.139842987060547","4.094470024108887","4.094470024108887","4.094470024108887"
"63300","3.740339756011963","3.740339756011963","3.740339756011963","4.114031791687012","4.114031791687012","4.114031791687012","4.267641544342041","4.267641544342041","4.267641544342041"
"63400","4.076111793518066","4.076111793518066","4.076111793518066","4.142946243286133","4.142946243286133","4.142946243286133","4.143618583679199","4.143618583679199","4.143618583679199"
"63500","3.921386241912842","3.921386241912842","3.921386241912842","4.295897006988525","4.295897006988525","4.295897006988525","4.242115020751953","4.242115020751953","4.242115020751953"
"63600","3.9873692989349365","3.9873692989349365","3.9873692989349365","4.312045097351074","4.312045097351074","4.312045097351074","4.028127193450928","4.028127193450928","4.028127193450928"
"63700","3.9902052879333496","3.9902052879333496","3.9902052879333496","4.3723225593566895","4.3723225593566895","4.3723225593566895","4.092153549194336","4.092153549194336","4.092153549194336"
"63800","4.032886981964111","4.032886981964111","4.032886981964111","4.307892799377441","4.307892799377441","4.307892799377441","4.074350833892822","4.074350833892822","4.074350833892822"
"63900","4.054503440856934","4.054503440856934","4.054503440856934","4.052822113037109","4.052822113037109","4.052822113037109","3.9770450592041016","3.9770450592041016","3.9770450592041016"
"64000","4.093677997589111","4.093677997589111","4.093677997589111","4.270941734313965","4.270941734313965","4.270941734313965","4.190227508544922","4.190227508544922","4.190227508544922"
"64100","3.992582082748413","3.992582082748413","3.992582082748413","4.272303581237793","4.272303581237793","4.272303581237793","4.123453140258789","4.123453140258789","4.123453140258789"
"64200","4.1069159507751465","4.1069159507751465","4.1069159507751465","4.166254043579102","4.166254043579102","4.166254043579102","3.9373414516448975","3.9373414516448975","3.9373414516448975"
"64300","4.061854362487793","4.061854362487793","4.061854362487793","4.3052825927734375","4.3052825927734375","4.3052825927734375","4.03328275680542","4.03328275680542","4.03328275680542"
"64400","4.035397052764893","4.035397052764893","4.035397052764893","4.246640205383301","4.246640205383301","4.246640205383301","3.9332985877990723","3.9332985877990723","3.9332985877990723"
"64500","4.014360427856445","4.014360427856445","4.014360427856445","4.205472946166992","4.205472946166992","4.205472946166992","4.128643035888672","4.128643035888672","4.128643035888672"
"64600","4.052272796630859","4.052272796630859","4.052272796630859","4.071710109710693","4.071710109710693","4.071710109710693","4.1130266189575195","4.1130266189575195","4.1130266189575195"
"64700","4.041130542755127","4.041130542755127","4.041130542755127","4.272105693817139","4.272105693817139","4.272105693817139","4.289777755737305","4.289777755737305","4.289777755737305"
"64800","4.0369157791137695","4.0369157791137695","4.0369157791137695","4.083072662353516","4.083072662353516","4.083072662353516","4.049520015716553","4.049520015716553","4.049520015716553"
"64900","4.078672409057617","4.078672409057617","4.078672409057617","4.302313804626465","4.302313804626465","4.302313804626465","4.1649980545043945","4.1649980545043945","4.1649980545043945"
"65000","4.030667781829834","4.030667781829834","4.030667781829834","4.551229476928711","4.551229476928711","4.551229476928711","4.16883659362793","4.16883659362793","4.16883659362793"
"65100","4.012322425842285","4.012322425842285","4.012322425842285","4.333080291748047","4.333080291748047","4.333080291748047","4.082982063293457","4.082982063293457","4.082982063293457"
"65200","4.1741108894348145","4.1741108894348145","4.1741108894348145","4.234918117523193","4.234918117523193","4.234918117523193","4.118834972381592","4.118834972381592","4.118834972381592"
"65300","4.072025299072266","4.072025299072266","4.072025299072266","4.385702610015869","4.385702610015869","4.385702610015869","3.959578275680542","3.959578275680542","3.959578275680542"
"65400","4.004219055175781","4.004219055175781","4.004219055175781","4.400597095489502","4.400597095489502","4.400597095489502","4.10654878616333","4.10654878616333","4.10654878616333"
"65500","4.083270072937012","4.083270072937012","4.083270072937012","4.161031723022461","4.161031723022461","4.161031723022461","4.105731964111328","4.105731964111328","4.105731964111328"
"65600","4.049079418182373","4.049079418182373","4.049079418182373","4.299553871154785","4.299553871154785","4.299553871154785","4.125100135803223","4.125100135803223","4.125100135803223"
"65700","3.9853739738464355","3.9853739738464355","3.9853739738464355","4.107193946838379","4.107193946838379","4.107193946838379","3.78928279876709","3.78928279876709","3.78928279876709"
"65800","4.052614688873291","4.052614688873291","4.052614688873291","4.276829719543457","4.276829719543457","4.276829719543457","3.9514598846435547","3.9514598846435547","3.9514598846435547"
"65900","4.169208526611328","4.169208526611328","4.169208526611328","4.038872241973877","4.038872241973877","4.038872241973877","4.076226234436035","4.076226234436035","4.076226234436035"
"66000","3.8864383697509766","3.8864383697509766","3.8864383697509766","4.256657123565674","4.256657123565674","4.256657123565674","4.004801273345947","4.004801273345947","4.004801273345947"
"66100","4.015132904052734","4.015132904052734","4.015132904052734","4.0044684410095215","4.0044684410095215","4.0044684410095215","4.065364837646484","4.065364837646484","4.065364837646484"
"66200","3.928877115249634","3.928877115249634","3.928877115249634","4.227872848510742","4.227872848510742","4.227872848510742","4.140845775604248","4.140845775604248","4.140845775604248"
"66300","4.083892345428467","4.083892345428467","4.083892345428467","4.308049201965332","4.308049201965332","4.308049201965332","3.7988626956939697","3.7988626956939697","3.7988626956939697"
"66400","3.9983785152435303","3.9983785152435303","3.9983785152435303","4.0516862869262695","4.0516862869262695","4.0516862869262695","4.045873165130615","4.045873165130615","4.045873165130615"
"66500","3.8724868297576904","3.8724868297576904","3.8724868297576904","4.287858963012695","4.287858963012695","4.287858963012695","4.014864921569824","4.014864921569824","4.014864921569824"
"66600","3.9859228134155273","3.9859228134155273","3.9859228134155273","4.3713202476501465","4.3713202476501465","4.3713202476501465","3.8801674842834473","3.8801674842834473","3.8801674842834473"
"66700","3.9106855392456055","3.9106855392456055","3.9106855392456055","4.226424217224121","4.226424217224121","4.226424217224121","4.0826497077941895","4.0826497077941895","4.0826497077941895"
"66800","4.076033115386963","4.076033115386963","4.076033115386963","4.225949764251709","4.225949764251709","4.225949764251709","4.081226348876953","4.081226348876953","4.081226348876953"
"66900","4.128357410430908","4.128357410430908","4.128357410430908","4.353806972503662","4.353806972503662","4.353806972503662","4.05010986328125","4.05010986328125","4.05010986328125"
"67000","3.9229965209960938","3.9229965209960938","3.9229965209960938","4.28898811340332","4.28898811340332","4.28898811340332","4.169503211975098","4.169503211975098","4.169503211975098"
"67100","4.001974105834961","4.001974105834961","4.001974105834961","4.335488319396973","4.335488319396973","4.335488319396973","4.1478447914123535","4.1478447914123535","4.1478447914123535"
"67200","3.865269422531128","3.865269422531128","3.865269422531128","4.338488578796387","4.338488578796387","4.338488578796387","4.071079254150391","4.071079254150391","4.071079254150391"
"67300","4.039700984954834","4.039700984954834","4.039700984954834","4.3510284423828125","4.3510284423828125","4.3510284423828125","4.080115795135498","4.080115795135498","4.080115795135498"
"67400","4.009677410125732","4.009677410125732","4.009677410125732","4.26210880279541","4.26210880279541","4.26210880279541","4.016970634460449","4.016970634460449","4.016970634460449"
"67500","3.9988908767700195","3.9988908767700195","3.9988908767700195","4.123854160308838","4.123854160308838","4.123854160308838","4.173908233642578","4.173908233642578","4.173908233642578"
"67600","4.119657039642334","4.119657039642334","4.119657039642334","4.060245037078857","4.060245037078857","4.060245037078857","3.929955244064331","3.929955244064331","3.929955244064331"
"67700","3.9831860065460205","3.9831860065460205","3.9831860065460205","4.111695766448975","4.111695766448975","4.111695766448975","3.869058609008789","3.869058609008789","3.869058609008789"
"67800","4.028149127960205","4.028149127960205","4.028149127960205","4.215695858001709","4.215695858001709","4.215695858001709","4.188701629638672","4.188701629638672","4.188701629638672"
"67900","3.9810659885406494","3.9810659885406494","3.9810659885406494","4.316322326660156","4.316322326660156","4.316322326660156","4.111728668212891","4.111728668212891","4.111728668212891"
"68000","4.054311752319336","4.054311752319336","4.054311752319336","4.269272804260254","4.269272804260254","4.269272804260254","3.934037446975708","3.934037446975708","3.934037446975708"
"68100","4.00612735748291","4.00612735748291","4.00612735748291","4.2528910636901855","4.2528910636901855","4.2528910636901855","4.173729419708252","4.173729419708252","4.173729419708252"
"68200","3.9158883094787598","3.9158883094787598","3.9158883094787598","4.1017746925354","4.1017746925354","4.1017746925354","4.06200647354126","4.06200647354126","4.06200647354126"
"68300","3.926880359649658","3.926880359649658","3.926880359649658","4.307242393493652","4.307242393493652","4.307242393493652","3.9863460063934326","3.9863460063934326","3.9863460063934326"
"68400","4.007233619689941","4.007233619689941","4.007233619689941","4.271663188934326","4.271663188934326","4.271663188934326","4.124295234680176","4.124295234680176","4.124295234680176"
"68500","4.022409915924072","4.022409915924072","4.022409915924072","4.3151535987854","4.3151535987854","4.3151535987854","4.029126167297363","4.029126167297363","4.029126167297363"
"68600","4.0451531410217285","4.0451531410217285","4.0451531410217285","4.214573383331299","4.214573383331299","4.214573383331299","3.9563586711883545","3.9563586711883545","3.9563586711883545"
"68700","4.124864101409912","4.124864101409912","4.124864101409912","4.194401741027832","4.194401741027832","4.194401741027832","4.261812210083008","4.261812210083008","4.261812210083008"
"68800","3.885840654373169","3.885840654373169","3.885840654373169","4.283632278442383","4.283632278442383","4.283632278442383","4.056186676025391","4.056186676025391","4.056186676025391"
"68900","3.805166721343994","3.805166721343994","3.805166721343994","4.302127838134766","4.302127838134766","4.302127838134766","4.129184246063232","4.129184246063232","4.129184246063232"
"69000","4.02147102355957","4.02147102355957","4.02147102355957","4.342528343200684","4.342528343200684","4.342528343200684","4.151307106018066","4.151307106018066","4.151307106018066"
"69100","4.0861005783081055","4.0861005783081055","4.0861005783081055","4.311470985412598","4.311470985412598","4.311470985412598","3.9574694633483887","3.9574694633483887","3.9574694633483887"
"69200","4.100956439971924","4.100956439971924","4.100956439971924","4.053123474121094","4.053123474121094","4.053123474121094","4.12622594833374","4.12622594833374","4.12622594833374"
"69300","4.021952152252197","4.021952152252197","4.021952152252197","4.207999229431152","4.207999229431152","4.207999229431152","4.173155784606934","4.173155784606934","4.173155784606934"
"69400","4.0306620597839355","4.0306620597839355","4.0306620597839355","4.229883670806885","4.229883670806885","4.229883670806885","4.082218170166016","4.082218170166016","4.082218170166016"
"69500","4.001492977142334","4.001492977142334","4.001492977142334","4.263199806213379","4.263199806213379","4.263199806213379","3.9517691135406494","3.9517691135406494","3.9517691135406494"
"69600","3.984501600265503","3.984501600265503","3.984501600265503","4.230010986328125","4.230010986328125","4.230010986328125","4.095277786254883","4.095277786254883","4.095277786254883"
"69700","4.008215427398682","4.008215427398682","4.008215427398682","3.7876691818237305","3.7876691818237305","3.7876691818237305","4.04044246673584","4.04044246673584","4.04044246673584"
"69800","4.043947219848633","4.043947219848633","4.043947219848633","4.32722282409668","4.32722282409668","4.32722282409668","4.138119697570801","4.138119697570801","4.138119697570801"
"69900","3.9007818698883057","3.9007818698883057","3.9007818698883057","4.208631992340088","4.208631992340088","4.208631992340088","4.078091621398926","4.078091621398926","4.078091621398926"
"70000","4.053876876831055","4.053876876831055","4.053876876831055","4.264365196228027","4.264365196228027","4.264365196228027","4.159798622131348","4.159798622131348","4.159798622131348"
"70100","3.9062657356262207","3.9062657356262207","3.9062657356262207","4.131463527679443","4.131463527679443","4.131463527679443","3.8857250213623047","3.8857250213623047","3.8857250213623047"
"70200","4.090226173400879","4.090226173400879","4.090226173400879","4.2432098388671875","4.2432098388671875","4.2432098388671875","4.0949320793151855","4.0949320793151855","4.0949320793151855"
"70300","3.5866923332214355","3.5866923332214355","3.5866923332214355","4.360795497894287","4.360795497894287","4.360795497894287","4.17736291885376","4.17736291885376","4.17736291885376"
"70400","4.042685508728027","4.042685508728027","4.042685508728027","4.303943157196045","4.303943157196045","4.303943157196045","3.967679262161255","3.967679262161255","3.967679262161255"
"70500","3.837554454803467","3.837554454803467","3.837554454803467","4.1105265617370605","4.1105265617370605","4.1105265617370605","4.136855125427246","4.136855125427246","4.136855125427246"
"70600","4.0535197257995605","4.0535197257995605","4.0535197257995605","4.338659286499023","4.338659286499023","4.338659286499023","4.182997226715088","4.182997226715088","4.182997226715088"
"70700","4.067915916442871","4.067915916442871","4.067915916442871","4.383099555969238","4.383099555969238","4.383099555969238","4.091142177581787","4.091142177581787","4.091142177581787"
"70800","4.074692249298096","4.074692249298096","4.074692249298096","4.285572052001953","4.285572052001953","4.285572052001953","4.056378364562988","4.056378364562988","4.056378364562988"
"70900","4.059275150299072","4.059275150299072","4.059275150299072","4.102799892425537","4.102799892425537","4.102799892425537","3.938615322113037","3.938615322113037","3.938615322113037"
"71000","4.066019535064697","4.066019535064697","4.066019535064697","4.314456462860107","4.314456462860107","4.314456462860107","3.9728684425354004","3.9728684425354004","3.9728684425354004"
"71100","4.169340133666992","4.169340133666992","4.169340133666992","4.260136127471924","4.260136127471924","4.260136127471924","4.1517534255981445","4.1517534255981445","4.1517534255981445"
"71200","3.994701623916626","3.994701623916626","3.994701623916626","4.290091514587402","4.290091514587402","4.290091514587402","4.017316818237305","4.017316818237305","4.017316818237305"
"71300","3.9205033779144287","3.9205033779144287","3.9205033779144287","4.20434045791626","4.20434045791626","4.20434045791626","4.236788272857666","4.236788272857666","4.236788272857666"
"71400","4.069630146026611","4.069630146026611","4.069630146026611","4.271594047546387","4.271594047546387","4.271594047546387","4.150979042053223","4.150979042053223","4.150979042053223"
"71500","4.098423004150391","4.098423004150391","4.098423004150391","4.292221546173096","4.292221546173096","4.292221546173096","4.081685543060303","4.081685543060303","4.081685543060303"
"71600","4.04276704788208","4.04276704788208","4.04276704788208","4.198927879333496","4.198927879333496","4.198927879333496","4.1072797775268555","4.1072797775268555","4.1072797775268555"
"71700","4.0439910888671875","4.0439910888671875","4.0439910888671875","4.204754829406738","4.204754829406738","4.204754829406738","3.9258816242218018","3.9258816242218018","3.9258816242218018"
"71800","4.045350551605225","4.045350551605225","4.045350551605225","4.193797588348389","4.193797588348389","4.193797588348389","3.929955005645752","3.929955005645752","3.929955005645752"
"71900","3.6459197998046875","3.6459197998046875","3.6459197998046875","4.338467121124268","4.338467121124268","4.338467121124268","3.9892985820770264","3.9892985820770264","3.9892985820770264"
"72000","4.040576457977295","4.040576457977295","4.040576457977295","4.199020862579346","4.199020862579346","4.199020862579346","4.135257244110107","4.135257244110107","4.135257244110107"
"72100","4.0335893630981445","4.0335893630981445","4.0335893630981445","4.01261043548584","4.01261043548584","4.01261043548584","3.8546254634857178","3.8546254634857178","3.8546254634857178"
"72200","3.986334800720215","3.986334800720215","3.986334800720215","4.241722106933594","4.241722106933594","4.241722106933594","3.8591949939727783","3.8591949939727783","3.8591949939727783"
"72300","3.9752659797668457","3.9752659797668457","3.9752659797668457","4.292397499084473","4.292397499084473","4.292397499084473","3.8928332328796387","3.8928332328796387","3.8928332328796387"
"72400","3.790558099746704","3.790558099746704","3.790558099746704","4.283875942230225","4.283875942230225","4.283875942230225","4.217716217041016","4.217716217041016","4.217716217041016"
"72500","3.9335217475891113","3.9335217475891113","3.9335217475891113","4.051289081573486","4.051289081573486","4.051289081573486","4.053114891052246","4.053114891052246","4.053114891052246"
"72600","3.916315793991089","3.916315793991089","3.916315793991089","4.097464084625244","4.097464084625244","4.097464084625244","4.070941925048828","4.070941925048828","4.070941925048828"
"72700","3.827476978302002","3.827476978302002","3.827476978302002","4.2627973556518555","4.2627973556518555","4.2627973556518555","3.880053758621216","3.880053758621216","3.880053758621216"
"72800","3.9959099292755127","3.9959099292755127","3.9959099292755127","3.9263265132904053","3.9263265132904053","3.9263265132904053","4.058923244476318","4.058923244476318","4.058923244476318"
"72900","3.873579263687134","3.873579263687134","3.873579263687134","4.218627452850342","4.218627452850342","4.218627452850342","3.887885093688965","3.887885093688965","3.887885093688965"
"73000","4.089688301086426","4.089688301086426","4.089688301086426","4.24267053604126","4.24267053604126","4.24267053604126","4.1723480224609375","4.1723480224609375","4.1723480224609375"
"73100","4.13859224319458","4.13859224319458","4.13859224319458","4.2218756675720215","4.2218756675720215","4.2218756675720215","4.127313137054443","4.127313137054443","4.127313137054443"
"73200","4.085054397583008","4.085054397583008","4.085054397583008","3.8447978496551514","3.8447978496551514","3.8447978496551514","4.020391941070557","4.020391941070557","4.020391941070557"
"73300","4.087016582489014","4.087016582489014","4.087016582489014","4.2054948806762695","4.2054948806762695","4.2054948806762695","4.1724348068237305","4.1724348068237305","4.1724348068237305"
"73400","3.988556146621704","3.988556146621704","3.988556146621704","3.9595789909362793","3.9595789909362793","3.9595789909362793","4.049749374389648","4.049749374389648","4.049749374389648"
"73500","3.964648485183716","3.964648485183716","3.964648485183716","4.242076396942139","4.242076396942139","4.242076396942139","3.837942123413086","3.837942123413086","3.837942123413086"
"73600","4.019216537475586","4.019216537475586","4.019216537475586","4.266444206237793","4.266444206237793","4.266444206237793","3.877551317214966","3.877551317214966","3.877551317214966"
"73700","3.973447561264038","3.973447561264038","3.973447561264038","4.267114162445068","4.267114162445068","4.267114162445068","4.09798002243042","4.09798002243042","4.09798002243042"
"73800","3.884894847869873","3.884894847869873","3.884894847869873","4.046789169311523","4.046789169311523","4.046789169311523","4.216371536254883","4.216371536254883","4.216371536254883"
"73900","3.9957873821258545","3.9957873821258545","3.9957873821258545","4.068248748779297","4.068248748779297","4.068248748779297","3.872506618499756","3.872506618499756","3.872506618499756"
"74000","3.852473020553589","3.852473020553589","3.852473020553589","4.317117214202881","4.317117214202881","4.317117214202881","3.754300832748413","3.754300832748413","3.754300832748413"
"74100","3.7953686714172363","3.7953686714172363","3.7953686714172363","4.240148544311523","4.240148544311523","4.240148544311523","4.0556182861328125","4.0556182861328125","4.0556182861328125"
"74200","4.094034194946289","4.094034194946289","4.094034194946289","4.296511650085449","4.296511650085449","4.296511650085449","4.069694519042969","4.069694519042969","4.069694519042969"
"74300","4.038572311401367","4.038572311401367","4.038572311401367","4.236722469329834","4.236722469329834","4.236722469329834","4.031256198883057","4.031256198883057","4.031256198883057"
"74400","4.072348117828369","4.072348117828369","4.072348117828369","4.066305160522461","4.066305160522461","4.066305160522461","4.08563756942749","4.08563756942749","4.08563756942749"
"74500","4.000818729400635","4.000818729400635","4.000818729400635","4.3371262550354","4.3371262550354","4.3371262550354","3.970895767211914","3.970895767211914","3.970895767211914"
"74600","4.120761871337891","4.120761871337891","4.120761871337891","3.955517530441284","3.955517530441284","3.955517530441284","4.118856430053711","4.118856430053711","4.118856430053711"
"74700","3.8185925483703613","3.8185925483703613","3.8185925483703613","4.069576263427734","4.069576263427734","4.069576263427734","3.9289252758026123","3.9289252758026123","3.9289252758026123"
"74800","3.908761501312256","3.908761501312256","3.908761501312256","3.9832115173339844","3.9832115173339844","3.9832115173339844","3.7673935890197754","3.7673935890197754","3.7673935890197754"
"74900","4.092728614807129","4.092728614807129","4.092728614807129","4.077073097229004","4.077073097229004","4.077073097229004","4.200254917144775","4.200254917144775","4.200254917144775"
"75000","3.9458529949188232","3.9458529949188232","3.9458529949188232","4.238130569458008","4.238130569458008","4.238130569458008","4.172023773193359","4.172023773193359","4.172023773193359"
"75100","4.022766590118408","4.022766590118408","4.022766590118408","4.120419025421143","4.120419025421143","4.120419025421143","4.107054233551025","4.107054233551025","4.107054233551025"
"75200","4.111863136291504","4.111863136291504","4.111863136291504","3.9409847259521484","3.9409847259521484","3.9409847259521484","4.091807842254639","4.091807842254639","4.091807842254639"
"75300","4.0872931480407715","4.0872931480407715","4.0872931480407715","4.256523609161377","4.256523609161377","4.256523609161377","4.07142972946167","4.07142972946167","4.07142972946167"
"75400","3.8645238876342773","3.8645238876342773","3.8645238876342773","4.257027626037598","4.257027626037598","4.257027626037598","3.860264539718628","3.860264539718628","3.860264539718628"
"75500","4.057770252227783","4.057770252227783","4.057770252227783","4.345864295959473","4.345864295959473","4.345864295959473","4.194116592407227","4.194116592407227","4.194116592407227"
"75600","4.073431491851807","4.073431491851807","4.073431491851807","4.244534969329834","4.244534969329834","4.244534969329834","4.193207740783691","4.193207740783691","4.193207740783691"
"75700","4.025532245635986","4.025532245635986","4.025532245635986","4.051395416259766","4.051395416259766","4.051395416259766","4.116650581359863","4.116650581359863","4.116650581359863"
"75800","4.033684253692627","4.033684253692627","4.033684253692627","4.26640510559082","4.26640510559082","4.26640510559082","4.023543834686279","4.023543834686279","4.023543834686279"
"75900","4.025856971740723","4.025856971740723","4.025856971740723","4.320121765136719","4.320121765136719","4.320121765136719","4.071818828582764","4.071818828582764","4.071818828582764"
"76000","3.980184316635132","3.980184316635132","3.980184316635132","4.291292190551758","4.291292190551758","4.291292190551758","3.8313214778900146","3.8313214778900146","3.8313214778900146"
"76100","3.955592155456543","3.955592155456543","3.955592155456543","3.9688076972961426","3.9688076972961426","3.9688076972961426","4.119016647338867","4.119016647338867","4.119016647338867"
"76200","4.064262866973877","4.064262866973877","4.064262866973877","4.275689601898193","4.275689601898193","4.275689601898193","4.122527599334717","4.122527599334717","4.122527599334717"
"76300","3.999326705932617","3.999326705932617","3.999326705932617","4.198702335357666","4.198702335357666","4.198702335357666","4.077311038970947","4.077311038970947","4.077311038970947"
"76400","3.9407105445861816","3.9407105445861816","3.9407105445861816","3.9868743419647217","3.9868743419647217","3.9868743419647217","4.2262043952941895","4.2262043952941895","4.2262043952941895"
"76500","3.9952054023742676","3.9952054023742676","3.9952054023742676","4.060939311981201","4.060939311981201","4.060939311981201","4.037194728851318","4.037194728851318","4.037194728851318"
"76600","4.031152248382568","4.031152248382568","4.031152248382568","4.390545845031738","4.390545845031738","4.390545845031738","4.031569957733154","4.031569957733154","4.031569957733154"
"76700","3.960033893585205","3.960033893585205","3.960033893585205","4.286541938781738","4.286541938781738","4.286541938781738","3.9010610580444336","3.9010610580444336","3.9010610580444336"
"76800","4.086338996887207","4.086338996887207","4.086338996887207","4.175589561462402","4.175589561462402","4.175589561462402","3.7437753677368164","3.7437753677368164","3.7437753677368164"
"76900","4.0460896492004395","4.0460896492004395","4.0460896492004395","3.812628746032715","3.812628746032715","3.812628746032715","3.9106740951538086","3.9106740951538086","3.9106740951538086"
"77000","3.6622109413146973","3.6622109413146973","3.6622109413146973","4.272422790527344","4.272422790527344","4.272422790527344","3.99945068359375","3.99945068359375","3.99945068359375"
"77100","3.912444829940796","3.912444829940796","3.912444829940796","4.258553981781006","4.258553981781006","4.258553981781006","4.051206111907959","4.051206111907959","4.051206111907959"
"77200","4.040301322937012","4.040301322937012","4.040301322937012","4.214327812194824","4.214327812194824","4.214327812194824","3.908905267715454","3.908905267715454","3.908905267715454"
"77300","4.0645647048950195","4.0645647048950195","4.0645647048950195","4.283595561981201","4.283595561981201","4.283595561981201","4.1700921058654785","4.1700921058654785","4.1700921058654785"
"77400","4.013986587524414","4.013986587524414","4.013986587524414","4.0796332359313965","4.0796332359313965","4.0796332359313965","4.144717693328857","4.144717693328857","4.144717693328857"
"77500","3.978174924850464","3.978174924850464","3.978174924850464","4.2815680503845215","4.2815680503845215","4.2815680503845215","3.8180317878723145","3.8180317878723145","3.8180317878723145"
"77600","3.9258720874786377","3.9258720874786377","3.9258720874786377","4.220058441162109","4.220058441162109","4.220058441162109","3.9259490966796875","3.9259490966796875","3.9259490966796875"
"77700","4.117570400238037","4.117570400238037","4.117570400238037","4.318055629730225","4.318055629730225","4.318055629730225","3.960041046142578","3.960041046142578","3.960041046142578"
"77800","3.98915696144104","3.98915696144104","3.98915696144104","4.316911697387695","4.316911697387695","4.316911697387695","4.1902923583984375","4.1902923583984375","4.1902923583984375"
"77900","3.885769844055176","3.885769844055176","3.885769844055176","4.287050247192383","4.287050247192383","4.287050247192383","4.065560817718506","4.065560817718506","4.065560817718506"
"78000","4.046767234802246","4.046767234802246","4.046767234802246","3.7592506408691406","3.7592506408691406","3.7592506408691406","3.857909917831421","3.857909917831421","3.857909917831421"
"78100","3.9989585876464844","3.9989585876464844","3.9989585876464844","4.277059555053711","4.277059555053711","4.277059555053711","4.099049091339111","4.099049091339111","4.099049091339111"
"78200","4.146189212799072","4.146189212799072","4.146189212799072","4.174222946166992","4.174222946166992","4.174222946166992","4.004522800445557","4.004522800445557","4.004522800445557"
"78300","4.034229755401611","4.034229755401611","4.034229755401611","4.148380756378174","4.148380756378174","4.148380756378174","4.142048358917236","4.142048358917236","4.142048358917236"
"78400","3.856947898864746","3.856947898864746","3.856947898864746","4.288249492645264","4.288249492645264","4.288249492645264","4.142884254455566","4.142884254455566","4.142884254455566"
"78500","4.0556254386901855","4.0556254386901855","4.0556254386901855","4.040624141693115","4.040624141693115","4.040624141693115","4.1376495361328125","4.1376495361328125","4.1376495361328125"
"78600","4.034399032592773","4.034399032592773","4.034399032592773","4.303613662719727","4.303613662719727","4.303613662719727","4.027097225189209","4.027097225189209","4.027097225189209"
"78700","3.9533491134643555","3.9533491134643555","3.9533491134643555","4.3276286125183105","4.3276286125183105","4.3276286125183105","3.9675538539886475","3.9675538539886475","3.9675538539886475"
"78800","4.063079833984375","4.063079833984375","4.063079833984375","4.29673433303833","4.29673433303833","4.29673433303833","3.8030927181243896","3.8030927181243896","3.8030927181243896"
"78900","3.712297201156616","3.712297201156616","3.712297201156616","4.251204490661621","4.251204490661621","4.251204490661621","3.932852029800415","3.932852029800415","3.932852029800415"
"79000","3.9571070671081543","3.9571070671081543","3.9571070671081543","4.249124526977539","4.249124526977539","4.249124526977539","3.961014747619629","3.961014747619629","3.961014747619629"
"79100","3.994429111480713","3.994429111480713","3.994429111480713","4.029169082641602","4.029169082641602","4.029169082641602","4.244504928588867","4.244504928588867","4.244504928588867"
"79200","3.9693665504455566","3.9693665504455566","3.9693665504455566","4.325750827789307","4.325750827789307","4.325750827789307","4.0718302726745605","4.0718302726745605","4.0718302726745605"
"79300","4.059474945068359","4.059474945068359","4.059474945068359","4.022647857666016","4.022647857666016","4.022647857666016","4.0029826164245605","4.0029826164245605","4.0029826164245605"
"79400","4.050822734832764","4.050822734832764","4.050822734832764","4.340066432952881","4.340066432952881","4.340066432952881","4.105823993682861","4.105823993682861","4.105823993682861"
"79500","4.015122413635254","4.015122413635254","4.015122413635254","4.286584377288818","4.286584377288818","4.286584377288818","3.9784297943115234","3.9784297943115234","3.9784297943115234"
"79600","4.031339645385742","4.031339645385742","4.031339645385742","4.200113296508789","4.200113296508789","4.200113296508789","3.9776229858398438","3.9776229858398438","3.9776229858398438"
"79700","4.030902862548828","4.030902862548828","4.030902862548828","4.258821487426758","4.258821487426758","4.258821487426758","4.042712211608887","4.042712211608887","4.042712211608887"
"79800","3.982863187789917","3.982863187789917","3.982863187789917","4.248943328857422","4.248943328857422","4.248943328857422","3.9962689876556396","3.9962689876556396","3.9962689876556396"
"79900","4.0594563484191895","4.0594563484191895","4.0594563484191895","4.223204612731934","4.223204612731934","4.223204612731934","4.157470703125","4.157470703125","4.157470703125"
"80000","3.841629981994629","3.841629981994629","3.841629981994629","4.043225288391113","4.043225288391113","4.043225288391113","4.09591007232666","4.09591007232666","4.09591007232666"
"80100","4.062763214111328","4.062763214111328","4.062763214111328","4.271512985229492","4.271512985229492","4.271512985229492","4.184617042541504","4.184617042541504","4.184617042541504"
"80200","4.016434192657471","4.016434192657471","4.016434192657471","4.394448280334473","4.394448280334473","4.394448280334473","4.080178260803223","4.080178260803223","4.080178260803223"
"80300","4.050106525421143","4.050106525421143","4.050106525421143","4.229918003082275","4.229918003082275","4.229918003082275","4.1990966796875","4.1990966796875","4.1990966796875"
"80400","3.941594362258911","3.941594362258911","3.941594362258911","4.260195255279541","4.260195255279541","4.260195255279541","4.087479114532471","4.087479114532471","4.087479114532471"
"80500","4.075519561767578","4.075519561767578","4.075519561767578","4.238256931304932","4.238256931304932","4.238256931304932","4.011377811431885","4.011377811431885","4.011377811431885"
"80600","4.023852825164795","4.023852825164795","4.023852825164795","4.23314905166626","4.23314905166626","4.23314905166626","3.8879714012145996","3.8879714012145996","3.8879714012145996"
"80700","4.039687633514404","4.039687633514404","4.039687633514404","4.300822734832764","4.300822734832764","4.300822734832764","4.061034202575684","4.061034202575684","4.061034202575684"
"80800","4.005278587341309","4.005278587341309","4.005278587341309","4.120515823364258","4.120515823364258","4.120515823364258","3.782243013381958","3.782243013381958","3.782243013381958"
"80900","4.0341057777404785","4.0341057777404785","4.0341057777404785","3.950216293334961","3.950216293334961","3.950216293334961","4.159000396728516","4.159000396728516","4.159000396728516"
"81000","4.078917980194092","4.078917980194092","4.078917980194092","4.229036331176758","4.229036331176758","4.229036331176758","4.225951194763184","4.225951194763184","4.225951194763184"
"81100","4.001201152801514","4.001201152801514","4.001201152801514","4.095872402191162","4.095872402191162","4.095872402191162","4.197088241577148","4.197088241577148","4.197088241577148"
"81200","3.8793745040893555","3.8793745040893555","3.8793745040893555","4.00815486907959","4.00815486907959","4.00815486907959","3.776014566421509","3.776014566421509","3.776014566421509"
"81300","3.98728346824646","3.98728346824646","3.98728346824646","4.108526229858398","4.108526229858398","4.108526229858398","3.9477171897888184","3.9477171897888184","3.9477171897888184"
"81400","3.909372568130493","3.909372568130493","3.909372568130493","4.161515235900879","4.161515235900879","4.161515235900879","4.0830254554748535","4.0830254554748535","4.0830254554748535"
"81500","4.02899694442749","4.02899694442749","4.02899694442749","4.333640098571777","4.333640098571777","4.333640098571777","4.236402988433838","4.236402988433838","4.236402988433838"
"81600","4.073652267456055","4.073652267456055","4.073652267456055","3.9842114448547363","3.9842114448547363","3.9842114448547363","4.0830397605896","4.0830397605896","4.0830397605896"
"81700","4.000776767730713","4.000776767730713","4.000776767730713","4.309802055358887","4.309802055358887","4.309802055358887","4.037576198577881","4.037576198577881","4.037576198577881"
"81800","3.9958765506744385","3.9958765506744385","3.9958765506744385","4.260995864868164","4.260995864868164","4.260995864868164","4.008875846862793","4.008875846862793","4.008875846862793"
"81900","3.994765281677246","3.994765281677246","3.994765281677246","4.277439117431641","4.277439117431641","4.277439117431641","3.8428590297698975","3.8428590297698975","3.8428590297698975"
"82000","3.8779797554016113","3.8779797554016113","3.8779797554016113","3.960712194442749","3.960712194442749","3.960712194442749","4.177978992462158","4.177978992462158","4.177978992462158"
"82100","3.946296453475952","3.946296453475952","3.946296453475952","4.2325263023376465","4.2325263023376465","4.2325263023376465","4.092222690582275","4.092222690582275","4.092222690582275"
"82200","4.083565711975098","4.083565711975098","4.083565711975098","4.232578277587891","4.232578277587891","4.232578277587891","3.8361525535583496","3.8361525535583496","3.8361525535583496"
"82300","3.8765292167663574","3.8765292167663574","3.8765292167663574","4.1092119216918945","4.1092119216918945","4.1092119216918945","4.001775741577148","4.001775741577148","4.001775741577148"
"82400","4.049261569976807","4.049261569976807","4.049261569976807","4.257024765014648","4.257024765014648","4.257024765014648","3.637925386428833","3.637925386428833","3.637925386428833"
"82500","3.995469093322754","3.995469093322754","3.995469093322754","4.349613666534424","4.349613666534424","4.349613666534424","3.838106632232666","3.838106632232666","3.838106632232666"
"82600","3.9443769454956055","3.9443769454956055","3.9443769454956055","4.265716075897217","4.265716075897217","4.265716075897217","4.2065348625183105","4.2065348625183105","4.2065348625183105"
"82700","3.9941818714141846","3.9941818714141846","3.9941818714141846","4.275813579559326","4.275813579559326","4.275813579559326","4.0010833740234375","4.0010833740234375","4.0010833740234375"
"82800","4.071424961090088","4.071424961090088","4.071424961090088","4.2459869384765625","4.2459869384765625","4.2459869384765625","4.0717668533325195","4.0717668533325195","4.0717668533325195"
"82900","3.892252206802368","3.892252206802368","3.892252206802368","4.284343242645264","4.284343242645264","4.284343242645264","3.8544647693634033","3.8544647693634033","3.8544647693634033"
"83000","4.020493030548096","4.020493030548096","4.020493030548096","4.2802653312683105","4.2802653312683105","4.2802653312683105","4.0781121253967285","4.0781121253967285","4.0781121253967285"
"83100","4.115494728088379","4.115494728088379","4.115494728088379","4.253911972045898","4.253911972045898","4.253911972045898","3.9220314025878906","3.9220314025878906","3.9220314025878906"
"83200","3.956707000732422","3.956707000732422","3.956707000732422","4.2995171546936035","4.2995171546936035","4.2995171546936035","4.045828342437744","4.045828342437744","4.045828342437744"
"83300","3.988849639892578","3.988849639892578","3.988849639892578","4.256842136383057","4.256842136383057","4.256842136383057","3.8880016803741455","3.8880016803741455","3.8880016803741455"
"83400","3.941251516342163","3.941251516342163","3.941251516342163","4.229504108428955","4.229504108428955","4.229504108428955","3.897496223449707","3.897496223449707","3.897496223449707"
"83500","4.033012390136719","4.033012390136719","4.033012390136719","4.341419219970703","4.341419219970703","4.341419219970703","3.99078106880188","3.99078106880188","3.99078106880188"
"83600","4.020049095153809","4.020049095153809","4.020049095153809","4.313090801239014","4.313090801239014","4.313090801239014","3.8528590202331543","3.8528590202331543","3.8528590202331543"
"83700","4.032227993011475","4.032227993011475","4.032227993011475","4.327551364898682","4.327551364898682","4.327551364898682","3.9544677734375","3.9544677734375","3.9544677734375"
"83800","4.053874969482422","4.053874969482422","4.053874969482422","4.17775821685791","4.17775821685791","4.17775821685791","4.074628829956055","4.074628829956055","4.074628829956055"
"83900","4.063363552093506","4.063363552093506","4.063363552093506","4.241060733795166","4.241060733795166","4.241060733795166","4.093433856964111","4.093433856964111","4.093433856964111"
"84000","4.0243072509765625","4.0243072509765625","4.0243072509765625","4.226066589355469","4.226066589355469","4.226066589355469","4.06196928024292","4.06196928024292","4.06196928024292"
"84100","4.011376857757568","4.011376857757568","4.011376857757568","3.9782633781433105","3.9782633781433105","3.9782633781433105","3.913029909133911","3.913029909133911","3.913029909133911"
"84200","3.863008499145508","3.863008499145508","3.863008499145508","3.7902579307556152","3.7902579307556152","3.7902579307556152","4.001908779144287","4.001908779144287","4.001908779144287"
"84300","3.8611254692077637","3.8611254692077637","3.8611254692077637","4.258779525756836","4.258779525756836","4.258779525756836","4.100087642669678","4.100087642669678","4.100087642669678"
"84400","3.96345591545105","3.96345591545105","3.96345591545105","3.972705364227295","3.972705364227295","3.972705364227295","3.8439300060272217","3.8439300060272217","3.8439300060272217"
"84500","3.8651418685913086","3.8651418685913086","3.8651418685913086","4.136195182800293","4.136195182800293","4.136195182800293","3.9723644256591797","3.9723644256591797","3.9723644256591797"
"84600","4.035290241241455","4.035290241241455","4.035290241241455","4.293516159057617","4.293516159057617","4.293516159057617","4.020524978637695","4.020524978637695","4.020524978637695"
"84700","4.03322696685791","4.03322696685791","4.03322696685791","4.287005424499512","4.287005424499512","4.287005424499512","3.748096466064453","3.748096466064453","3.748096466064453"
"84800","4.116397380828857","4.116397380828857","4.116397380828857","4.013817310333252","4.013817310333252","4.013817310333252","4.036428928375244","4.036428928375244","4.036428928375244"
"84900","4.046371936798096","4.046371936798096","4.046371936798096","4.247228145599365","4.247228145599365","4.247228145599365","4.165995121002197","4.165995121002197","4.165995121002197"
"85000","3.9263648986816406","3.9263648986816406","3.9263648986816406","4.335262298583984","4.335262298583984","4.335262298583984","3.9390621185302734","3.9390621185302734","3.9390621185302734"
"85100","4.038355350494385","4.038355350494385","4.038355350494385","4.185577392578125","4.185577392578125","4.185577392578125","3.8864126205444336","3.8864126205444336","3.8864126205444336"
"85200","4.034637451171875","4.034637451171875","4.034637451171875","4.206732273101807","4.206732273101807","4.206732273101807","4.052428722381592","4.052428722381592","4.052428722381592"
"85300","4.061051368713379","4.061051368713379","4.061051368713379","4.278190612792969","4.278190612792969","4.278190612792969","4.191227436065674","4.191227436065674","4.191227436065674"
"85400","3.923572063446045","3.923572063446045","3.923572063446045","4.079391002655029","4.079391002655029","4.079391002655029","4.042583465576172","4.042583465576172","4.042583465576172"
"85500","4.136102676391602","4.136102676391602","4.136102676391602","4.262966632843018","4.262966632843018","4.262966632843018","4.045817852020264","4.045817852020264","4.045817852020264"
"85600","3.9778082370758057","3.9778082370758057","3.9778082370758057","4.234862327575684","4.234862327575684","4.234862327575684","4.107938766479492","4.107938766479492","4.107938766479492"
"85700","4.0188307762146","4.0188307762146","4.0188307762146","4.057927131652832","4.057927131652832","4.057927131652832","3.9869377613067627","3.9869377613067627","3.9869377613067627"
"85800","3.83444881439209","3.83444881439209","3.83444881439209","4.165942668914795","4.165942668914795","4.165942668914795","3.9074831008911133","3.9074831008911133","3.9074831008911133"
"85900","3.906538963317871","3.906538963317871","3.906538963317871","4.28309965133667","4.28309965133667","4.28309965133667","4.006129741668701","4.006129741668701","4.006129741668701"
"86000","3.800600528717041","3.800600528717041","3.800600528717041","4.225835800170898","4.225835800170898","4.225835800170898","3.999121904373169","3.999121904373169","3.999121904373169"
"86100","3.951075315475464","3.951075315475464","3.951075315475464","4.032742977142334","4.032742977142334","4.032742977142334","4.078707218170166","4.078707218170166","4.078707218170166"
"86200","3.7843079566955566","3.7843079566955566","3.7843079566955566","4.279618740081787","4.279618740081787","4.279618740081787","4.050540924072266","4.050540924072266","4.050540924072266"
"86300","3.678983449935913","3.678983449935913","3.678983449935913","4.2756829261779785","4.2756829261779785","4.2756829261779785","4.011880874633789","4.011880874633789","4.011880874633789"
"86400","3.808854579925537","3.808854579925537","3.808854579925537","3.9672727584838867","3.9672727584838867","3.9672727584838867","3.9252395629882812","3.9252395629882812","3.9252395629882812"
"86500","3.928997278213501","3.928997278213501","3.928997278213501","4.19036865234375","4.19036865234375","4.19036865234375","3.8843259811401367","3.8843259811401367","3.8843259811401367"
"86600","3.8038840293884277","3.8038840293884277","3.8038840293884277","4.224498748779297","4.224498748779297","4.224498748779297","3.749809980392456","3.749809980392456","3.749809980392456"
"86700","3.9803247451782227","3.9803247451782227","3.9803247451782227","4.3581037521362305","4.3581037521362305","4.3581037521362305","4.165462017059326","4.165462017059326","4.165462017059326"
"86800","3.9526195526123047","3.9526195526123047","3.9526195526123047","4.041460990905762","4.041460990905762","4.041460990905762","4.328457355499268","4.328457355499268","4.328457355499268"
"86900","3.966907262802124","3.966907262802124","3.966907262802124","4.2680983543396","4.2680983543396","4.2680983543396","4.031458854675293","4.031458854675293","4.031458854675293"
"87000","4.033559322357178","4.033559322357178","4.033559322357178","4.263503551483154","4.263503551483154","4.263503551483154","4.050386428833008","4.050386428833008","4.050386428833008"
"87100","4.073906421661377","4.073906421661377","4.073906421661377","4.262082576751709","4.262082576751709","4.262082576751709","4.040615558624268","4.040615558624268","4.040615558624268"
"87200","4.004156112670898","4.004156112670898","4.004156112670898","4.08473014831543","4.08473014831543","4.08473014831543","3.6356911659240723","3.6356911659240723","3.6356911659240723"
"87300","4.08011531829834","4.08011531829834","4.08011531829834","4.258107662200928","4.258107662200928","4.258107662200928","3.998516798019409","3.998516798019409","3.998516798019409"
"87400","4.057706356048584","4.057706356048584","4.057706356048584","4.298842906951904","4.298842906951904","4.298842906951904","3.1006245613098145","3.1006245613098145","3.1006245613098145"
"87500","3.9947564601898193","3.9947564601898193","3.9947564601898193","4.306188106536865","4.306188106536865","4.306188106536865","4.158456325531006","4.158456325531006","4.158456325531006"
"87600","3.773589849472046","3.773589849472046","3.773589849472046","4.281254768371582","4.281254768371582","4.281254768371582","3.866995334625244","3.866995334625244","3.866995334625244"
"87700","4.076981544494629","4.076981544494629","4.076981544494629","4.270039081573486","4.270039081573486","4.270039081573486","4.006291389465332","4.006291389465332","4.006291389465332"
"87800","4.06659460067749","4.06659460067749","4.06659460067749","3.9162957668304443","3.9162957668304443","3.9162957668304443","4.134377956390381","4.134377956390381","4.134377956390381"
"87900","3.9795114994049072","3.9795114994049072","3.9795114994049072","4.30703592300415","4.30703592300415","4.30703592300415","3.5984370708465576","3.5984370708465576","3.5984370708465576"
"88000","4.0516791343688965","4.0516791343688965","4.0516791343688965","4.3322625160217285","4.3322625160217285","4.3322625160217285","3.9523723125457764","3.9523723125457764","3.9523723125457764"
"88100","3.8910226821899414","3.8910226821899414","3.8910226821899414","3.938920021057129","3.938920021057129","3.938920021057129","3.9702999591827393","3.9702999591827393","3.9702999591827393"
"88200","4.052559852600098","4.052559852600098","4.052559852600098","4.191044807434082","4.191044807434082","4.191044807434082","3.7677369117736816","3.7677369117736816","3.7677369117736816"
"88300","3.817162275314331","3.817162275314331","3.817162275314331","4.27970552444458","4.27970552444458","4.27970552444458","4.057809829711914","4.057809829711914","4.057809829711914"
"88400","4.0875325202941895","4.0875325202941895","4.0875325202941895","4.2307353019714355","4.2307353019714355","4.2307353019714355","3.9576292037963867","3.9576292037963867","3.9576292037963867"
"88500","3.8451879024505615","3.8451879024505615","3.8451879024505615","4.064406394958496","4.064406394958496","4.064406394958496","4.113630771636963","4.113630771636963","4.113630771636963"
"88600","4.088460445404053","4.088460445404053","4.088460445404053","4.0717573165893555","4.0717573165893555","4.0717573165893555","4.089022636413574","4.089022636413574","4.089022636413574"
"88700","4.0741400718688965","4.0741400718688965","4.0741400718688965","4.311469078063965","4.311469078063965","4.311469078063965","4.04302978515625","4.04302978515625","4.04302978515625"
"88800","4.0259528160095215","4.0259528160095215","4.0259528160095215","4.307261943817139","4.307261943817139","4.307261943817139","4.02923583984375","4.02923583984375","4.02923583984375"
"88900","3.9184865951538086","3.9184865951538086","3.9184865951538086","4.297811508178711","4.297811508178711","4.297811508178711","3.9782145023345947","3.9782145023345947","3.9782145023345947"
"89000","3.871851921081543","3.871851921081543","3.871851921081543","4.24637508392334","4.24637508392334","4.24637508392334","3.840752124786377","3.840752124786377","3.840752124786377"
"89100","3.975158929824829","3.975158929824829","3.975158929824829","4.2909159660339355","4.2909159660339355","4.2909159660339355","4.068978309631348","4.068978309631348","4.068978309631348"
"89200","4.045040130615234","4.045040130615234","4.045040130615234","4.266202926635742","4.266202926635742","4.266202926635742","4.038754940032959","4.038754940032959","4.038754940032959"
"89300","4.038843154907227","4.038843154907227","4.038843154907227","4.306967258453369","4.306967258453369","4.306967258453369","4.023153305053711","4.023153305053711","4.023153305053711"
"89400","3.8515641689300537","3.8515641689300537","3.8515641689300537","4.006690502166748","4.006690502166748","4.006690502166748","4.092397689819336","4.092397689819336","4.092397689819336"
"89500","4.016489505767822","4.016489505767822","4.016489505767822","4.277952671051025","4.277952671051025","4.277952671051025","4.064462184906006","4.064462184906006","4.064462184906006"
"89600","4.069220542907715","4.069220542907715","4.069220542907715","4.066686630249023","4.066686630249023","4.066686630249023","4.15344762802124","4.15344762802124","4.15344762802124"
"89700","3.9907689094543457","3.9907689094543457","3.9907689094543457","4.049623489379883","4.049623489379883","4.049623489379883","4.016287326812744","4.016287326812744","4.016287326812744"
"89800","4.021178722381592","4.021178722381592","4.021178722381592","4.230902671813965","4.230902671813965","4.230902671813965","3.9040768146514893","3.9040768146514893","3.9040768146514893"
"89900","4.012220859527588","4.012220859527588","4.012220859527588","4.061575412750244","4.061575412750244","4.061575412750244","3.8458375930786133","3.8458375930786133","3.8458375930786133"
"90000","4.011837482452393","4.011837482452393","4.011837482452393","4.2484002113342285","4.2484002113342285","4.2484002113342285","3.9934308528900146","3.9934308528900146","3.9934308528900146"
"90100","4.038637161254883","4.038637161254883","4.038637161254883","4.057945251464844","4.057945251464844","4.057945251464844","3.8993587493896484","3.8993587493896484","3.8993587493896484"
"90200","3.95762038230896","3.95762038230896","3.95762038230896","4.24667501449585","4.24667501449585","4.24667501449585","3.8074750900268555","3.8074750900268555","3.8074750900268555"
"90300","3.93349552154541","3.93349552154541","3.93349552154541","4.3213677406311035","4.3213677406311035","4.3213677406311035","3.849083185195923","3.849083185195923","3.849083185195923"
"90400","4.023434162139893","4.023434162139893","4.023434162139893","4.318482875823975","4.318482875823975","4.318482875823975","4.0379204750061035","4.0379204750061035","4.0379204750061035"
"90500","4.038247108459473","4.038247108459473","4.038247108459473","4.303696155548096","4.303696155548096","4.303696155548096","4.011544227600098","4.011544227600098","4.011544227600098"
"90600","4.009239673614502","4.009239673614502","4.009239673614502","4.28490686416626","4.28490686416626","4.28490686416626","4.037874698638916","4.037874698638916","4.037874698638916"
"90700","3.668219566345215","3.668219566345215","3.668219566345215","4.287356853485107","4.287356853485107","4.287356853485107","4.085024833679199","4.085024833679199","4.085024833679199"
"90800","3.8986687660217285","3.8986687660217285","3.8986687660217285","4.302084445953369","4.302084445953369","4.302084445953369","3.958282470703125","3.958282470703125","3.958282470703125"
"90900","4.024428367614746","4.024428367614746","4.024428367614746","4.21360445022583","4.21360445022583","4.21360445022583","3.944093704223633","3.944093704223633","3.944093704223633"
"91000","4.0661187171936035","4.0661187171936035","4.0661187171936035","4.259012222290039","4.259012222290039","4.259012222290039","3.8260467052459717","3.8260467052459717","3.8260467052459717"
"91100","4.0686492919921875","4.0686492919921875","4.0686492919921875","4.267022132873535","4.267022132873535","4.267022132873535","3.7447304725646973","3.7447304725646973","3.7447304725646973"
"91200","3.998342275619507","3.998342275619507","3.998342275619507","4.237773418426514","4.237773418426514","4.237773418426514","3.8511838912963867","3.8511838912963867","3.8511838912963867"
"91300","3.736698627471924","3.736698627471924","3.736698627471924","4.253146171569824","4.253146171569824","4.253146171569824","3.866966724395752","3.866966724395752","3.866966724395752"
"91400","3.9424049854278564","3.9424049854278564","3.9424049854278564","4.229770660400391","4.229770660400391","4.229770660400391","3.97891902923584","3.97891902923584","3.97891902923584"
"91500","4.015188217163086","4.015188217163086","4.015188217163086","4.29910945892334","4.29910945892334","4.29910945892334","3.8642263412475586","3.8642263412475586","3.8642263412475586"
"91600","4.061766624450684","4.061766624450684","4.061766624450684","4.180848121643066","4.180848121643066","4.180848121643066","3.768340826034546","3.768340826034546","3.768340826034546"
"91700","3.931422233581543","3.931422233581543","3.931422233581543","4.255152702331543","4.255152702331543","4.255152702331543","4.041452884674072","4.041452884674072","4.041452884674072"
"91800","3.9844906330108643","3.9844906330108643","3.9844906330108643","4.217569828033447","4.217569828033447","4.217569828033447","4.004298686981201","4.004298686981201","4.004298686981201"
"91900","3.9352712631225586","3.9352712631225586","3.9352712631225586","4.226869583129883","4.226869583129883","4.226869583129883","3.9562249183654785","3.9562249183654785","3.9562249183654785"
"92000","3.986081123352051","3.986081123352051","3.986081123352051","4.326877117156982","4.326877117156982","4.326877117156982","4.114955902099609","4.114955902099609","4.114955902099609"
"92100","3.910645008087158","3.910645008087158","3.910645008087158","4.383040428161621","4.383040428161621","4.383040428161621","4.002040863037109","4.002040863037109","4.002040863037109"
"92200","3.988351821899414","3.988351821899414","3.988351821899414","4.236698150634766","4.236698150634766","4.236698150634766","4.125904560089111","4.125904560089111","4.125904560089111"
"92300","4.04435396194458","4.04435396194458","4.04435396194458","4.138235092163086","4.138235092163086","4.138235092163086","3.857841730117798","3.857841730117798","3.857841730117798"
"92400","3.855990409851074","3.855990409851074","3.855990409851074","4.236783027648926","4.236783027648926","4.236783027648926","4.093626976013184","4.093626976013184","4.093626976013184"
"92500","4.011815071105957","4.011815071105957","4.011815071105957","4.132308006286621","4.132308006286621","4.132308006286621","3.880253314971924","3.880253314971924","3.880253314971924"
"92600","4.076478481292725","4.076478481292725","4.076478481292725","4.206782341003418","4.206782341003418","4.206782341003418","4.063665390014648","4.063665390014648","4.063665390014648"
"92700","4.124678134918213","4.124678134918213","4.124678134918213","4.217851161956787","4.217851161956787","4.217851161956787","4.02711296081543","4.02711296081543","4.02711296081543"
"92800","3.956131935119629","3.956131935119629","3.956131935119629","4.0667219161987305","4.0667219161987305","4.0667219161987305","4.085541725158691","4.085541725158691","4.085541725158691"
"92900","4.0534563064575195","4.0534563064575195","4.0534563064575195","4.255056381225586","4.255056381225586","4.255056381225586","4.089199542999268","4.089199542999268","4.089199542999268"
"93000","3.930650234222412","3.930650234222412","3.930650234222412","4.304221153259277","4.304221153259277","4.304221153259277","4.0263895988464355","4.0263895988464355","4.0263895988464355"
"93100","3.9733829498291016","3.9733829498291016","3.9733829498291016","4.252527713775635","4.252527713775635","4.252527713775635","3.880441665649414","3.880441665649414","3.880441665649414"
"93200","3.8726208209991455","3.8726208209991455","3.8726208209991455","3.7803587913513184","3.7803587913513184","3.7803587913513184","3.8808727264404297","3.8808727264404297","3.8808727264404297"
"93300","3.9575181007385254","3.9575181007385254","3.9575181007385254","3.932121753692627","3.932121753692627","3.932121753692627","3.856734275817871","3.856734275817871","3.856734275817871"
"93400","4.049710750579834","4.049710750579834","4.049710750579834","3.6707262992858887","3.6707262992858887","3.6707262992858887","4.061056613922119","4.061056613922119","4.061056613922119"
"93500","4.0247979164123535","4.0247979164123535","4.0247979164123535","4.292466163635254","4.292466163635254","4.292466163635254","4.035614490509033","4.035614490509033","4.035614490509033"
"93600","4.043641090393066","4.043641090393066","4.043641090393066","4.261526107788086","4.261526107788086","4.261526107788086","4.025776386260986","4.025776386260986","4.025776386260986"
"93700","3.9354982376098633","3.9354982376098633","3.9354982376098633","4.254153728485107","4.254153728485107","4.254153728485107","3.8738722801208496","3.8738722801208496","3.8738722801208496"
"93800","3.867342948913574","3.867342948913574","3.867342948913574","4.2348785400390625","4.2348785400390625","4.2348785400390625","4.101431846618652","4.101431846618652","4.101431846618652"
"93900","3.8798716068267822","3.8798716068267822","3.8798716068267822","4.008312225341797","4.008312225341797","4.008312225341797","4.018481254577637","4.018481254577637","4.018481254577637"
"94000","3.9502718448638916","3.9502718448638916","3.9502718448638916","4.074035167694092","4.074035167694092","4.074035167694092","3.800116777420044","3.800116777420044","3.800116777420044"
"94100","3.900470733642578","3.900470733642578","3.900470733642578","4.250668525695801","4.250668525695801","4.250668525695801","4.103761196136475","4.103761196136475","4.103761196136475"
"94200","3.9224090576171875","3.9224090576171875","3.9224090576171875","4.271563529968262","4.271563529968262","4.271563529968262","4.072360038757324","4.072360038757324","4.072360038757324"
"94300","4.0538411140441895","4.0538411140441895","4.0538411140441895","4.26578426361084","4.26578426361084","4.26578426361084","3.962495803833008","3.962495803833008","3.962495803833008"
"94400","3.979050874710083","3.979050874710083","3.979050874710083","4.306974411010742","4.306974411010742","4.306974411010742","4.050758361816406","4.050758361816406","4.050758361816406"
"94500","3.9635820388793945","3.9635820388793945","3.9635820388793945","4.010326862335205","4.010326862335205","4.010326862335205","4.085043907165527","4.085043907165527","4.085043907165527"
"94600","4.022914886474609","4.022914886474609","4.022914886474609","4.075965881347656","4.075965881347656","4.075965881347656","4.13559103012085","4.13559103012085","4.13559103012085"
"94700","3.810755729675293","3.810755729675293","3.810755729675293","4.228604793548584","4.228604793548584","4.228604793548584","3.7949373722076416","3.7949373722076416","3.7949373722076416"
"94800","3.915822982788086","3.915822982788086","3.915822982788086","4.301517486572266","4.301517486572266","4.301517486572266","3.8671650886535645","3.8671650886535645","3.8671650886535645"
"94900","3.984610080718994","3.984610080718994","3.984610080718994","4.2542219161987305","4.2542219161987305","4.2542219161987305","4.19452428817749","4.19452428817749","4.19452428817749"
"95000","4.048697471618652","4.048697471618652","4.048697471618652","4.281912803649902","4.281912803649902","4.281912803649902","4.045624732971191","4.045624732971191","4.045624732971191"
"95100","4.009542465209961","4.009542465209961","4.009542465209961","4.266467094421387","4.266467094421387","4.266467094421387","3.8251802921295166","3.8251802921295166","3.8251802921295166"
"95200","3.8360249996185303","3.8360249996185303","3.8360249996185303","4.31203031539917","4.31203031539917","4.31203031539917","3.815295696258545","3.815295696258545","3.815295696258545"
"95300","3.9191179275512695","3.9191179275512695","3.9191179275512695","4.126704216003418","4.126704216003418","4.126704216003418","4.135500907897949","4.135500907897949","4.135500907897949"
"95400","3.6418964862823486","3.6418964862823486","3.6418964862823486","4.177613735198975","4.177613735198975","4.177613735198975","3.922360420227051","3.922360420227051","3.922360420227051"
"95500","3.849656105041504","3.849656105041504","3.849656105041504","4.215750694274902","4.215750694274902","4.215750694274902","4.088449954986572","4.088449954986572","4.088449954986572"
"95600","4.051100254058838","4.051100254058838","4.051100254058838","4.257512092590332","4.257512092590332","4.257512092590332","3.9707188606262207","3.9707188606262207","3.9707188606262207"
"95700","3.9482131004333496","3.9482131004333496","3.9482131004333496","4.243642807006836","4.243642807006836","4.243642807006836","3.8202481269836426","3.8202481269836426","3.8202481269836426"
"95800","3.9796292781829834","3.9796292781829834","3.9796292781829834","4.269676208496094","4.269676208496094","4.269676208496094","3.8699209690093994","3.8699209690093994","3.8699209690093994"
"95900","3.962214946746826","3.962214946746826","3.962214946746826","4.274730205535889","4.274730205535889","4.274730205535889","3.930542230606079","3.930542230606079","3.930542230606079"
"96000","3.9974210262298584","3.9974210262298584","3.9974210262298584","4.1845598220825195","4.1845598220825195","4.1845598220825195","4.051651954650879","4.051651954650879","4.051651954650879"
"96100","3.976564884185791","3.976564884185791","3.976564884185791","4.326174259185791","4.326174259185791","4.326174259185791","4.0817155838012695","4.0817155838012695","4.0817155838012695"
"96200","3.931546211242676","3.931546211242676","3.931546211242676","4.298008918762207","4.298008918762207","4.298008918762207","3.8999574184417725","3.8999574184417725","3.8999574184417725"
"96300","3.9617161750793457","3.9617161750793457","3.9617161750793457","4.246884822845459","4.246884822845459","4.246884822845459","4.120879173278809","4.120879173278809","4.120879173278809"
"96400","3.964003086090088","3.964003086090088","3.964003086090088","4.220014572143555","4.220014572143555","4.220014572143555","3.9403553009033203","3.9403553009033203","3.9403553009033203"
"96500","4.011696815490723","4.011696815490723","4.011696815490723","4.239606857299805","4.239606857299805","4.239606857299805","4.073480606079102","4.073480606079102","4.073480606079102"
"96600","4.521849632263184","4.521849632263184","4.521849632263184","4.036575794219971","4.036575794219971","4.036575794219971","3.8403635025024414","3.8403635025024414","3.8403635025024414"
"96700","4.062953948974609","4.062953948974609","4.062953948974609","4.220551013946533","4.220551013946533","4.220551013946533","3.8645756244659424","3.8645756244659424","3.8645756244659424"
"96800","3.885228395462036","3.885228395462036","3.885228395462036","4.31374454498291","4.31374454498291","4.31374454498291","3.9735302925109863","3.9735302925109863","3.9735302925109863"
"96900","4.056027412414551","4.056027412414551","4.056027412414551","4.333010196685791","4.333010196685791","4.333010196685791","3.8208067417144775","3.8208067417144775","3.8208067417144775"
"97000","4.075605869293213","4.075605869293213","4.075605869293213","3.8228468894958496","3.8228468894958496","3.8228468894958496","4.030970096588135","4.030970096588135","4.030970096588135"
"97100","4.010709285736084","4.010709285736084","4.010709285736084","4.247451305389404","4.247451305389404","4.247451305389404","3.846332311630249","3.846332311630249","3.846332311630249"
"97200","3.933245897293091","3.933245897293091","3.933245897293091","4.21058464050293","4.21058464050293","4.21058464050293","4.007987022399902","4.007987022399902","4.007987022399902"
"97300","4.050692558288574","4.050692558288574","4.050692558288574","4.282486915588379","4.282486915588379","4.282486915588379","4.082141876220703","4.082141876220703","4.082141876220703"
"97400","4.0652008056640625","4.0652008056640625","4.0652008056640625","4.22830057144165","4.22830057144165","4.22830057144165","3.9284260272979736","3.9284260272979736","3.9284260272979736"
"97500","3.946249485015869","3.946249485015869","3.946249485015869","4.23801851272583","4.23801851272583","4.23801851272583","3.9888882637023926","3.9888882637023926","3.9888882637023926"
"97600","4.004297733306885","4.004297733306885","4.004297733306885","4.268827438354492","4.268827438354492","4.268827438354492","3.7989258766174316","3.7989258766174316","3.7989258766174316"
"97700","3.939542770385742","3.939542770385742","3.939542770385742","4.174666881561279","4.174666881561279","4.174666881561279","3.7507381439208984","3.7507381439208984","3.7507381439208984"
"97800","4.011420249938965","4.011420249938965","4.011420249938965","4.0152387619018555","4.0152387619018555","4.0152387619018555","4.028949737548828","4.028949737548828","4.028949737548828"
"97900","3.9179913997650146","3.9179913997650146","3.9179913997650146","4.046295642852783","4.046295642852783","4.046295642852783","3.817842960357666","3.817842960357666","3.817842960357666"
"98000","4.016145706176758","4.016145706176758","4.016145706176758","4.137548923492432","4.137548923492432","4.137548923492432","3.7756688594818115","3.7756688594818115","3.7756688594818115"
"98100","3.887434959411621","3.887434959411621","3.887434959411621","4.06346321105957","4.06346321105957","4.06346321105957","4.022124290466309","4.022124290466309","4.022124290466309"
"98200","3.933120012283325","3.933120012283325","3.933120012283325","4.2322893142700195","4.2322893142700195","4.2322893142700195","3.9010238647460938","3.9010238647460938","3.9010238647460938"
"98300","3.9514429569244385","3.9514429569244385","3.9514429569244385","4.205516815185547","4.205516815185547","4.205516815185547","3.8431966304779053","3.8431966304779053","3.8431966304779053"
"98400","4.023974895477295","4.023974895477295","4.023974895477295","4.250453948974609","4.250453948974609","4.250453948974609","4.15673828125","4.15673828125","4.15673828125"
"98500","4.016791820526123","4.016791820526123","4.016791820526123","4.209773540496826","4.209773540496826","4.209773540496826","3.92030930519104","3.92030930519104","3.92030930519104"
"98600","3.9497182369232178","3.9497182369232178","3.9497182369232178","4.166361331939697","4.166361331939697","4.166361331939697","4.018313884735107","4.018313884735107","4.018313884735107"
"98700","4.012473106384277","4.012473106384277","4.012473106384277","4.105002403259277","4.105002403259277","4.105002403259277","4.020922660827637","4.020922660827637","4.020922660827637"
"98800","3.7977395057678223","3.7977395057678223","3.7977395057678223","4.28336238861084","4.28336238861084","4.28336238861084","4.001529693603516","4.001529693603516","4.001529693603516"
"98900","3.9432783126831055","3.9432783126831055","3.9432783126831055","4.236553192138672","4.236553192138672","4.236553192138672","3.772355794906616","3.772355794906616","3.772355794906616"
"99000","3.8745205402374268","3.8745205402374268","3.8745205402374268","4.228038787841797","4.228038787841797","4.228038787841797","3.7459912300109863","3.7459912300109863","3.7459912300109863"
"99100","3.7949771881103516","3.7949771881103516","3.7949771881103516","4.2774786949157715","4.2774786949157715","4.2774786949157715","4.04725456237793","4.04725456237793","4.04725456237793"
"99200","4.045160293579102","4.045160293579102","4.045160293579102","4.232771396636963","4.232771396636963","4.232771396636963","3.6696062088012695","3.6696062088012695","3.6696062088012695"
"99300","3.890684127807617","3.890684127807617","3.890684127807617","4.204589366912842","4.204589366912842","4.204589366912842","3.9717025756835938","3.9717025756835938","3.9717025756835938"
"99400","4.002243518829346","4.002243518829346","4.002243518829346","4.016949653625488","4.016949653625488","4.016949653625488","4.102476596832275","4.102476596832275","4.102476596832275"
"99500","4.0821733474731445","4.0821733474731445","4.0821733474731445","4.01958703994751","4.01958703994751","4.01958703994751","3.953953266143799","3.953953266143799","3.953953266143799"
"99600","3.8772220611572266","3.8772220611572266","3.8772220611572266","4.278213977813721","4.278213977813721","4.278213977813721","4.091799736022949","4.091799736022949","4.091799736022949"
"99700","3.599625587463379","3.599625587463379","3.599625587463379","4.2068681716918945","4.2068681716918945","4.2068681716918945","4.071613788604736","4.071613788604736","4.071613788604736"
"99800","3.8131563663482666","3.8131563663482666","3.8131563663482666","4.274270057678223","4.274270057678223","4.274270057678223","4.027635097503662","4.027635097503662","4.027635097503662"
"99900","3.9319605827331543","3.9319605827331543","3.9319605827331543","4.280628681182861","4.280628681182861","4.280628681182861","3.8332343101501465","3.8332343101501465","3.8332343101501465"
"100000","3.9988675117492676","3.9988675117492676","3.9988675117492676","3.954057216644287","3.954057216644287","3.954057216644287","3.9487383365631104","3.9487383365631104","3.9487383365631104"