"Step","tpt - loss","tpt - loss__MIN","tpt - loss__MAX","fl - loss","fl - loss__MIN","fl - loss__MAX","vn - loss","vn - loss__MIN","vn - loss__MAX"
"100","5.060201168060303","5.060201168060303","5.060201168060303","4.774974822998047","4.774974822998047","4.774974822998047","5.308193683624268","5.308193683624268","5.308193683624268"
"200","5.0693888664245605","5.0693888664245605","5.0693888664245605","4.765876293182373","4.765876293182373","4.765876293182373","5.01847505569458","5.01847505569458","5.01847505569458"
"300","4.929959774017334","4.929959774017334","4.929959774017334","4.841338634490967","4.841338634490967","4.841338634490967","4.860142707824707","4.860142707824707","4.860142707824707"
"400","4.906354904174805","4.906354904174805","4.906354904174805","5.022557735443115","5.022557735443115","5.022557735443115","5.0641679763793945","5.0641679763793945","5.0641679763793945"
"500","4.775800704956055","4.775800704956055","4.775800704956055","5.041339874267578","5.041339874267578","5.041339874267578","4.877064228057861","4.877064228057861","4.877064228057861"
"600","4.921792030334473","4.921792030334473","4.921792030334473","4.869007587432861","4.869007587432861","4.869007587432861","4.782050132751465","4.782050132751465","4.782050132751465"
"700","4.681766986846924","4.681766986846924","4.681766986846924","4.5407843589782715","4.5407843589782715","4.5407843589782715","4.9944915771484375","4.9944915771484375","4.9944915771484375"
"800","4.793609142303467","4.793609142303467","4.793609142303467","4.87849760055542","4.87849760055542","4.87849760055542","4.964273929595947","4.964273929595947","4.964273929595947"
"900","4.644386291503906","4.644386291503906","4.644386291503906","4.837310314178467","4.837310314178467","4.837310314178467","4.9910054206848145","4.9910054206848145","4.9910054206848145"
"1000","4.846785545349121","4.846785545349121","4.846785545349121","4.858734607696533","4.858734607696533","4.858734607696533","4.986688613891602","4.986688613891602","4.986688613891602"
"1100","4.844958305358887","4.844958305358887","4.844958305358887","4.764008045196533","4.764008045196533","4.764008045196533","4.688757419586182","4.688757419586182","4.688757419586182"
"1200","4.62064790725708","4.62064790725708","4.62064790725708","4.784908771514893","4.784908771514893","4.784908771514893","4.761538028717041","4.761538028717041","4.761538028717041"
"1300","4.831401348114014","4.831401348114014","4.831401348114014","4.772935390472412","4.772935390472412","4.772935390472412","4.836781978607178","4.836781978607178","4.836781978607178"
"1400","4.782694339752197","4.782694339752197","4.782694339752197","4.80773401260376","4.80773401260376","4.80773401260376","4.5768141746521","4.5768141746521","4.5768141746521"
"1500","4.601617336273193","4.601617336273193","4.601617336273193","4.917442798614502","4.917442798614502","4.917442798614502","4.840547561645508","4.840547561645508","4.840547561645508"
"1600","4.816944599151611","4.816944599151611","4.816944599151611","4.8022236824035645","4.8022236824035645","4.8022236824035645","4.708391189575195","4.708391189575195","4.708391189575195"
"1700","4.486161231994629","4.486161231994629","4.486161231994629","4.7508673667907715","4.7508673667907715","4.7508673667907715","5.040353298187256","5.040353298187256","5.040353298187256"
"1800","4.682244300842285","4.682244300842285","4.682244300842285","4.733463764190674","4.733463764190674","4.733463764190674","4.968253135681152","4.968253135681152","4.968253135681152"
"1900","4.632470607757568","4.632470607757568","4.632470607757568","4.510929584503174","4.510929584503174","4.510929584503174","4.932278156280518","4.932278156280518","4.932278156280518"
"2000","4.721683502197266","4.721683502197266","4.721683502197266","4.913683891296387","4.913683891296387","4.913683891296387","4.849947452545166","4.849947452545166","4.849947452545166"
"2100","4.495491027832031","4.495491027832031","4.495491027832031","4.845508575439453","4.845508575439453","4.845508575439453","4.602160453796387","4.602160453796387","4.602160453796387"
"2200","4.60701847076416","4.60701847076416","4.60701847076416","4.501043319702148","4.501043319702148","4.501043319702148","4.850399017333984","4.850399017333984","4.850399017333984"
"2300","4.733644008636475","4.733644008636475","4.733644008636475","4.8132147789001465","4.8132147789001465","4.8132147789001465","4.590925693511963","4.590925693511963","4.590925693511963"
"2400","4.661643981933594","4.661643981933594","4.661643981933594","4.428460121154785","4.428460121154785","4.428460121154785","4.868814468383789","4.868814468383789","4.868814468383789"
"2500","4.362635612487793","4.362635612487793","4.362635612487793","4.745843410491943","4.745843410491943","4.745843410491943","4.686020374298096","4.686020374298096","4.686020374298096"
"2600","4.672661304473877","4.672661304473877","4.672661304473877","4.535518169403076","4.535518169403076","4.535518169403076","4.8415632247924805","4.8415632247924805","4.8415632247924805"
"2700","4.64349365234375","4.64349365234375","4.64349365234375","4.727370262145996","4.727370262145996","4.727370262145996","4.941895008087158","4.941895008087158","4.941895008087158"
"2800","4.548500061035156","4.548500061035156","4.548500061035156","4.6781439781188965","4.6781439781188965","4.6781439781188965","4.819572925567627","4.819572925567627","4.819572925567627"
"2900","4.637718677520752","4.637718677520752","4.637718677520752","4.442928791046143","4.442928791046143","4.442928791046143","4.577829360961914","4.577829360961914","4.577829360961914"
"3000","4.561149597167969","4.561149597167969","4.561149597167969","4.718117713928223","4.718117713928223","4.718117713928223","4.976059436798096","4.976059436798096","4.976059436798096"
"3100","4.484287261962891","4.484287261962891","4.484287261962891","4.642319679260254","4.642319679260254","4.642319679260254","4.556240081787109","4.556240081787109","4.556240081787109"
"3200","4.503789901733398","4.503789901733398","4.503789901733398","4.6587300300598145","4.6587300300598145","4.6587300300598145","4.732717990875244","4.732717990875244","4.732717990875244"
"3300","4.4991044998168945","4.4991044998168945","4.4991044998168945","4.405909538269043","4.405909538269043","4.405909538269043","4.807081699371338","4.807081699371338","4.807081699371338"
"3400","4.549631118774414","4.549631118774414","4.549631118774414","4.703354835510254","4.703354835510254","4.703354835510254","4.87138032913208","4.87138032913208","4.87138032913208"
"3500","4.495083808898926","4.495083808898926","4.495083808898926","4.711705684661865","4.711705684661865","4.711705684661865","4.696893692016602","4.696893692016602","4.696893692016602"
"3600","4.58554744720459","4.58554744720459","4.58554744720459","4.504245281219482","4.504245281219482","4.504245281219482","4.555999755859375","4.555999755859375","4.555999755859375"
"3700","4.556365013122559","4.556365013122559","4.556365013122559","4.5117363929748535","4.5117363929748535","4.5117363929748535","4.959469318389893","4.959469318389893","4.959469318389893"
"3800","4.551229476928711","4.551229476928711","4.551229476928711","4.7052412033081055","4.7052412033081055","4.7052412033081055","4.396243095397949","4.396243095397949","4.396243095397949"
"3900","4.309726238250732","4.309726238250732","4.309726238250732","4.560561180114746","4.560561180114746","4.560561180114746","4.681550025939941","4.681550025939941","4.681550025939941"
"4000","4.577252388000488","4.577252388000488","4.577252388000488","4.691181182861328","4.691181182861328","4.691181182861328","4.631922245025635","4.631922245025635","4.631922245025635"
"4100","4.216062545776367","4.216062545776367","4.216062545776367","4.629310131072998","4.629310131072998","4.629310131072998","4.592152118682861","4.592152118682861","4.592152118682861"
"4200","4.530328273773193","4.530328273773193","4.530328273773193","4.669076442718506","4.669076442718506","4.669076442718506","4.551338195800781","4.551338195800781","4.551338195800781"
"4300","4.511879920959473","4.511879920959473","4.511879920959473","4.646808624267578","4.646808624267578","4.646808624267578","4.707343101501465","4.707343101501465","4.707343101501465"
"4400","4.749056339263916","4.749056339263916","4.749056339263916","4.438072681427002","4.438072681427002","4.438072681427002","4.695855617523193","4.695855617523193","4.695855617523193"
"4500","4.570985794067383","4.570985794067383","4.570985794067383","4.431910037994385","4.431910037994385","4.431910037994385","4.656226634979248","4.656226634979248","4.656226634979248"
"4600","4.464054107666016","4.464054107666016","4.464054107666016","4.215123176574707","4.215123176574707","4.215123176574707","4.560039520263672","4.560039520263672","4.560039520263672"
"4700","4.502643585205078","4.502643585205078","4.502643585205078","4.73372745513916","4.73372745513916","4.73372745513916","4.3594136238098145","4.3594136238098145","4.3594136238098145"
"4800","4.245635509490967","4.245635509490967","4.245635509490967","4.790095806121826","4.790095806121826","4.790095806121826","4.790624618530273","4.790624618530273","4.790624618530273"
"4900","4.503649711608887","4.503649711608887","4.503649711608887","4.494647026062012","4.494647026062012","4.494647026062012","4.608551979064941","4.608551979064941","4.608551979064941"
"5000","4.437161445617676","4.437161445617676","4.437161445617676","4.715976238250732","4.715976238250732","4.715976238250732","4.477941513061523","4.477941513061523","4.477941513061523"
"5100","4.4134063720703125","4.4134063720703125","4.4134063720703125","4.680934429168701","4.680934429168701","4.680934429168701","4.476285934448242","4.476285934448242","4.476285934448242"
"5200","4.151192665100098","4.151192665100098","4.151192665100098","4.581832408905029","4.581832408905029","4.581832408905029","4.6746039390563965","4.6746039390563965","4.6746039390563965"
"5300","4.445866584777832","4.445866584777832","4.445866584777832","4.647249698638916","4.647249698638916","4.647249698638916","4.52659273147583","4.52659273147583","4.52659273147583"
"5400","4.273843288421631","4.273843288421631","4.273843288421631","4.721625328063965","4.721625328063965","4.721625328063965","4.578125","4.578125","4.578125"
"5500","4.570944309234619","4.570944309234619","4.570944309234619","4.555168151855469","4.555168151855469","4.555168151855469","4.613025188446045","4.613025188446045","4.613025188446045"
"5600","4.148406505584717","4.148406505584717","4.148406505584717","4.612524509429932","4.612524509429932","4.612524509429932","4.719516277313232","4.719516277313232","4.719516277313232"
"5700","4.4690680503845215","4.4690680503845215","4.4690680503845215","4.667827129364014","4.667827129364014","4.667827129364014","4.564695358276367","4.564695358276367","4.564695358276367"
"5800","4.367737293243408","4.367737293243408","4.367737293243408","4.494959831237793","4.494959831237793","4.494959831237793","4.239827632904053","4.239827632904053","4.239827632904053"
"5900","4.367844104766846","4.367844104766846","4.367844104766846","4.71633768081665","4.71633768081665","4.71633768081665","4.475018501281738","4.475018501281738","4.475018501281738"
"6000","4.2497100830078125","4.2497100830078125","4.2497100830078125","4.560100555419922","4.560100555419922","4.560100555419922","4.600491046905518","4.600491046905518","4.600491046905518"
"6100","4.424164295196533","4.424164295196533","4.424164295196533","4.49884033203125","4.49884033203125","4.49884033203125","4.628928184509277","4.628928184509277","4.628928184509277"
"6200","4.266628265380859","4.266628265380859","4.266628265380859","4.564423561096191","4.564423561096191","4.564423561096191","4.485897541046143","4.485897541046143","4.485897541046143"
"6300","4.463601589202881","4.463601589202881","4.463601589202881","4.47398042678833","4.47398042678833","4.47398042678833","4.406164169311523","4.406164169311523","4.406164169311523"
"6400","4.427026748657227","4.427026748657227","4.427026748657227","4.588555812835693","4.588555812835693","4.588555812835693","4.598832130432129","4.598832130432129","4.598832130432129"
"6500","4.550199508666992","4.550199508666992","4.550199508666992","4.647759437561035","4.647759437561035","4.647759437561035","4.517965793609619","4.517965793609619","4.517965793609619"
"6600","4.374255657196045","4.374255657196045","4.374255657196045","4.53018856048584","4.53018856048584","4.53018856048584","4.446436405181885","4.446436405181885","4.446436405181885"
"6700","4.346211910247803","4.346211910247803","4.346211910247803","4.568658828735352","4.568658828735352","4.568658828735352","4.503096580505371","4.503096580505371","4.503096580505371"
"6800","4.398983955383301","4.398983955383301","4.398983955383301","4.632852077484131","4.632852077484131","4.632852077484131","4.547544002532959","4.547544002532959","4.547544002532959"
"6900","4.4471659660339355","4.4471659660339355","4.4471659660339355","4.577922821044922","4.577922821044922","4.577922821044922","4.644039154052734","4.644039154052734","4.644039154052734"
"7000","4.332726001739502","4.332726001739502","4.332726001739502","4.598405838012695","4.598405838012695","4.598405838012695","4.4640607833862305","4.4640607833862305","4.4640607833862305"
"7100","4.374875545501709","4.374875545501709","4.374875545501709","4.539659023284912","4.539659023284912","4.539659023284912","4.571860313415527","4.571860313415527","4.571860313415527"
"7200","4.386537551879883","4.386537551879883","4.386537551879883","4.617550373077393","4.617550373077393","4.617550373077393","4.64310884475708","4.64310884475708","4.64310884475708"
"7300","4.407955169677734","4.407955169677734","4.407955169677734","4.582615375518799","4.582615375518799","4.582615375518799","4.316452503204346","4.316452503204346","4.316452503204346"
"7400","4.328556060791016","4.328556060791016","4.328556060791016","4.4284868240356445","4.4284868240356445","4.4284868240356445","4.290067195892334","4.290067195892334","4.290067195892334"
"7500","4.421679973602295","4.421679973602295","4.421679973602295","4.4149603843688965","4.4149603843688965","4.4149603843688965","4.661723613739014","4.661723613739014","4.661723613739014"
"7600","4.297287940979004","4.297287940979004","4.297287940979004","4.423491954803467","4.423491954803467","4.423491954803467","4.644412517547607","4.644412517547607","4.644412517547607"
"7700","4.389584541320801","4.389584541320801","4.389584541320801","4.409158706665039","4.409158706665039","4.409158706665039","4.440565586090088","4.440565586090088","4.440565586090088"
"7800","4.039623260498047","4.039623260498047","4.039623260498047","4.403464317321777","4.403464317321777","4.403464317321777","4.4288811683654785","4.4288811683654785","4.4288811683654785"
"7900","4.181343078613281","4.181343078613281","4.181343078613281","4.312246799468994","4.312246799468994","4.312246799468994","4.586524963378906","4.586524963378906","4.586524963378906"
"8000","4.2352471351623535","4.2352471351623535","4.2352471351623535","4.56706428527832","4.56706428527832","4.56706428527832","4.7131242752075195","4.7131242752075195","4.7131242752075195"
"8100","4.405766010284424","4.405766010284424","4.405766010284424","4.472712516784668","4.472712516784668","4.472712516784668","4.706207752227783","4.706207752227783","4.706207752227783"
"8200","4.321300506591797","4.321300506591797","4.321300506591797","4.495593070983887","4.495593070983887","4.495593070983887","4.210263252258301","4.210263252258301","4.210263252258301"
"8300","4.139514923095703","4.139514923095703","4.139514923095703","4.631246566772461","4.631246566772461","4.631246566772461","4.612972736358643","4.612972736358643","4.612972736358643"
"8400","4.35498046875","4.35498046875","4.35498046875","4.6123833656311035","4.6123833656311035","4.6123833656311035","4.40354585647583","4.40354585647583","4.40354585647583"
"8500","4.3074822425842285","4.3074822425842285","4.3074822425842285","4.29483699798584","4.29483699798584","4.29483699798584","4.272112846374512","4.272112846374512","4.272112846374512"
"8600","4.373387336730957","4.373387336730957","4.373387336730957","4.5750603675842285","4.5750603675842285","4.5750603675842285","4.493727207183838","4.493727207183838","4.493727207183838"
"8700","4.233950138092041","4.233950138092041","4.233950138092041","5.055140495300293","5.055140495300293","5.055140495300293","4.299818515777588","4.299818515777588","4.299818515777588"
"8800","4.246596336364746","4.246596336364746","4.246596336364746","4.418418884277344","4.418418884277344","4.418418884277344","4.558504581451416","4.558504581451416","4.558504581451416"
"8900","4.3933868408203125","4.3933868408203125","4.3933868408203125","4.810100078582764","4.810100078582764","4.810100078582764","4.430511474609375","4.430511474609375","4.430511474609375"
"9000","4.343087196350098","4.343087196350098","4.343087196350098","4.723293781280518","4.723293781280518","4.723293781280518","4.522634506225586","4.522634506225586","4.522634506225586"
"9100","4.345299243927002","4.345299243927002","4.345299243927002","4.627827167510986","4.627827167510986","4.627827167510986","4.3050947189331055","4.3050947189331055","4.3050947189331055"
"9200","4.416383743286133","4.416383743286133","4.416383743286133","4.6264142990112305","4.6264142990112305","4.6264142990112305","4.638482570648193","4.638482570648193","4.638482570648193"
"9300","4.259858131408691","4.259858131408691","4.259858131408691","4.540920734405518","4.540920734405518","4.540920734405518","4.508432388305664","4.508432388305664","4.508432388305664"
"9400","4.414915084838867","4.414915084838867","4.414915084838867","4.396702289581299","4.396702289581299","4.396702289581299","4.540385723114014","4.540385723114014","4.540385723114014"
"9500","4.438818454742432","4.438818454742432","4.438818454742432","4.38118314743042","4.38118314743042","4.38118314743042","4.407073974609375","4.407073974609375","4.407073974609375"
"9600","4.410933017730713","4.410933017730713","4.410933017730713","4.569540023803711","4.569540023803711","4.569540023803711","4.528129577636719","4.528129577636719","4.528129577636719"
"9700","4.454992294311523","4.454992294311523","4.454992294311523","4.658280849456787","4.658280849456787","4.658280849456787","4.263709545135498","4.263709545135498","4.263709545135498"
"9800","4.332249641418457","4.332249641418457","4.332249641418457","3.8519387245178223","3.8519387245178223","3.8519387245178223","4.4606614112854","4.4606614112854","4.4606614112854"
"9900","4.234999179840088","4.234999179840088","4.234999179840088","4.640967845916748","4.640967845916748","4.640967845916748","4.19186544418335","4.19186544418335","4.19186544418335"
"10000","4.33544397354126","4.33544397354126","4.33544397354126","4.601212024688721","4.601212024688721","4.601212024688721","4.463395595550537","4.463395595550537","4.463395595550537"
"10100","4.214163303375244","4.214163303375244","4.214163303375244","4.61557149887085","4.61557149887085","4.61557149887085","4.471435546875","4.471435546875","4.471435546875"
"10200","4.379392147064209","4.379392147064209","4.379392147064209","4.3707051277160645","4.3707051277160645","4.3707051277160645","4.439118385314941","4.439118385314941","4.439118385314941"
"10300","4.295833587646484","4.295833587646484","4.295833587646484","4.503065586090088","4.503065586090088","4.503065586090088","4.471904754638672","4.471904754638672","4.471904754638672"
"10400","4.114412784576416","4.114412784576416","4.114412784576416","4.151963233947754","4.151963233947754","4.151963233947754","4.475110054016113","4.475110054016113","4.475110054016113"
"10500","4.063188552856445","4.063188552856445","4.063188552856445","4.563216686248779","4.563216686248779","4.563216686248779","4.433802127838135","4.433802127838135","4.433802127838135"
"10600","4.370197772979736","4.370197772979736","4.370197772979736","4.311997413635254","4.311997413635254","4.311997413635254","4.4406256675720215","4.4406256675720215","4.4406256675720215"
"10700","4.332221031188965","4.332221031188965","4.332221031188965","4.527658939361572","4.527658939361572","4.527658939361572","4.388521671295166","4.388521671295166","4.388521671295166"
"10800","4.33947229385376","4.33947229385376","4.33947229385376","4.195653438568115","4.195653438568115","4.195653438568115","4.388880252838135","4.388880252838135","4.388880252838135"
"10900","4.3641438484191895","4.3641438484191895","4.3641438484191895","4.417557716369629","4.417557716369629","4.417557716369629","4.441843032836914","4.441843032836914","4.441843032836914"
"11000","4.201936721801758","4.201936721801758","4.201936721801758","4.327535629272461","4.327535629272461","4.327535629272461","4.545022010803223","4.545022010803223","4.545022010803223"
"11100","4.327881813049316","4.327881813049316","4.327881813049316","4.5285844802856445","4.5285844802856445","4.5285844802856445","4.487757682800293","4.487757682800293","4.487757682800293"
"11200","4.191507816314697","4.191507816314697","4.191507816314697","4.552511215209961","4.552511215209961","4.552511215209961","4.1944403648376465","4.1944403648376465","4.1944403648376465"
"11300","4.266035079956055","4.266035079956055","4.266035079956055","4.507696151733398","4.507696151733398","4.507696151733398","4.486863136291504","4.486863136291504","4.486863136291504"
"11400","4.28324031829834","4.28324031829834","4.28324031829834","4.502532958984375","4.502532958984375","4.502532958984375","4.4286980628967285","4.4286980628967285","4.4286980628967285"
"11500","4.3925371170043945","4.3925371170043945","4.3925371170043945","4.527594089508057","4.527594089508057","4.527594089508057","4.162984848022461","4.162984848022461","4.162984848022461"
"11600","4.346644401550293","4.346644401550293","4.346644401550293","4.390627861022949","4.390627861022949","4.390627861022949","4.223606586456299","4.223606586456299","4.223606586456299"
"11700","4.285993576049805","4.285993576049805","4.285993576049805","4.516902923583984","4.516902923583984","4.516902923583984","4.386936187744141","4.386936187744141","4.386936187744141"
"11800","4.290833950042725","4.290833950042725","4.290833950042725","4.5297698974609375","4.5297698974609375","4.5297698974609375","4.242458820343018","4.242458820343018","4.242458820343018"
"11900","4.22740364074707","4.22740364074707","4.22740364074707","4.369879722595215","4.369879722595215","4.369879722595215","4.3981404304504395","4.3981404304504395","4.3981404304504395"
"12000","4.195556163787842","4.195556163787842","4.195556163787842","4.594996452331543","4.594996452331543","4.594996452331543","4.508519172668457","4.508519172668457","4.508519172668457"
"12100","4.263206481933594","4.263206481933594","4.263206481933594","4.45060920715332","4.45060920715332","4.45060920715332","4.298294544219971","4.298294544219971","4.298294544219971"
"12200","4.110251426696777","4.110251426696777","4.110251426696777","4.603095054626465","4.603095054626465","4.603095054626465","4.269567489624023","4.269567489624023","4.269567489624023"
"12300","4.220080375671387","4.220080375671387","4.220080375671387","4.495715141296387","4.495715141296387","4.495715141296387","4.290534496307373","4.290534496307373","4.290534496307373"
"12400","4.310932159423828","4.310932159423828","4.310932159423828","4.333026885986328","4.333026885986328","4.333026885986328","4.5034308433532715","4.5034308433532715","4.5034308433532715"
"12500","4.219588279724121","4.219588279724121","4.219588279724121","4.537930011749268","4.537930011749268","4.537930011749268","4.044466018676758","4.044466018676758","4.044466018676758"
"12600","4.093025207519531","4.093025207519531","4.093025207519531","4.432772159576416","4.432772159576416","4.432772159576416","4.396388053894043","4.396388053894043","4.396388053894043"
"12700","4.268928527832031","4.268928527832031","4.268928527832031","4.278282642364502","4.278282642364502","4.278282642364502","4.254011154174805","4.254011154174805","4.254011154174805"
"12800","3.947244644165039","3.947244644165039","3.947244644165039","4.250551223754883","4.250551223754883","4.250551223754883","4.448728084564209","4.448728084564209","4.448728084564209"
"12900","4.297921657562256","4.297921657562256","4.297921657562256","4.486325740814209","4.486325740814209","4.486325740814209","4.21955680847168","4.21955680847168","4.21955680847168"
"13000","4.269861221313477","4.269861221313477","4.269861221313477","4.392405033111572","4.392405033111572","4.392405033111572","4.394256114959717","4.394256114959717","4.394256114959717"
"13100","4.146798133850098","4.146798133850098","4.146798133850098","4.529358863830566","4.529358863830566","4.529358863830566","4.2143425941467285","4.2143425941467285","4.2143425941467285"
"13200","4.236261367797852","4.236261367797852","4.236261367797852","4.499279975891113","4.499279975891113","4.499279975891113","4.365256309509277","4.365256309509277","4.365256309509277"
"13300","4.252633094787598","4.252633094787598","4.252633094787598","4.398703575134277","4.398703575134277","4.398703575134277","4.404753684997559","4.404753684997559","4.404753684997559"
"13400","4.062583923339844","4.062583923339844","4.062583923339844","4.5453715324401855","4.5453715324401855","4.5453715324401855","4.126551151275635","4.126551151275635","4.126551151275635"
"13500","4.117855072021484","4.117855072021484","4.117855072021484","4.483676910400391","4.483676910400391","4.483676910400391","4.484999179840088","4.484999179840088","4.484999179840088"
"13600","4.060628890991211","4.060628890991211","4.060628890991211","4.520254135131836","4.520254135131836","4.520254135131836","4.2431182861328125","4.2431182861328125","4.2431182861328125"
"13700","4.224643707275391","4.224643707275391","4.224643707275391","4.557128429412842","4.557128429412842","4.557128429412842","4.253927707672119","4.253927707672119","4.253927707672119"
"13800","4.245599746704102","4.245599746704102","4.245599746704102","4.470183372497559","4.470183372497559","4.470183372497559","4.555210590362549","4.555210590362549","4.555210590362549"
"13900","3.851862907409668","3.851862907409668","3.851862907409668","4.565295696258545","4.565295696258545","4.565295696258545","4.403133869171143","4.403133869171143","4.403133869171143"
"14000","4.0394487380981445","4.0394487380981445","4.0394487380981445","4.468563556671143","4.468563556671143","4.468563556671143","4.18690824508667","4.18690824508667","4.18690824508667"
"14100","4.23525333404541","4.23525333404541","4.23525333404541","4.471590995788574","4.471590995788574","4.471590995788574","4.484238624572754","4.484238624572754","4.484238624572754"
"14200","4.252349376678467","4.252349376678467","4.252349376678467","4.082773685455322","4.082773685455322","4.082773685455322","4.240509033203125","4.240509033203125","4.240509033203125"
"14300","4.173549175262451","4.173549175262451","4.173549175262451","4.475318908691406","4.475318908691406","4.475318908691406","4.380370140075684","4.380370140075684","4.380370140075684"
"14400","4.3179473876953125","4.3179473876953125","4.3179473876953125","4.309500694274902","4.309500694274902","4.309500694274902","4.192594528198242","4.192594528198242","4.192594528198242"
"14500","4.106832504272461","4.106832504272461","4.106832504272461","4.182036399841309","4.182036399841309","4.182036399841309","4.467968940734863","4.467968940734863","4.467968940734863"
"14600","4.277307987213135","4.277307987213135","4.277307987213135","4.454165935516357","4.454165935516357","4.454165935516357","4.523937225341797","4.523937225341797","4.523937225341797"
"14700","4.234633922576904","4.234633922576904","4.234633922576904","4.307730674743652","4.307730674743652","4.307730674743652","4.477266788482666","4.477266788482666","4.477266788482666"
"14800","4.115964889526367","4.115964889526367","4.115964889526367","4.45725154876709","4.45725154876709","4.45725154876709","4.443357467651367","4.443357467651367","4.443357467651367"
"14900","4.264503479003906","4.264503479003906","4.264503479003906","4.366652488708496","4.366652488708496","4.366652488708496","4.440181732177734","4.440181732177734","4.440181732177734"
"15000","4.289722442626953","4.289722442626953","4.289722442626953","4.321800708770752","4.321800708770752","4.321800708770752","4.513289451599121","4.513289451599121","4.513289451599121"
"15100","4.240639686584473","4.240639686584473","4.240639686584473","4.438511371612549","4.438511371612549","4.438511371612549","4.320194721221924","4.320194721221924","4.320194721221924"
"15200","4.202248573303223","4.202248573303223","4.202248573303223","4.4855451583862305","4.4855451583862305","4.4855451583862305","4.309568405151367","4.309568405151367","4.309568405151367"
"15300","4.274557113647461","4.274557113647461","4.274557113647461","4.625704765319824","4.625704765319824","4.625704765319824","4.495857238769531","4.495857238769531","4.495857238769531"
"15400","4.278761386871338","4.278761386871338","4.278761386871338","4.464771270751953","4.464771270751953","4.464771270751953","4.343061923980713","4.343061923980713","4.343061923980713"
"15500","4.252040863037109","4.252040863037109","4.252040863037109","4.257699966430664","4.257699966430664","4.257699966430664","4.32907247543335","4.32907247543335","4.32907247543335"
"15600","4.237732887268066","4.237732887268066","4.237732887268066","4.5417399406433105","4.5417399406433105","4.5417399406433105","4.453680992126465","4.453680992126465","4.453680992126465"
"15700","4.226505756378174","4.226505756378174","4.226505756378174","4.46975040435791","4.46975040435791","4.46975040435791","4.368593692779541","4.368593692779541","4.368593692779541"
"15800","4.210404872894287","4.210404872894287","4.210404872894287","4.45203161239624","4.45203161239624","4.45203161239624","4.39278507232666","4.39278507232666","4.39278507232666"
"15900","4.130764961242676","4.130764961242676","4.130764961242676","4.215327262878418","4.215327262878418","4.215327262878418","4.299002647399902","4.299002647399902","4.299002647399902"
"16000","4.2293596267700195","4.2293596267700195","4.2293596267700195","4.1710309982299805","4.1710309982299805","4.1710309982299805","4.496443271636963","4.496443271636963","4.496443271636963"
"16100","4.222495079040527","4.222495079040527","4.222495079040527","4.479355335235596","4.479355335235596","4.479355335235596","4.414646625518799","4.414646625518799","4.414646625518799"
"16200","4.286885738372803","4.286885738372803","4.286885738372803","4.396529674530029","4.396529674530029","4.396529674530029","4.448716163635254","4.448716163635254","4.448716163635254"
"16300","4.211569786071777","4.211569786071777","4.211569786071777","4.432812213897705","4.432812213897705","4.432812213897705","4.156503200531006","4.156503200531006","4.156503200531006"
"16400","4.244030952453613","4.244030952453613","4.244030952453613","4.208218097686768","4.208218097686768","4.208218097686768","4.441213607788086","4.441213607788086","4.441213607788086"
"16500","4.241142272949219","4.241142272949219","4.241142272949219","4.488997936248779","4.488997936248779","4.488997936248779","4.328089237213135","4.328089237213135","4.328089237213135"
"16600","4.1283979415893555","4.1283979415893555","4.1283979415893555","4.420883655548096","4.420883655548096","4.420883655548096","4.247855186462402","4.247855186462402","4.247855186462402"
"16700","4.202917098999023","4.202917098999023","4.202917098999023","4.533086776733398","4.533086776733398","4.533086776733398","4.450916290283203","4.450916290283203","4.450916290283203"
"16800","4.17540168762207","4.17540168762207","4.17540168762207","4.527085781097412","4.527085781097412","4.527085781097412","4.411348342895508","4.411348342895508","4.411348342895508"
"16900","4.155098915100098","4.155098915100098","4.155098915100098","4.45200252532959","4.45200252532959","4.45200252532959","4.479971885681152","4.479971885681152","4.479971885681152"
"17000","3.9717793464660645","3.9717793464660645","3.9717793464660645","4.468663215637207","4.468663215637207","4.468663215637207","4.196133136749268","4.196133136749268","4.196133136749268"
"17100","4.301231384277344","4.301231384277344","4.301231384277344","4.449580669403076","4.449580669403076","4.449580669403076","4.211763858795166","4.211763858795166","4.211763858795166"
"17200","4.100959777832031","4.100959777832031","4.100959777832031","4.466305732727051","4.466305732727051","4.466305732727051","4.292989253997803","4.292989253997803","4.292989253997803"
"17300","4.110156059265137","4.110156059265137","4.110156059265137","4.381717681884766","4.381717681884766","4.381717681884766","4.287456512451172","4.287456512451172","4.287456512451172"
"17400","4.0216965675354","4.0216965675354","4.0216965675354","4.423274993896484","4.423274993896484","4.423274993896484","4.334158897399902","4.334158897399902","4.334158897399902"
"17500","4.224593162536621","4.224593162536621","4.224593162536621","4.509993553161621","4.509993553161621","4.509993553161621","4.392079830169678","4.392079830169678","4.392079830169678"
"17600","4.2276611328125","4.2276611328125","4.2276611328125","4.327019691467285","4.327019691467285","4.327019691467285","4.3854169845581055","4.3854169845581055","4.3854169845581055"
"17700","4.173931121826172","4.173931121826172","4.173931121826172","4.473159313201904","4.473159313201904","4.473159313201904","4.275012969970703","4.275012969970703","4.275012969970703"
"17800","4.092674732208252","4.092674732208252","4.092674732208252","4.3992462158203125","4.3992462158203125","4.3992462158203125","4.521739959716797","4.521739959716797","4.521739959716797"
"17900","4.210536956787109","4.210536956787109","4.210536956787109","4.196989059448242","4.196989059448242","4.196989059448242","4.246885776519775","4.246885776519775","4.246885776519775"
"18000","4.167413711547852","4.167413711547852","4.167413711547852","4.402629375457764","4.402629375457764","4.402629375457764","4.36702299118042","4.36702299118042","4.36702299118042"
"18100","4.247237682342529","4.247237682342529","4.247237682342529","4.337667465209961","4.337667465209961","4.337667465209961","4.463481903076172","4.463481903076172","4.463481903076172"
"18200","4.270101070404053","4.270101070404053","4.270101070404053","4.4404826164245605","4.4404826164245605","4.4404826164245605","4.371499061584473","4.371499061584473","4.371499061584473"
"18300","4.132458686828613","4.132458686828613","4.132458686828613","4.173821449279785","4.173821449279785","4.173821449279785","4.455392837524414","4.455392837524414","4.455392837524414"
"18400","4.062055587768555","4.062055587768555","4.062055587768555","4.570926666259766","4.570926666259766","4.570926666259766","4.196021556854248","4.196021556854248","4.196021556854248"
"18500","3.9902968406677246","3.9902968406677246","3.9902968406677246","4.230299949645996","4.230299949645996","4.230299949645996","4.396649360656738","4.396649360656738","4.396649360656738"
"18600","4.100320816040039","4.100320816040039","4.100320816040039","4.470155239105225","4.470155239105225","4.470155239105225","4.358762741088867","4.358762741088867","4.358762741088867"
"18700","4.190645694732666","4.190645694732666","4.190645694732666","4.214328289031982","4.214328289031982","4.214328289031982","4.2724504470825195","4.2724504470825195","4.2724504470825195"
"18800","4.123622417449951","4.123622417449951","4.123622417449951","4.108240127563477","4.108240127563477","4.108240127563477","4.302507400512695","4.302507400512695","4.302507400512695"
"18900","4.169360160827637","4.169360160827637","4.169360160827637","4.395536422729492","4.395536422729492","4.395536422729492","4.498537063598633","4.498537063598633","4.498537063598633"
"19000","4.004673957824707","4.004673957824707","4.004673957824707","4.471125602722168","4.471125602722168","4.471125602722168","4.241239547729492","4.241239547729492","4.241239547729492"
"19100","4.0835161209106445","4.0835161209106445","4.0835161209106445","4.407560348510742","4.407560348510742","4.407560348510742","3.878800630569458","3.878800630569458","3.878800630569458"
"19200","4.2232561111450195","4.2232561111450195","4.2232561111450195","4.228912830352783","4.228912830352783","4.228912830352783","4.220081329345703","4.220081329345703","4.220081329345703"
"19300","4.118034362792969","4.118034362792969","4.118034362792969","4.32680606842041","4.32680606842041","4.32680606842041","4.275557518005371","4.275557518005371","4.275557518005371"
"19400","4.225513458251953","4.225513458251953","4.225513458251953","4.417737007141113","4.417737007141113","4.417737007141113","4.137943744659424","4.137943744659424","4.137943744659424"
"19500","4.212280750274658","4.212280750274658","4.212280750274658","4.000044822692871","4.000044822692871","4.000044822692871","4.234075546264648","4.234075546264648","4.234075546264648"
"19600","4.190058708190918","4.190058708190918","4.190058708190918","4.466393947601318","4.466393947601318","4.466393947601318","4.352557182312012","4.352557182312012","4.352557182312012"
"19700","4.171596527099609","4.171596527099609","4.171596527099609","4.399068832397461","4.399068832397461","4.399068832397461","4.034300804138184","4.034300804138184","4.034300804138184"
"19800","4.0230584144592285","4.0230584144592285","4.0230584144592285","4.159430503845215","4.159430503845215","4.159430503845215","4.427762508392334","4.427762508392334","4.427762508392334"
"19900","4.061395168304443","4.061395168304443","4.061395168304443","4.198407173156738","4.198407173156738","4.198407173156738","4.0865654945373535","4.0865654945373535","4.0865654945373535"
"20000","4.229377269744873","4.229377269744873","4.229377269744873","4.462031841278076","4.462031841278076","4.462031841278076","3.9568710327148438","3.9568710327148438","3.9568710327148438"
"20100","4.15723180770874","4.15723180770874","4.15723180770874","4.468623161315918","4.468623161315918","4.468623161315918","4.144906997680664","4.144906997680664","4.144906997680664"
"20200","4.089474678039551","4.089474678039551","4.089474678039551","4.508001327514648","4.508001327514648","4.508001327514648","4.219253063201904","4.219253063201904","4.219253063201904"
"20300","4.2063798904418945","4.2063798904418945","4.2063798904418945","4.278965950012207","4.278965950012207","4.278965950012207","4.280129432678223","4.280129432678223","4.280129432678223"
"20400","4.199484348297119","4.199484348297119","4.199484348297119","4.4732513427734375","4.4732513427734375","4.4732513427734375","4.346540927886963","4.346540927886963","4.346540927886963"
"20500","4.180173873901367","4.180173873901367","4.180173873901367","4.409814834594727","4.409814834594727","4.409814834594727","4.305431365966797","4.305431365966797","4.305431365966797"
"20600","4.09995174407959","4.09995174407959","4.09995174407959","4.2699055671691895","4.2699055671691895","4.2699055671691895","4.2053985595703125","4.2053985595703125","4.2053985595703125"
"20700","4.158164978027344","4.158164978027344","4.158164978027344","4.360489845275879","4.360489845275879","4.360489845275879","4.136979579925537","4.136979579925537","4.136979579925537"
"20800","4.2728376388549805","4.2728376388549805","4.2728376388549805","4.394298553466797","4.394298553466797","4.394298553466797","4.29904842376709","4.29904842376709","4.29904842376709"
"20900","4.289083957672119","4.289083957672119","4.289083957672119","4.485634803771973","4.485634803771973","4.485634803771973","4.146115779876709","4.146115779876709","4.146115779876709"
"21000","4.209313869476318","4.209313869476318","4.209313869476318","4.303528785705566","4.303528785705566","4.303528785705566","4.250654697418213","4.250654697418213","4.250654697418213"
"21100","4.132473945617676","4.132473945617676","4.132473945617676","4.0993452072143555","4.0993452072143555","4.0993452072143555","4.148955821990967","4.148955821990967","4.148955821990967"
"21200","4.198527812957764","4.198527812957764","4.198527812957764","4.379635810852051","4.379635810852051","4.379635810852051","4.401650428771973","4.401650428771973","4.401650428771973"
"21300","4.0943989753723145","4.0943989753723145","4.0943989753723145","4.453693389892578","4.453693389892578","4.453693389892578","4.230538368225098","4.230538368225098","4.230538368225098"
"21400","4.175110340118408","4.175110340118408","4.175110340118408","4.268688201904297","4.268688201904297","4.268688201904297","4.102409839630127","4.102409839630127","4.102409839630127"
"21500","4.164035797119141","4.164035797119141","4.164035797119141","4.147403240203857","4.147403240203857","4.147403240203857","4.437734603881836","4.437734603881836","4.437734603881836"
"21600","4.180286884307861","4.180286884307861","4.180286884307861","4.445392608642578","4.445392608642578","4.445392608642578","4.125796794891357","4.125796794891357","4.125796794891357"
"21700","4.213620662689209","4.213620662689209","4.213620662689209","4.452752113342285","4.452752113342285","4.452752113342285","4.293620586395264","4.293620586395264","4.293620586395264"
"21800","4.113424301147461","4.113424301147461","4.113424301147461","4.45408296585083","4.45408296585083","4.45408296585083","4.31359338760376","4.31359338760376","4.31359338760376"
"21900","4.173022270202637","4.173022270202637","4.173022270202637","4.498288154602051","4.498288154602051","4.498288154602051","4.239688396453857","4.239688396453857","4.239688396453857"
"22000","4.17307186126709","4.17307186126709","4.17307186126709","4.405267715454102","4.405267715454102","4.405267715454102","4.296662330627441","4.296662330627441","4.296662330627441"
"22100","4.083839416503906","4.083839416503906","4.083839416503906","4.453979969024658","4.453979969024658","4.453979969024658","4.295671463012695","4.295671463012695","4.295671463012695"
"22200","4.168830871582031","4.168830871582031","4.168830871582031","4.428022384643555","4.428022384643555","4.428022384643555","4.202142238616943","4.202142238616943","4.202142238616943"
"22300","4.181680679321289","4.181680679321289","4.181680679321289","4.271711826324463","4.271711826324463","4.271711826324463","4.046385765075684","4.046385765075684","4.046385765075684"
"22400","3.9817938804626465","3.9817938804626465","3.9817938804626465","4.398863315582275","4.398863315582275","4.398863315582275","4.166302680969238","4.166302680969238","4.166302680969238"
"22500","4.257744312286377","4.257744312286377","4.257744312286377","4.464200973510742","4.464200973510742","4.464200973510742","4.280799865722656","4.280799865722656","4.280799865722656"
"22600","4.061212062835693","4.061212062835693","4.061212062835693","3.9980316162109375","3.9980316162109375","3.9980316162109375","4.189798831939697","4.189798831939697","4.189798831939697"
"22700","4.079154014587402","4.079154014587402","4.079154014587402","4.349381446838379","4.349381446838379","4.349381446838379","4.224447250366211","4.224447250366211","4.224447250366211"
"22800","4.131714820861816","4.131714820861816","4.131714820861816","4.273616313934326","4.273616313934326","4.273616313934326","4.245184898376465","4.245184898376465","4.245184898376465"
"22900","4.080204010009766","4.080204010009766","4.080204010009766","4.1643290519714355","4.1643290519714355","4.1643290519714355","4.206212997436523","4.206212997436523","4.206212997436523"
"23000","4.0532636642456055","4.0532636642456055","4.0532636642456055","4.410656929016113","4.410656929016113","4.410656929016113","4.300759315490723","4.300759315490723","4.300759315490723"
"23100","4.027181148529053","4.027181148529053","4.027181148529053","4.447714328765869","4.447714328765869","4.447714328765869","4.424921035766602","4.424921035766602","4.424921035766602"
"23200","4.224762916564941","4.224762916564941","4.224762916564941","4.261405944824219","4.261405944824219","4.261405944824219","4.349294185638428","4.349294185638428","4.349294185638428"
"23300","4.199582099914551","4.199582099914551","4.199582099914551","4.391875267028809","4.391875267028809","4.391875267028809","4.304844379425049","4.304844379425049","4.304844379425049"
"23400","3.9458699226379395","3.9458699226379395","3.9458699226379395","4.128443241119385","4.128443241119385","4.128443241119385","4.276585102081299","4.276585102081299","4.276585102081299"
"23500","4.187465667724609","4.187465667724609","4.187465667724609","4.430145263671875","4.430145263671875","4.430145263671875","3.946577787399292","3.946577787399292","3.946577787399292"
"23600","3.6794850826263428","3.6794850826263428","3.6794850826263428","4.450172424316406","4.450172424316406","4.450172424316406","4.076925277709961","4.076925277709961","4.076925277709961"
"23700","4.010251998901367","4.010251998901367","4.010251998901367","4.431231498718262","4.431231498718262","4.431231498718262","4.385681629180908","4.385681629180908","4.385681629180908"
"23800","4.168671607971191","4.168671607971191","4.168671607971191","4.322527885437012","4.322527885437012","4.322527885437012","4.2638373374938965","4.2638373374938965","4.2638373374938965"
"23900","4.02399206161499","4.02399206161499","4.02399206161499","4.40172004699707","4.40172004699707","4.40172004699707","3.925855875015259","3.925855875015259","3.925855875015259"
"24000","4.196288108825684","4.196288108825684","4.196288108825684","4.093369483947754","4.093369483947754","4.093369483947754","4.246280193328857","4.246280193328857","4.246280193328857"
"24100","4.231619834899902","4.231619834899902","4.231619834899902","4.0621418952941895","4.0621418952941895","4.0621418952941895","4.124011993408203","4.124011993408203","4.124011993408203"
"24200","4.213438510894775","4.213438510894775","4.213438510894775","4.37515115737915","4.37515115737915","4.37515115737915","4.195545673370361","4.195545673370361","4.195545673370361"
"24300","4.06367301940918","4.06367301940918","4.06367301940918","4.363129615783691","4.363129615783691","4.363129615783691","3.8459091186523438","3.8459091186523438","3.8459091186523438"
"24400","4.095390796661377","4.095390796661377","4.095390796661377","4.361005783081055","4.361005783081055","4.361005783081055","4.128796577453613","4.128796577453613","4.128796577453613"
"24500","4.135862350463867","4.135862350463867","4.135862350463867","4.3805999755859375","4.3805999755859375","4.3805999755859375","4.333152770996094","4.333152770996094","4.333152770996094"
"24600","4.149510383605957","4.149510383605957","4.149510383605957","4.387055397033691","4.387055397033691","4.387055397033691","4.148750305175781","4.148750305175781","4.148750305175781"
"24700","3.9438846111297607","3.9438846111297607","3.9438846111297607","4.428187370300293","4.428187370300293","4.428187370300293","3.927953004837036","3.927953004837036","3.927953004837036"
"24800","4.190345287322998","4.190345287322998","4.190345287322998","4.4882659912109375","4.4882659912109375","4.4882659912109375","4.275300979614258","4.275300979614258","4.275300979614258"
"24900","4.17923641204834","4.17923641204834","4.17923641204834","4.333326816558838","4.333326816558838","4.333326816558838","4.2450079917907715","4.2450079917907715","4.2450079917907715"
"25000","4.039283275604248","4.039283275604248","4.039283275604248","4.379284858703613","4.379284858703613","4.379284858703613","4.023245811462402","4.023245811462402","4.023245811462402"
"25100","4.223228454589844","4.223228454589844","4.223228454589844","4.329095363616943","4.329095363616943","4.329095363616943","4.323300361633301","4.323300361633301","4.323300361633301"
"25200","4.066781997680664","4.066781997680664","4.066781997680664","4.193417549133301","4.193417549133301","4.193417549133301","4.323793888092041","4.323793888092041","4.323793888092041"
"25300","3.9184176921844482","3.9184176921844482","3.9184176921844482","4.3046722412109375","4.3046722412109375","4.3046722412109375","4.328482151031494","4.328482151031494","4.328482151031494"
"25400","3.8316400051116943","3.8316400051116943","3.8316400051116943","4.3660569190979","4.3660569190979","4.3660569190979","4.281100749969482","4.281100749969482","4.281100749969482"
"25500","4.193341255187988","4.193341255187988","4.193341255187988","4.077089786529541","4.077089786529541","4.077089786529541","4.3398284912109375","4.3398284912109375","4.3398284912109375"
"25600","4.002506256103516","4.002506256103516","4.002506256103516","4.434234142303467","4.434234142303467","4.434234142303467","4.218092918395996","4.218092918395996","4.218092918395996"
"25700","4.1447529792785645","4.1447529792785645","4.1447529792785645","4.347350120544434","4.347350120544434","4.347350120544434","4.233141899108887","4.233141899108887","4.233141899108887"
"25800","4.149935245513916","4.149935245513916","4.149935245513916","4.2251973152160645","4.2251973152160645","4.2251973152160645","4.157633304595947","4.157633304595947","4.157633304595947"
"25900","4.114920616149902","4.114920616149902","4.114920616149902","4.395491123199463","4.395491123199463","4.395491123199463","3.973585605621338","3.973585605621338","3.973585605621338"
"26000","3.963510751724243","3.963510751724243","3.963510751724243","4.334392547607422","4.334392547607422","4.334392547607422","4.29039192199707","4.29039192199707","4.29039192199707"
"26100","4.0369439125061035","4.0369439125061035","4.0369439125061035","4.442259788513184","4.442259788513184","4.442259788513184","4.349750518798828","4.349750518798828","4.349750518798828"
"26200","4.165777683258057","4.165777683258057","4.165777683258057","4.114784240722656","4.114784240722656","4.114784240722656","4.250675678253174","4.250675678253174","4.250675678253174"
"26300","4.134232044219971","4.134232044219971","4.134232044219971","4.130345821380615","4.130345821380615","4.130345821380615","4.353372097015381","4.353372097015381","4.353372097015381"
"26400","4.107719421386719","4.107719421386719","4.107719421386719","4.347686290740967","4.347686290740967","4.347686290740967","3.8972723484039307","3.8972723484039307","3.8972723484039307"
"26500","4.136797904968262","4.136797904968262","4.136797904968262","4.155300617218018","4.155300617218018","4.155300617218018","3.9847004413604736","3.9847004413604736","3.9847004413604736"
"26600","4.0715203285217285","4.0715203285217285","4.0715203285217285","4.350551605224609","4.350551605224609","4.350551605224609","4.3682451248168945","4.3682451248168945","4.3682451248168945"
"26700","4.144534587860107","4.144534587860107","4.144534587860107","4.432816982269287","4.432816982269287","4.432816982269287","4.335912227630615","4.335912227630615","4.335912227630615"
"26800","4.125547409057617","4.125547409057617","4.125547409057617","4.200285911560059","4.200285911560059","4.200285911560059","4.272058486938477","4.272058486938477","4.272058486938477"
"26900","4.174945831298828","4.174945831298828","4.174945831298828","4.357481956481934","4.357481956481934","4.357481956481934","4.204001426696777","4.204001426696777","4.204001426696777"
"27000","4.242087364196777","4.242087364196777","4.242087364196777","4.396915912628174","4.396915912628174","4.396915912628174","4.401172161102295","4.401172161102295","4.401172161102295"
"27100","4.1608734130859375","4.1608734130859375","4.1608734130859375","4.408287525177002","4.408287525177002","4.408287525177002","3.999880075454712","3.999880075454712","3.999880075454712"
"27200","4.14833927154541","4.14833927154541","4.14833927154541","4.3074212074279785","4.3074212074279785","4.3074212074279785","4.238489627838135","4.238489627838135","4.238489627838135"
"27300","4.109005928039551","4.109005928039551","4.109005928039551","4.32269811630249","4.32269811630249","4.32269811630249","3.9506473541259766","3.9506473541259766","3.9506473541259766"
"27400","4.052753448486328","4.052753448486328","4.052753448486328","4.3460564613342285","4.3460564613342285","4.3460564613342285","4.193678379058838","4.193678379058838","4.193678379058838"
"27500","4.108283996582031","4.108283996582031","4.108283996582031","4.322821140289307","4.322821140289307","4.322821140289307","4.172476768493652","4.172476768493652","4.172476768493652"
"27600","4.0099616050720215","4.0099616050720215","4.0099616050720215","3.957512617111206","3.957512617111206","3.957512617111206","4.203991889953613","4.203991889953613","4.203991889953613"
"27700","4.057920932769775","4.057920932769775","4.057920932769775","4.424379348754883","4.424379348754883","4.424379348754883","3.9727673530578613","3.9727673530578613","3.9727673530578613"
"27800","4.166088104248047","4.166088104248047","4.166088104248047","4.130517959594727","4.130517959594727","4.130517959594727","4.249385833740234","4.249385833740234","4.249385833740234"
"27900","4.140905857086182","4.140905857086182","4.140905857086182","4.443295478820801","4.443295478820801","4.443295478820801","3.925600290298462","3.925600290298462","3.925600290298462"
"28000","4.093774795532227","4.093774795532227","4.093774795532227","4.315606117248535","4.315606117248535","4.315606117248535","4.3298821449279785","4.3298821449279785","4.3298821449279785"
"28100","4.1560797691345215","4.1560797691345215","4.1560797691345215","4.387650966644287","4.387650966644287","4.387650966644287","4.221163749694824","4.221163749694824","4.221163749694824"
"28200","4.132302761077881","4.132302761077881","4.132302761077881","3.941580295562744","3.941580295562744","3.941580295562744","4.203041076660156","4.203041076660156","4.203041076660156"
"28300","4.116250991821289","4.116250991821289","4.116250991821289","4.461007118225098","4.461007118225098","4.461007118225098","4.16989803314209","4.16989803314209","4.16989803314209"
"28400","4.155411243438721","4.155411243438721","4.155411243438721","4.340958118438721","4.340958118438721","4.340958118438721","4.299964904785156","4.299964904785156","4.299964904785156"
"28500","3.919297933578491","3.919297933578491","3.919297933578491","4.384788513183594","4.384788513183594","4.384788513183594","4.301949501037598","4.301949501037598","4.301949501037598"
"28600","4.236854553222656","4.236854553222656","4.236854553222656","4.356549263000488","4.356549263000488","4.356549263000488","4.045179843902588","4.045179843902588","4.045179843902588"
"28700","3.9950504302978516","3.9950504302978516","3.9950504302978516","3.9948084354400635","3.9948084354400635","3.9948084354400635","4.089665412902832","4.089665412902832","4.089665412902832"
"28800","4.0541558265686035","4.0541558265686035","4.0541558265686035","4.417141437530518","4.417141437530518","4.417141437530518","4.299346446990967","4.299346446990967","4.299346446990967"
"28900","4.027855396270752","4.027855396270752","4.027855396270752","4.3817901611328125","4.3817901611328125","4.3817901611328125","4.295570373535156","4.295570373535156","4.295570373535156"
"29000","4.237547397613525","4.237547397613525","4.237547397613525","4.3276872634887695","4.3276872634887695","4.3276872634887695","4.256119728088379","4.256119728088379","4.256119728088379"
"29100","3.672555923461914","3.672555923461914","3.672555923461914","4.373838424682617","4.373838424682617","4.373838424682617","4.383049011230469","4.383049011230469","4.383049011230469"
"29200","4.048048496246338","4.048048496246338","4.048048496246338","4.3760762214660645","4.3760762214660645","4.3760762214660645","3.9018704891204834","3.9018704891204834","3.9018704891204834"
"29300","4.021045684814453","4.021045684814453","4.021045684814453","4.365467548370361","4.365467548370361","4.365467548370361","4.038511753082275","4.038511753082275","4.038511753082275"
"29400","4.15853214263916","4.15853214263916","4.15853214263916","4.380402565002441","4.380402565002441","4.380402565002441","4.336706638336182","4.336706638336182","4.336706638336182"
"29500","4.058589935302734","4.058589935302734","4.058589935302734","4.364396095275879","4.364396095275879","4.364396095275879","4.073687553405762","4.073687553405762","4.073687553405762"
"29600","4.102631568908691","4.102631568908691","4.102631568908691","4.438872814178467","4.438872814178467","4.438872814178467","4.241878032684326","4.241878032684326","4.241878032684326"
"29700","4.084142684936523","4.084142684936523","4.084142684936523","4.346705436706543","4.346705436706543","4.346705436706543","3.811786651611328","3.811786651611328","3.811786651611328"
"29800","4.121330738067627","4.121330738067627","4.121330738067627","4.324847221374512","4.324847221374512","4.324847221374512","3.8988680839538574","3.8988680839538574","3.8988680839538574"
"29900","4.078143119812012","4.078143119812012","4.078143119812012","4.161366939544678","4.161366939544678","4.161366939544678","4.146044731140137","4.146044731140137","4.146044731140137"
"30000","4.135111331939697","4.135111331939697","4.135111331939697","4.3537702560424805","4.3537702560424805","4.3537702560424805","4.209271430969238","4.209271430969238","4.209271430969238"
"30100","4.090519905090332","4.090519905090332","4.090519905090332","4.360778331756592","4.360778331756592","4.360778331756592","4.344611167907715","4.344611167907715","4.344611167907715"
"30200","4.099977970123291","4.099977970123291","4.099977970123291","4.395968437194824","4.395968437194824","4.395968437194824","4.383084774017334","4.383084774017334","4.383084774017334"
"30300","4.150091648101807","4.150091648101807","4.150091648101807","4.143469333648682","4.143469333648682","4.143469333648682","4.209760665893555","4.209760665893555","4.209760665893555"
"30400","4.031274318695068","4.031274318695068","4.031274318695068","4.382526874542236","4.382526874542236","4.382526874542236","3.828338146209717","3.828338146209717","3.828338146209717"
"30500","4.0831451416015625","4.0831451416015625","4.0831451416015625","4.134720802307129","4.134720802307129","4.134720802307129","4.2507781982421875","4.2507781982421875","4.2507781982421875"
"30600","4.142282009124756","4.142282009124756","4.142282009124756","4.360595703125","4.360595703125","4.360595703125","4.158900737762451","4.158900737762451","4.158900737762451"
"30700","3.919046401977539","3.919046401977539","3.919046401977539","4.080845832824707","4.080845832824707","4.080845832824707","4.0782551765441895","4.0782551765441895","4.0782551765441895"
"30800","4.017202377319336","4.017202377319336","4.017202377319336","4.123409748077393","4.123409748077393","4.123409748077393","4.321746349334717","4.321746349334717","4.321746349334717"
"30900","4.098612308502197","4.098612308502197","4.098612308502197","4.066359519958496","4.066359519958496","4.066359519958496","4.199843406677246","4.199843406677246","4.199843406677246"
"31000","4.021711826324463","4.021711826324463","4.021711826324463","4.396316051483154","4.396316051483154","4.396316051483154","4.176121711730957","4.176121711730957","4.176121711730957"
"31100","4.10546350479126","4.10546350479126","4.10546350479126","4.184197425842285","4.184197425842285","4.184197425842285","3.9692413806915283","3.9692413806915283","3.9692413806915283"
"31200","4.061617374420166","4.061617374420166","4.061617374420166","4.434025764465332","4.434025764465332","4.434025764465332","4.303679466247559","4.303679466247559","4.303679466247559"
"31300","4.0970869064331055","4.0970869064331055","4.0970869064331055","4.321019649505615","4.321019649505615","4.321019649505615","4.1601481437683105","4.1601481437683105","4.1601481437683105"
"31400","4.04000186920166","4.04000186920166","4.04000186920166","4.331869125366211","4.331869125366211","4.331869125366211","4.261175155639648","4.261175155639648","4.261175155639648"
"31500","4.085182189941406","4.085182189941406","4.085182189941406","4.405933380126953","4.405933380126953","4.405933380126953","3.921477794647217","3.921477794647217","3.921477794647217"
"31600","4.070619583129883","4.070619583129883","4.070619583129883","4.452208518981934","4.452208518981934","4.452208518981934","4.2413811683654785","4.2413811683654785","4.2413811683654785"
"31700","4.064553260803223","4.064553260803223","4.064553260803223","4.384463310241699","4.384463310241699","4.384463310241699","4.016497611999512","4.016497611999512","4.016497611999512"
"31800","4.01552152633667","4.01552152633667","4.01552152633667","4.434239387512207","4.434239387512207","4.434239387512207","4.258467197418213","4.258467197418213","4.258467197418213"
"31900","4.049454212188721","4.049454212188721","4.049454212188721","4.331606864929199","4.331606864929199","4.331606864929199","4.281725883483887","4.281725883483887","4.281725883483887"
"32000","3.955146312713623","3.955146312713623","3.955146312713623","4.342601776123047","4.342601776123047","4.342601776123047","4.086147785186768","4.086147785186768","4.086147785186768"
"32100","3.797652006149292","3.797652006149292","3.797652006149292","4.382546424865723","4.382546424865723","4.382546424865723","4.03073263168335","4.03073263168335","4.03073263168335"
"32200","4.0853962898254395","4.0853962898254395","4.0853962898254395","4.354387283325195","4.354387283325195","4.354387283325195","4.23680305480957","4.23680305480957","4.23680305480957"
"32300","4.037277698516846","4.037277698516846","4.037277698516846","4.214298248291016","4.214298248291016","4.214298248291016","4.095219612121582","4.095219612121582","4.095219612121582"
"32400","4.083500862121582","4.083500862121582","4.083500862121582","4.391218185424805","4.391218185424805","4.391218185424805","3.9510865211486816","3.9510865211486816","3.9510865211486816"
"32500","4.0826921463012695","4.0826921463012695","4.0826921463012695","4.40916109085083","4.40916109085083","4.40916109085083","4.354445934295654","4.354445934295654","4.354445934295654"
"32600","3.8994274139404297","3.8994274139404297","3.8994274139404297","4.404098033905029","4.404098033905029","4.404098033905029","4.26820707321167","4.26820707321167","4.26820707321167"
"32700","4.20423698425293","4.20423698425293","4.20423698425293","4.375092029571533","4.375092029571533","4.375092029571533","4.3468732833862305","4.3468732833862305","4.3468732833862305"
"32800","3.930936813354492","3.930936813354492","3.930936813354492","4.407916069030762","4.407916069030762","4.407916069030762","4.169527053833008","4.169527053833008","4.169527053833008"
"32900","4.01062536239624","4.01062536239624","4.01062536239624","4.451235294342041","4.451235294342041","4.451235294342041","4.035518646240234","4.035518646240234","4.035518646240234"
"33000","3.9660496711730957","3.9660496711730957","3.9660496711730957","4.191243648529053","4.191243648529053","4.191243648529053","3.8008596897125244","3.8008596897125244","3.8008596897125244"
"33100","4.114632606506348","4.114632606506348","4.114632606506348","4.326543807983398","4.326543807983398","4.326543807983398","4.017996311187744","4.017996311187744","4.017996311187744"
"33200","3.8312582969665527","3.8312582969665527","3.8312582969665527","4.417863845825195","4.417863845825195","4.417863845825195","4.09195613861084","4.09195613861084","4.09195613861084"
"33300","4.078276634216309","4.078276634216309","4.078276634216309","4.160898208618164","4.160898208618164","4.160898208618164","4.053452491760254","4.053452491760254","4.053452491760254"
"33400","4.074887275695801","4.074887275695801","4.074887275695801","4.023227214813232","4.023227214813232","4.023227214813232","4.209097862243652","4.209097862243652","4.209097862243652"
"33500","4.147272109985352","4.147272109985352","4.147272109985352","4.417734146118164","4.417734146118164","4.417734146118164","4.175482749938965","4.175482749938965","4.175482749938965"
"33600","4.078779697418213","4.078779697418213","4.078779697418213","4.308831214904785","4.308831214904785","4.308831214904785","4.243808269500732","4.243808269500732","4.243808269500732"
"33700","3.934330463409424","3.934330463409424","3.934330463409424","4.372585296630859","4.372585296630859","4.372585296630859","4.031450271606445","4.031450271606445","4.031450271606445"
"33800","4.149363040924072","4.149363040924072","4.149363040924072","4.406844615936279","4.406844615936279","4.406844615936279","4.037124156951904","4.037124156951904","4.037124156951904"
"33900","4.070443153381348","4.070443153381348","4.070443153381348","4.329654216766357","4.329654216766357","4.329654216766357","4.130186557769775","4.130186557769775","4.130186557769775"
"34000","4.107177257537842","4.107177257537842","4.107177257537842","4.403968811035156","4.403968811035156","4.403968811035156","3.7739434242248535","3.7739434242248535","3.7739434242248535"
"34100","4.179917812347412","4.179917812347412","4.179917812347412","4.430050849914551","4.430050849914551","4.430050849914551","4.209868907928467","4.209868907928467","4.209868907928467"
"34200","3.99150013923645","3.99150013923645","3.99150013923645","4.359869003295898","4.359869003295898","4.359869003295898","4.191669940948486","4.191669940948486","4.191669940948486"
"34300","4.0279974937438965","4.0279974937438965","4.0279974937438965","4.072554111480713","4.072554111480713","4.072554111480713","4.212118148803711","4.212118148803711","4.212118148803711"
"34400","3.806974411010742","3.806974411010742","3.806974411010742","4.411097049713135","4.411097049713135","4.411097049713135","4.269824981689453","4.269824981689453","4.269824981689453"
"34500","3.9941246509552","3.9941246509552","3.9941246509552","4.307758808135986","4.307758808135986","4.307758808135986","4.062692642211914","4.062692642211914","4.062692642211914"
"34600","3.9602558612823486","3.9602558612823486","3.9602558612823486","4.337292194366455","4.337292194366455","4.337292194366455","3.8677921295166016","3.8677921295166016","3.8677921295166016"
"34700","4.158040523529053","4.158040523529053","4.158040523529053","4.4318084716796875","4.4318084716796875","4.4318084716796875","4.281292915344238","4.281292915344238","4.281292915344238"
"34800","4.042842864990234","4.042842864990234","4.042842864990234","4.339053153991699","4.339053153991699","4.339053153991699","4.368900299072266","4.368900299072266","4.368900299072266"
"34900","4.046929836273193","4.046929836273193","4.046929836273193","4.139100551605225","4.139100551605225","4.139100551605225","3.962329864501953","3.962329864501953","3.962329864501953"
"35000","4.014094352722168","4.014094352722168","4.014094352722168","4.053104400634766","4.053104400634766","4.053104400634766","4.357547283172607","4.357547283172607","4.357547283172607"
"35100","3.8908166885375977","3.8908166885375977","3.8908166885375977","4.370896816253662","4.370896816253662","4.370896816253662","4.260169506072998","4.260169506072998","4.260169506072998"
"35200","3.7920727729797363","3.7920727729797363","3.7920727729797363","4.460709571838379","4.460709571838379","4.460709571838379","3.877213716506958","3.877213716506958","3.877213716506958"
"35300","3.9278504848480225","3.9278504848480225","3.9278504848480225","4.214723587036133","4.214723587036133","4.214723587036133","4.1769280433654785","4.1769280433654785","4.1769280433654785"
"35400","4.118818283081055","4.118818283081055","4.118818283081055","4.2802252769470215","4.2802252769470215","4.2802252769470215","4.159968852996826","4.159968852996826","4.159968852996826"
"35500","4.089172840118408","4.089172840118408","4.089172840118408","4.3137664794921875","4.3137664794921875","4.3137664794921875","4.157363414764404","4.157363414764404","4.157363414764404"
"35600","4.0670061111450195","4.0670061111450195","4.0670061111450195","4.350377082824707","4.350377082824707","4.350377082824707","4.250925540924072","4.250925540924072","4.250925540924072"
"35700","3.919189929962158","3.919189929962158","3.919189929962158","4.306499481201172","4.306499481201172","4.306499481201172","4.18906307220459","4.18906307220459","4.18906307220459"
"35800","3.9521312713623047","3.9521312713623047","3.9521312713623047","4.4236555099487305","4.4236555099487305","4.4236555099487305","4.092818737030029","4.092818737030029","4.092818737030029"
"35900","4.027437686920166","4.027437686920166","4.027437686920166","4.1425628662109375","4.1425628662109375","4.1425628662109375","4.37941837310791","4.37941837310791","4.37941837310791"
"36000","3.935302734375","3.935302734375","3.935302734375","4.288259029388428","4.288259029388428","4.288259029388428","3.9632151126861572","3.9632151126861572","3.9632151126861572"
"36100","4.038119316101074","4.038119316101074","4.038119316101074","4.412260055541992","4.412260055541992","4.412260055541992","4.259427547454834","4.259427547454834","4.259427547454834"
"36200","4.11361026763916","4.11361026763916","4.11361026763916","4.341078758239746","4.341078758239746","4.341078758239746","4.068225383758545","4.068225383758545","4.068225383758545"
"36300","4.070131301879883","4.070131301879883","4.070131301879883","4.130682945251465","4.130682945251465","4.130682945251465","4.257326602935791","4.257326602935791","4.257326602935791"
"36400","4.036562442779541","4.036562442779541","4.036562442779541","4.4381103515625","4.4381103515625","4.4381103515625","4.235599994659424","4.235599994659424","4.235599994659424"
"36500","3.8916757106781006","3.8916757106781006","3.8916757106781006","4.070064067840576","4.070064067840576","4.070064067840576","4.190975666046143","4.190975666046143","4.190975666046143"
"36600","3.981051445007324","3.981051445007324","3.981051445007324","4.349996566772461","4.349996566772461","4.349996566772461","4.007898807525635","4.007898807525635","4.007898807525635"
"36700","3.8628628253936768","3.8628628253936768","3.8628628253936768","4.44484281539917","4.44484281539917","4.44484281539917","4.245440483093262","4.245440483093262","4.245440483093262"
"36800","3.705667018890381","3.705667018890381","3.705667018890381","4.221765041351318","4.221765041351318","4.221765041351318","4.195244312286377","4.195244312286377","4.195244312286377"
"36900","4.031309127807617","4.031309127807617","4.031309127807617","4.322854995727539","4.322854995727539","4.322854995727539","4.232117176055908","4.232117176055908","4.232117176055908"
"37000","4.143330097198486","4.143330097198486","4.143330097198486","4.254761695861816","4.254761695861816","4.254761695861816","4.267087459564209","4.267087459564209","4.267087459564209"
"37100","4.070451259613037","4.070451259613037","4.070451259613037","4.260313034057617","4.260313034057617","4.260313034057617","4.131382465362549","4.131382465362549","4.131382465362549"
"37200","3.9626917839050293","3.9626917839050293","3.9626917839050293","4.335707664489746","4.335707664489746","4.335707664489746","3.953420639038086","3.953420639038086","3.953420639038086"
"37300","4.127377033233643","4.127377033233643","4.127377033233643","4.060430526733398","4.060430526733398","4.060430526733398","4.215356349945068","4.215356349945068","4.215356349945068"
"37400","4.132065296173096","4.132065296173096","4.132065296173096","4.158036708831787","4.158036708831787","4.158036708831787","3.919023275375366","3.919023275375366","3.919023275375366"
"37500","4.026407718658447","4.026407718658447","4.026407718658447","4.272005558013916","4.272005558013916","4.272005558013916","3.959482192993164","3.959482192993164","3.959482192993164"
"37600","4.006405353546143","4.006405353546143","4.006405353546143","4.3662190437316895","4.3662190437316895","4.3662190437316895","3.957977056503296","3.957977056503296","3.957977056503296"
"37700","3.9628100395202637","3.9628100395202637","3.9628100395202637","4.135157108306885","4.135157108306885","4.135157108306885","4.111499786376953","4.111499786376953","4.111499786376953"
"37800","4.1457061767578125","4.1457061767578125","4.1457061767578125","4.372227668762207","4.372227668762207","4.372227668762207","4.219499588012695","4.219499588012695","4.219499588012695"
"37900","3.954017400741577","3.954017400741577","3.954017400741577","4.215158462524414","4.215158462524414","4.215158462524414","3.9056248664855957","3.9056248664855957","3.9056248664855957"
"38000","4.087184906005859","4.087184906005859","4.087184906005859","4.095827102661133","4.095827102661133","4.095827102661133","4.0243730545043945","4.0243730545043945","4.0243730545043945"
"38100","4.046085357666016","4.046085357666016","4.046085357666016","4.373581409454346","4.373581409454346","4.373581409454346","4.147822380065918","4.147822380065918","4.147822380065918"
"38200","4.032312870025635","4.032312870025635","4.032312870025635","4.10312557220459","4.10312557220459","4.10312557220459","4.224750518798828","4.224750518798828","4.224750518798828"
"38300","4.122252941131592","4.122252941131592","4.122252941131592","4.387887001037598","4.387887001037598","4.387887001037598","4.173311710357666","4.173311710357666","4.173311710357666"
"38400","3.932680130004883","3.932680130004883","3.932680130004883","4.395902633666992","4.395902633666992","4.395902633666992","4.194689750671387","4.194689750671387","4.194689750671387"
"38500","4.04547119140625","4.04547119140625","4.04547119140625","4.412487983703613","4.412487983703613","4.412487983703613","4.181491374969482","4.181491374969482","4.181491374969482"
"38600","3.9849355220794678","3.9849355220794678","3.9849355220794678","4.3440022468566895","4.3440022468566895","4.3440022468566895","4.150406837463379","4.150406837463379","4.150406837463379"
"38700","4.1175761222839355","4.1175761222839355","4.1175761222839355","4.111269950866699","4.111269950866699","4.111269950866699","4.089855670928955","4.089855670928955","4.089855670928955"
"38800","4.096304893493652","4.096304893493652","4.096304893493652","4.379755020141602","4.379755020141602","4.379755020141602","4.096909999847412","4.096909999847412","4.096909999847412"
"38900","4.039880752563477","4.039880752563477","4.039880752563477","4.4065046310424805","4.4065046310424805","4.4065046310424805","4.34025764465332","4.34025764465332","4.34025764465332"
"39000","4.087560653686523","4.087560653686523","4.087560653686523","4.27968168258667","4.27968168258667","4.27968168258667","4.25507926940918","4.25507926940918","4.25507926940918"
"39100","4.070367813110352","4.070367813110352","4.070367813110352","4.190196990966797","4.190196990966797","4.190196990966797","4.2309136390686035","4.2309136390686035","4.2309136390686035"
"39200","4.144606113433838","4.144606113433838","4.144606113433838","4.344933986663818","4.344933986663818","4.344933986663818","4.1795783042907715","4.1795783042907715","4.1795783042907715"
"39300","4.062628746032715","4.062628746032715","4.062628746032715","4.171586990356445","4.171586990356445","4.171586990356445","4.1377081871032715","4.1377081871032715","4.1377081871032715"
"39400","3.9629504680633545","3.9629504680633545","3.9629504680633545","4.2855329513549805","4.2855329513549805","4.2855329513549805","4.045324802398682","4.045324802398682","4.045324802398682"
"39500","4.065916061401367","4.065916061401367","4.065916061401367","4.371249198913574","4.371249198913574","4.371249198913574","4.177971363067627","4.177971363067627","4.177971363067627"
"39600","4.103750705718994","4.103750705718994","4.103750705718994","4.140319347381592","4.140319347381592","4.140319347381592","3.898568630218506","3.898568630218506","3.898568630218506"
"39700","4.034595489501953","4.034595489501953","4.034595489501953","4.271878719329834","4.271878719329834","4.271878719329834","4.2236456871032715","4.2236456871032715","4.2236456871032715"
"39800","4.024266719818115","4.024266719818115","4.024266719818115","4.371741771697998","4.371741771697998","4.371741771697998","4.230875015258789","4.230875015258789","4.230875015258789"
"39900","3.9283037185668945","3.9283037185668945","3.9283037185668945","4.273021697998047","4.273021697998047","4.273021697998047","4.016910076141357","4.016910076141357","4.016910076141357"
"40000","4.05592679977417","4.05592679977417","4.05592679977417","4.374764442443848","4.374764442443848","4.374764442443848","4.366860866546631","4.366860866546631","4.366860866546631"
"40100","3.8755831718444824","3.8755831718444824","3.8755831718444824","4.319613933563232","4.319613933563232","4.319613933563232","4.18214750289917","4.18214750289917","4.18214750289917"
"40200","4.119417190551758","4.119417190551758","4.119417190551758","4.114063739776611","4.114063739776611","4.114063739776611","3.9395604133605957","3.9395604133605957","3.9395604133605957"
"40300","4.06613826751709","4.06613826751709","4.06613826751709","4.341393947601318","4.341393947601318","4.341393947601318","4.2130513191223145","4.2130513191223145","4.2130513191223145"
"40400","4.044631004333496","4.044631004333496","4.044631004333496","4.341354846954346","4.341354846954346","4.341354846954346","4.151503562927246","4.151503562927246","4.151503562927246"
"40500","4.128922939300537","4.128922939300537","4.128922939300537","4.113997936248779","4.113997936248779","4.113997936248779","4.1630754470825195","4.1630754470825195","4.1630754470825195"
"40600","4.063610076904297","4.063610076904297","4.063610076904297","4.342184543609619","4.342184543609619","4.342184543609619","4.1450958251953125","4.1450958251953125","4.1450958251953125"
"40700","3.9565818309783936","3.9565818309783936","3.9565818309783936","4.3564043045043945","4.3564043045043945","4.3564043045043945","4.011697292327881","4.011697292327881","4.011697292327881"
"40800","3.989143133163452","3.989143133163452","3.989143133163452","3.976050853729248","3.976050853729248","3.976050853729248","4.050160884857178","4.050160884857178","4.050160884857178"
"40900","4.019571304321289","4.019571304321289","4.019571304321289","4.110438823699951","4.110438823699951","4.110438823699951","4.00812292098999","4.00812292098999","4.00812292098999"
"41000","4.102555751800537","4.102555751800537","4.102555751800537","4.0320210456848145","4.0320210456848145","4.0320210456848145","4.15665340423584","4.15665340423584","4.15665340423584"
"41100","4.048581123352051","4.048581123352051","4.048581123352051","4.158081531524658","4.158081531524658","4.158081531524658","3.985145092010498","3.985145092010498","3.985145092010498"
"41200","4.062220573425293","4.062220573425293","4.062220573425293","4.361420154571533","4.361420154571533","4.361420154571533","4.273833751678467","4.273833751678467","4.273833751678467"
"41300","4.078381061553955","4.078381061553955","4.078381061553955","4.140981674194336","4.140981674194336","4.140981674194336","4.189939022064209","4.189939022064209","4.189939022064209"
"41400","3.7860560417175293","3.7860560417175293","3.7860560417175293","4.285296440124512","4.285296440124512","4.285296440124512","3.970658779144287","3.970658779144287","3.970658779144287"
"41500","4.087469577789307","4.087469577789307","4.087469577789307","4.420129299163818","4.420129299163818","4.420129299163818","4.2209954261779785","4.2209954261779785","4.2209954261779785"
"41600","3.9074010848999023","3.9074010848999023","3.9074010848999023","4.032286643981934","4.032286643981934","4.032286643981934","4.282107353210449","4.282107353210449","4.282107353210449"
"41700","3.9852330684661865","3.9852330684661865","3.9852330684661865","4.297854423522949","4.297854423522949","4.297854423522949","4.131883144378662","4.131883144378662","4.131883144378662"
"41800","4.04094123840332","4.04094123840332","4.04094123840332","4.013028621673584","4.013028621673584","4.013028621673584","4.207317352294922","4.207317352294922","4.207317352294922"
"41900","3.8877761363983154","3.8877761363983154","3.8877761363983154","4.121954917907715","4.121954917907715","4.121954917907715","4.072704792022705","4.072704792022705","4.072704792022705"
"42000","4.078960418701172","4.078960418701172","4.078960418701172","4.368831634521484","4.368831634521484","4.368831634521484","4.269813537597656","4.269813537597656","4.269813537597656"
"42100","4.0302734375","4.0302734375","4.0302734375","4.355929374694824","4.355929374694824","4.355929374694824","3.8515818119049072","3.8515818119049072","3.8515818119049072"
"42200","3.9320316314697266","3.9320316314697266","3.9320316314697266","4.303515434265137","4.303515434265137","4.303515434265137","4.117391109466553","4.117391109466553","4.117391109466553"
"42300","4.052342891693115","4.052342891693115","4.052342891693115","4.079251766204834","4.079251766204834","4.079251766204834","4.261598587036133","4.261598587036133","4.261598587036133"
"42400","4.070685386657715","4.070685386657715","4.070685386657715","4.36490535736084","4.36490535736084","4.36490535736084","4.157006740570068","4.157006740570068","4.157006740570068"
"42500","4.112856864929199","4.112856864929199","4.112856864929199","4.302378177642822","4.302378177642822","4.302378177642822","4.333781719207764","4.333781719207764","4.333781719207764"
"42600","4.065016746520996","4.065016746520996","4.065016746520996","4.155008316040039","4.155008316040039","4.155008316040039","4.219231605529785","4.219231605529785","4.219231605529785"
"42700","4.012009620666504","4.012009620666504","4.012009620666504","4.362975597381592","4.362975597381592","4.362975597381592","4.22706937789917","4.22706937789917","4.22706937789917"
"42800","3.9414749145507812","3.9414749145507812","3.9414749145507812","4.321078777313232","4.321078777313232","4.321078777313232","3.9343903064727783","3.9343903064727783","3.9343903064727783"
"42900","4.047982692718506","4.047982692718506","4.047982692718506","4.257839202880859","4.257839202880859","4.257839202880859","4.075298309326172","4.075298309326172","4.075298309326172"
"43000","4.0462541580200195","4.0462541580200195","4.0462541580200195","4.371407508850098","4.371407508850098","4.371407508850098","4.145082950592041","4.145082950592041","4.145082950592041"
"43100","4.052851676940918","4.052851676940918","4.052851676940918","4.33745002746582","4.33745002746582","4.33745002746582","4.045252323150635","4.045252323150635","4.045252323150635"
"43200","3.7999303340911865","3.7999303340911865","3.7999303340911865","4.237651348114014","4.237651348114014","4.237651348114014","4.071805000305176","4.071805000305176","4.071805000305176"
"43300","4.029980659484863","4.029980659484863","4.029980659484863","3.9977850914001465","3.9977850914001465","3.9977850914001465","4.260201454162598","4.260201454162598","4.260201454162598"
"43400","3.97072172164917","3.97072172164917","3.97072172164917","3.882303237915039","3.882303237915039","3.882303237915039","3.98271107673645","3.98271107673645","3.98271107673645"
"43500","4.08536434173584","4.08536434173584","4.08536434173584","4.324111461639404","4.324111461639404","4.324111461639404","4.008553981781006","4.008553981781006","4.008553981781006"
"43600","4.071112155914307","4.071112155914307","4.071112155914307","4.0362396240234375","4.0362396240234375","4.0362396240234375","3.831103801727295","3.831103801727295","3.831103801727295"
"43700","4.036590099334717","4.036590099334717","4.036590099334717","4.302364826202393","4.302364826202393","4.302364826202393","4.103072166442871","4.103072166442871","4.103072166442871"
"43800","3.9029040336608887","3.9029040336608887","3.9029040336608887","4.116966724395752","4.116966724395752","4.116966724395752","3.9863121509552","3.9863121509552","3.9863121509552"
"43900","3.9009647369384766","3.9009647369384766","3.9009647369384766","4.345066547393799","4.345066547393799","4.345066547393799","4.163854598999023","4.163854598999023","4.163854598999023"
"44000","4.021231651306152","4.021231651306152","4.021231651306152","4.122768402099609","4.122768402099609","4.122768402099609","4.200712203979492","4.200712203979492","4.200712203979492"
"44100","3.9499905109405518","3.9499905109405518","3.9499905109405518","4.032423496246338","4.032423496246338","4.032423496246338","4.178111553192139","4.178111553192139","4.178111553192139"
"44200","4.033937931060791","4.033937931060791","4.033937931060791","4.3350934982299805","4.3350934982299805","4.3350934982299805","3.800861358642578","3.800861358642578","3.800861358642578"
"44300","4.067079544067383","4.067079544067383","4.067079544067383","4.37460470199585","4.37460470199585","4.37460470199585","4.216708660125732","4.216708660125732","4.216708660125732"
"44400","4.081966876983643","4.081966876983643","4.081966876983643","4.30378532409668","4.30378532409668","4.30378532409668","4.020626068115234","4.020626068115234","4.020626068115234"
"44500","3.7796969413757324","3.7796969413757324","3.7796969413757324","4.318568706512451","4.318568706512451","4.318568706512451","4.247406005859375","4.247406005859375","4.247406005859375"
"44600","4.112602233886719","4.112602233886719","4.112602233886719","4.325240135192871","4.325240135192871","4.325240135192871","4.266260623931885","4.266260623931885","4.266260623931885"
"44700","4.110959529876709","4.110959529876709","4.110959529876709","4.400422096252441","4.400422096252441","4.400422096252441","4.264917373657227","4.264917373657227","4.264917373657227"
"44800","3.983912706375122","3.983912706375122","3.983912706375122","4.319281101226807","4.319281101226807","4.319281101226807","3.9259696006774902","3.9259696006774902","3.9259696006774902"
"44900","4.048102855682373","4.048102855682373","4.048102855682373","3.853543996810913","3.853543996810913","3.853543996810913","4.067912578582764","4.067912578582764","4.067912578582764"
"45000","3.9945530891418457","3.9945530891418457","3.9945530891418457","4.133848190307617","4.133848190307617","4.133848190307617","4.143857002258301","4.143857002258301","4.143857002258301"
"45100","4.066410064697266","4.066410064697266","4.066410064697266","4.346200942993164","4.346200942993164","4.346200942993164","4.150248050689697","4.150248050689697","4.150248050689697"
"45200","3.896148204803467","3.896148204803467","3.896148204803467","4.457828044891357","4.457828044891357","4.457828044891357","3.99636173248291","3.99636173248291","3.99636173248291"
"45300","4.084542274475098","4.084542274475098","4.084542274475098","4.361006736755371","4.361006736755371","4.361006736755371","4.054368019104004","4.054368019104004","4.054368019104004"
"45400","3.848085880279541","3.848085880279541","3.848085880279541","4.101632118225098","4.101632118225098","4.101632118225098","4.099825382232666","4.099825382232666","4.099825382232666"
"45500","4.057331562042236","4.057331562042236","4.057331562042236","4.012258052825928","4.012258052825928","4.012258052825928","4.13998556137085","4.13998556137085","4.13998556137085"
"45600","4.0699381828308105","4.0699381828308105","4.0699381828308105","4.08720588684082","4.08720588684082","4.08720588684082","4.2672648429870605","4.2672648429870605","4.2672648429870605"
"45700","4.000208377838135","4.000208377838135","4.000208377838135","4.272188186645508","4.272188186645508","4.272188186645508","3.9550859928131104","3.9550859928131104","3.9550859928131104"
"45800","4.083141803741455","4.083141803741455","4.083141803741455","4.0111799240112305","4.0111799240112305","4.0111799240112305","4.0144500732421875","4.0144500732421875","4.0144500732421875"
"45900","4.083730697631836","4.083730697631836","4.083730697631836","4.036486625671387","4.036486625671387","4.036486625671387","4.152711868286133","4.152711868286133","4.152711868286133"
"46000","3.94718074798584","3.94718074798584","3.94718074798584","4.243702411651611","4.243702411651611","4.243702411651611","4.23789644241333","4.23789644241333","4.23789644241333"
"46100","4.022764682769775","4.022764682769775","4.022764682769775","4.2208943367004395","4.2208943367004395","4.2208943367004395","4.179197788238525","4.179197788238525","4.179197788238525"
"46200","3.9357964992523193","3.9357964992523193","3.9357964992523193","4.258296489715576","4.258296489715576","4.258296489715576","4.057459831237793","4.057459831237793","4.057459831237793"
"46300","3.97946834564209","3.97946834564209","3.97946834564209","4.126779079437256","4.126779079437256","4.126779079437256","4.099920272827148","4.099920272827148","4.099920272827148"
"46400","4.054677963256836","4.054677963256836","4.054677963256836","3.859203577041626","3.859203577041626","3.859203577041626","4.099376678466797","4.099376678466797","4.099376678466797"
"46500","4.058724403381348","4.058724403381348","4.058724403381348","4.104714393615723","4.104714393615723","4.104714393615723","4.162187099456787","4.162187099456787","4.162187099456787"
"46600","3.7315030097961426","3.7315030097961426","3.7315030097961426","4.349739074707031","4.349739074707031","4.349739074707031","3.76274037361145","3.76274037361145","3.76274037361145"
"46700","3.858717918395996","3.858717918395996","3.858717918395996","4.191585063934326","4.191585063934326","4.191585063934326","3.950860023498535","3.950860023498535","3.950860023498535"
"46800","4.025975704193115","4.025975704193115","4.025975704193115","4.152411937713623","4.152411937713623","4.152411937713623","4.263947486877441","4.263947486877441","4.263947486877441"
"46900","3.949098587036133","3.949098587036133","3.949098587036133","4.338540554046631","4.338540554046631","4.338540554046631","3.981982707977295","3.981982707977295","3.981982707977295"
"47000","4.127540588378906","4.127540588378906","4.127540588378906","4.199038505554199","4.199038505554199","4.199038505554199","4.1870317459106445","4.1870317459106445","4.1870317459106445"
"47100","3.960768461227417","3.960768461227417","3.960768461227417","4.1523118019104","4.1523118019104","4.1523118019104","4.142004013061523","4.142004013061523","4.142004013061523"
"47200","4.071906089782715","4.071906089782715","4.071906089782715","4.3799943923950195","4.3799943923950195","4.3799943923950195","4.212703227996826","4.212703227996826","4.212703227996826"
"47300","4.030648231506348","4.030648231506348","4.030648231506348","4.334537029266357","4.334537029266357","4.334537029266357","4.1980695724487305","4.1980695724487305","4.1980695724487305"
"47400","4.064613342285156","4.064613342285156","4.064613342285156","4.089607238769531","4.089607238769531","4.089607238769531","3.7883355617523193","3.7883355617523193","3.7883355617523193"
"47500","4.069996356964111","4.069996356964111","4.069996356964111","4.277098178863525","4.277098178863525","4.277098178863525","4.194901466369629","4.194901466369629","4.194901466369629"
"47600","4.007773399353027","4.007773399353027","4.007773399353027","4.402942657470703","4.402942657470703","4.402942657470703","4.083074569702148","4.083074569702148","4.083074569702148"
"47700","4.058003902435303","4.058003902435303","4.058003902435303","4.367467403411865","4.367467403411865","4.367467403411865","4.263826370239258","4.263826370239258","4.263826370239258"
"47800","4.052432060241699","4.052432060241699","4.052432060241699","4.31548547744751","4.31548547744751","4.31548547744751","4.176000595092773","4.176000595092773","4.176000595092773"
"47900","4.001704692840576","4.001704692840576","4.001704692840576","4.231403350830078","4.231403350830078","4.231403350830078","4.070702075958252","4.070702075958252","4.070702075958252"
"48000","3.994248390197754","3.994248390197754","3.994248390197754","4.322171211242676","4.322171211242676","4.322171211242676","4.300388336181641","4.300388336181641","4.300388336181641"
"48100","4.068636894226074","4.068636894226074","4.068636894226074","4.32612419128418","4.32612419128418","4.32612419128418","4.217989444732666","4.217989444732666","4.217989444732666"
"48200","4.036454200744629","4.036454200744629","4.036454200744629","4.331640720367432","4.331640720367432","4.331640720367432","4.313192367553711","4.313192367553711","4.313192367553711"
"48300","4.113765716552734","4.113765716552734","4.113765716552734","4.294619560241699","4.294619560241699","4.294619560241699","4.181651592254639","4.181651592254639","4.181651592254639"
"48400","3.9364490509033203","3.9364490509033203","3.9364490509033203","4.013566017150879","4.013566017150879","4.013566017150879","3.911358594894409","3.911358594894409","3.911358594894409"
"48500","3.9581923484802246","3.9581923484802246","3.9581923484802246","4.3322367668151855","4.3322367668151855","4.3322367668151855","4.261423587799072","4.261423587799072","4.261423587799072"
"48600","4.031052112579346","4.031052112579346","4.031052112579346","4.09446382522583","4.09446382522583","4.09446382522583","4.103007793426514","4.103007793426514","4.103007793426514"
"48700","4.037796974182129","4.037796974182129","4.037796974182129","4.038305282592773","4.038305282592773","4.038305282592773","4.1023054122924805","4.1023054122924805","4.1023054122924805"
"48800","4.0404887199401855","4.0404887199401855","4.0404887199401855","4.391863822937012","4.391863822937012","4.391863822937012","4.1343255043029785","4.1343255043029785","4.1343255043029785"
"48900","4.09221076965332","4.09221076965332","4.09221076965332","4.281386375427246","4.281386375427246","4.281386375427246","4.167187213897705","4.167187213897705","4.167187213897705"
"49000","4.038605213165283","4.038605213165283","4.038605213165283","4.353625774383545","4.353625774383545","4.353625774383545","4.1453022956848145","4.1453022956848145","4.1453022956848145"
"49100","3.728731632232666","3.728731632232666","3.728731632232666","4.17374324798584","4.17374324798584","4.17374324798584","4.212345123291016","4.212345123291016","4.212345123291016"
"49200","3.976158618927002","3.976158618927002","3.976158618927002","4.346453666687012","4.346453666687012","4.346453666687012","4.135426998138428","4.135426998138428","4.135426998138428"
"49300","3.9934492111206055","3.9934492111206055","3.9934492111206055","4.348266124725342","4.348266124725342","4.348266124725342","4.241987705230713","4.241987705230713","4.241987705230713"
"49400","4.058953762054443","4.058953762054443","4.058953762054443","4.363380432128906","4.363380432128906","4.363380432128906","4.228712558746338","4.228712558746338","4.228712558746338"
"49500","3.8705787658691406","3.8705787658691406","3.8705787658691406","4.34902811050415","4.34902811050415","4.34902811050415","3.811861276626587","3.811861276626587","3.811861276626587"
"49600","3.9626405239105225","3.9626405239105225","3.9626405239105225","4.330493450164795","4.330493450164795","4.330493450164795","4.039924621582031","4.039924621582031","4.039924621582031"
"49700","4.04294490814209","4.04294490814209","4.04294490814209","4.184726715087891","4.184726715087891","4.184726715087891","3.824132204055786","3.824132204055786","3.824132204055786"
"49800","3.9528701305389404","3.9528701305389404","3.9528701305389404","4.063821792602539","4.063821792602539","4.063821792602539","4.034397125244141","4.034397125244141","4.034397125244141"
"49900","3.8804025650024414","3.8804025650024414","3.8804025650024414","4.339527130126953","4.339527130126953","4.339527130126953","4.168790817260742","4.168790817260742","4.168790817260742"
"50000","3.903611183166504","3.903611183166504","3.903611183166504","4.315337657928467","4.315337657928467","4.315337657928467","4.046501159667969","4.046501159667969","4.046501159667969"
"50100","3.8205885887145996","3.8205885887145996","3.8205885887145996","4.357766151428223","4.357766151428223","4.357766151428223","4.027667045593262","4.027667045593262","4.027667045593262"
"50200","4.040565490722656","4.040565490722656","4.040565490722656","4.377082824707031","4.377082824707031","4.377082824707031","3.994669198989868","3.994669198989868","3.994669198989868"
"50300","4.023478984832764","4.023478984832764","4.023478984832764","4.044979095458984","4.044979095458984","4.044979095458984","3.926435708999634","3.926435708999634","3.926435708999634"
"50400","3.9550352096557617","3.9550352096557617","3.9550352096557617","4.275693416595459","4.275693416595459","4.275693416595459","4.114051818847656","4.114051818847656","4.114051818847656"
"50500","3.9897964000701904","3.9897964000701904","3.9897964000701904","4.267536163330078","4.267536163330078","4.267536163330078","4.043263912200928","4.043263912200928","4.043263912200928"
"50600","4.02585506439209","4.02585506439209","4.02585506439209","4.082074165344238","4.082074165344238","4.082074165344238","4.062559127807617","4.062559127807617","4.062559127807617"
"50700","3.917579174041748","3.917579174041748","3.917579174041748","4.348419189453125","4.348419189453125","4.348419189453125","3.854304552078247","3.854304552078247","3.854304552078247"
"50800","3.7798287868499756","3.7798287868499756","3.7798287868499756","4.139771938323975","4.139771938323975","4.139771938323975","4.082862854003906","4.082862854003906","4.082862854003906"
"50900","4.088639736175537","4.088639736175537","4.088639736175537","4.250581741333008","4.250581741333008","4.250581741333008","4.125602722167969","4.125602722167969","4.125602722167969"
"51000","4.050533294677734","4.050533294677734","4.050533294677734","4.283254623413086","4.283254623413086","4.283254623413086","4.173495769500732","4.173495769500732","4.173495769500732"
"51100","3.8143181800842285","3.8143181800842285","3.8143181800842285","4.393007755279541","4.393007755279541","4.393007755279541","4.167936325073242","4.167936325073242","4.167936325073242"
"51200","3.8960747718811035","3.8960747718811035","3.8960747718811035","4.116203308105469","4.116203308105469","4.116203308105469","4.133282661437988","4.133282661437988","4.133282661437988"
"51300","3.960151195526123","3.960151195526123","3.960151195526123","4.299609661102295","4.299609661102295","4.299609661102295","3.979180335998535","3.979180335998535","3.979180335998535"
"51400","3.964876174926758","3.964876174926758","3.964876174926758","4.2890400886535645","4.2890400886535645","4.2890400886535645","4.0991291999816895","4.0991291999816895","4.0991291999816895"
"51500","3.9993274211883545","3.9993274211883545","3.9993274211883545","4.1823344230651855","4.1823344230651855","4.1823344230651855","4.138309001922607","4.138309001922607","4.138309001922607"
"51600","4.070708751678467","4.070708751678467","4.070708751678467","4.33015775680542","4.33015775680542","4.33015775680542","4.067789077758789","4.067789077758789","4.067789077758789"
"51700","3.9837636947631836","3.9837636947631836","3.9837636947631836","4.115756988525391","4.115756988525391","4.115756988525391","4.117594242095947","4.117594242095947","4.117594242095947"
"51800","4.013646125793457","4.013646125793457","4.013646125793457","4.314023017883301","4.314023017883301","4.314023017883301","4.218295574188232","4.218295574188232","4.218295574188232"
"51900","3.9897475242614746","3.9897475242614746","3.9897475242614746","4.156770706176758","4.156770706176758","4.156770706176758","4.118993282318115","4.118993282318115","4.118993282318115"
"52000","3.9776792526245117","3.9776792526245117","3.9776792526245117","4.4102463722229","4.4102463722229","4.4102463722229","4.222553253173828","4.222553253173828","4.222553253173828"
"52100","4.066636085510254","4.066636085510254","4.066636085510254","4.26084566116333","4.26084566116333","4.26084566116333","4.0861358642578125","4.0861358642578125","4.0861358642578125"
"52200","3.9817185401916504","3.9817185401916504","3.9817185401916504","4.322843551635742","4.322843551635742","4.322843551635742","4.063220024108887","4.063220024108887","4.063220024108887"
"52300","4.035672187805176","4.035672187805176","4.035672187805176","4.311887741088867","4.311887741088867","4.311887741088867","3.785647392272949","3.785647392272949","3.785647392272949"
"52400","3.8504629135131836","3.8504629135131836","3.8504629135131836","3.7885351181030273","3.7885351181030273","3.7885351181030273","4.145101547241211","4.145101547241211","4.145101547241211"
"52500","4.073460578918457","4.073460578918457","4.073460578918457","4.376959800720215","4.376959800720215","4.376959800720215","3.9445090293884277","3.9445090293884277","3.9445090293884277"
"52600","4.019985675811768","4.019985675811768","4.019985675811768","3.8553640842437744","3.8553640842437744","3.8553640842437744","3.97480845451355","3.97480845451355","3.97480845451355"
"52700","4.06899356842041","4.06899356842041","4.06899356842041","4.252424240112305","4.252424240112305","4.252424240112305","3.9661142826080322","3.9661142826080322","3.9661142826080322"
"52800","4.040043830871582","4.040043830871582","4.040043830871582","4.430201530456543","4.430201530456543","4.430201530456543","4.314920902252197","4.314920902252197","4.314920902252197"
"52900","3.9482734203338623","3.9482734203338623","3.9482734203338623","4.38750696182251","4.38750696182251","4.38750696182251","4.145266532897949","4.145266532897949","4.145266532897949"
"53000","4.069049835205078","4.069049835205078","4.069049835205078","4.297133445739746","4.297133445739746","4.297133445739746","4.1576457023620605","4.1576457023620605","4.1576457023620605"
"53100","4.0388360023498535","4.0388360023498535","4.0388360023498535","3.829709529876709","3.829709529876709","3.829709529876709","4.070154190063477","4.070154190063477","4.070154190063477"
"53200","3.8440585136413574","3.8440585136413574","3.8440585136413574","3.8241543769836426","3.8241543769836426","3.8241543769836426","3.8805344104766846","3.8805344104766846","3.8805344104766846"
"53300","4.019403457641602","4.019403457641602","4.019403457641602","4.2854180335998535","4.2854180335998535","4.2854180335998535","4.180390357971191","4.180390357971191","4.180390357971191"
"53400","3.939012050628662","3.939012050628662","3.939012050628662","4.351805210113525","4.351805210113525","4.351805210113525","4.08089017868042","4.08089017868042","4.08089017868042"
"53500","3.9974663257598877","3.9974663257598877","3.9974663257598877","3.999049186706543","3.999049186706543","3.999049186706543","4.178534984588623","4.178534984588623","4.178534984588623"
"53600","3.847764253616333","3.847764253616333","3.847764253616333","4.3455328941345215","4.3455328941345215","4.3455328941345215","4.214441299438477","4.214441299438477","4.214441299438477"
"53700","3.8877625465393066","3.8877625465393066","3.8877625465393066","4.139113426208496","4.139113426208496","4.139113426208496","3.8317294120788574","3.8317294120788574","3.8317294120788574"
"53800","3.974170207977295","3.974170207977295","3.974170207977295","4.281569480895996","4.281569480895996","4.281569480895996","4.114090919494629","4.114090919494629","4.114090919494629"
"53900","3.6838488578796387","3.6838488578796387","3.6838488578796387","4.330836772918701","4.330836772918701","4.330836772918701","4.077020645141602","4.077020645141602","4.077020645141602"
"54000","3.823692798614502","3.823692798614502","3.823692798614502","4.340720176696777","4.340720176696777","4.340720176696777","3.788785457611084","3.788785457611084","3.788785457611084"
"54100","4.034798622131348","4.034798622131348","4.034798622131348","4.061460494995117","4.061460494995117","4.061460494995117","4.159812927246094","4.159812927246094","4.159812927246094"
"54200","3.582624912261963","3.582624912261963","3.582624912261963","4.280624866485596","4.280624866485596","4.280624866485596","4.145194053649902","4.145194053649902","4.145194053649902"
"54300","4.072296142578125","4.072296142578125","4.072296142578125","3.990950345993042","3.990950345993042","3.990950345993042","4.185522079467773","4.185522079467773","4.185522079467773"
"54400","3.9810116291046143","3.9810116291046143","3.9810116291046143","4.399433612823486","4.399433612823486","4.399433612823486","4.048407554626465","4.048407554626465","4.048407554626465"
"54500","4.022461414337158","4.022461414337158","4.022461414337158","4.34681510925293","4.34681510925293","4.34681510925293","4.085504055023193","4.085504055023193","4.085504055023193"
"54600","4.022549629211426","4.022549629211426","4.022549629211426","4.085263252258301","4.085263252258301","4.085263252258301","3.8221826553344727","3.8221826553344727","3.8221826553344727"
"54700","3.8603665828704834","3.8603665828704834","3.8603665828704834","4.269779205322266","4.269779205322266","4.269779205322266","4.216885089874268","4.216885089874268","4.216885089874268"
"54800","3.979243278503418","3.979243278503418","3.979243278503418","4.084606170654297","4.084606170654297","4.084606170654297","3.8652195930480957","3.8652195930480957","3.8652195930480957"
"54900","4.077266216278076","4.077266216278076","4.077266216278076","4.144505023956299","4.144505023956299","4.144505023956299","3.8588643074035645","3.8588643074035645","3.8588643074035645"
"55000","3.963022470474243","3.963022470474243","3.963022470474243","4.304033279418945","4.304033279418945","4.304033279418945","4.1554412841796875","4.1554412841796875","4.1554412841796875"
"55100","4.125274658203125","4.125274658203125","4.125274658203125","4.364974498748779","4.364974498748779","4.364974498748779","4.265665054321289","4.265665054321289","4.265665054321289"
"55200","4.0411295890808105","4.0411295890808105","4.0411295890808105","4.288549900054932","4.288549900054932","4.288549900054932","4.042829513549805","4.042829513549805","4.042829513549805"
"55300","4.104257583618164","4.104257583618164","4.104257583618164","4.327509880065918","4.327509880065918","4.327509880065918","4.167593479156494","4.167593479156494","4.167593479156494"
"55400","3.880141258239746","3.880141258239746","3.880141258239746","4.284832000732422","4.284832000732422","4.284832000732422","4.102880001068115","4.102880001068115","4.102880001068115"
"55500","4.0531907081604","4.0531907081604","4.0531907081604","4.17021369934082","4.17021369934082","4.17021369934082","3.880329132080078","3.880329132080078","3.880329132080078"
"55600","4.05388069152832","4.05388069152832","4.05388069152832","4.253734111785889","4.253734111785889","4.253734111785889","4.124393939971924","4.124393939971924","4.124393939971924"
"55700","3.8586063385009766","3.8586063385009766","3.8586063385009766","4.214678764343262","4.214678764343262","4.214678764343262","4.181166648864746","4.181166648864746","4.181166648864746"
"55800","4.033888339996338","4.033888339996338","4.033888339996338","4.151216983795166","4.151216983795166","4.151216983795166","4.098645210266113","4.098645210266113","4.098645210266113"
"55900","3.7495317459106445","3.7495317459106445","3.7495317459106445","3.5759775638580322","3.5759775638580322","3.5759775638580322","4.061007022857666","4.061007022857666","4.061007022857666"
"56000","4.084959983825684","4.084959983825684","4.084959983825684","4.349772930145264","4.349772930145264","4.349772930145264","4.19772481918335","4.19772481918335","4.19772481918335"
"56100","4.039264678955078","4.039264678955078","4.039264678955078","4.243502616882324","4.243502616882324","4.243502616882324","4.201066970825195","4.201066970825195","4.201066970825195"
"56200","3.9598844051361084","3.9598844051361084","3.9598844051361084","4.315610408782959","4.315610408782959","4.315610408782959","4.130368232727051","4.130368232727051","4.130368232727051"
"56300","4.049063682556152","4.049063682556152","4.049063682556152","4.052903652191162","4.052903652191162","4.052903652191162","4.091169357299805","4.091169357299805","4.091169357299805"
"56400","3.8897318840026855","3.8897318840026855","3.8897318840026855","4.092894554138184","4.092894554138184","4.092894554138184","4.012990474700928","4.012990474700928","4.012990474700928"
"56500","3.991208076477051","3.991208076477051","3.991208076477051","4.310204029083252","4.310204029083252","4.310204029083252","3.8765716552734375","3.8765716552734375","3.8765716552734375"
"56600","4.040963649749756","4.040963649749756","4.040963649749756","3.9704811573028564","3.9704811573028564","3.9704811573028564","4.022597789764404","4.022597789764404","4.022597789764404"
"56700","3.9479317665100098","3.9479317665100098","3.9479317665100098","4.250414848327637","4.250414848327637","4.250414848327637","3.871958017349243","3.871958017349243","3.871958017349243"
"56800","3.687483787536621","3.687483787536621","3.687483787536621","4.062601566314697","4.062601566314697","4.062601566314697","4.148197650909424","4.148197650909424","4.148197650909424"
"56900","4.036730766296387","4.036730766296387","4.036730766296387","4.331595420837402","4.331595420837402","4.331595420837402","4.174494743347168","4.174494743347168","4.174494743347168"
"57000","4.002693176269531","4.002693176269531","4.002693176269531","4.305932998657227","4.305932998657227","4.305932998657227","4.178015232086182","4.178015232086182","4.178015232086182"
"57100","3.851468801498413","3.851468801498413","3.851468801498413","4.3941969871521","4.3941969871521","4.3941969871521","4.194994926452637","4.194994926452637","4.194994926452637"
"57200","4.011456489562988","4.011456489562988","4.011456489562988","4.372120380401611","4.372120380401611","4.372120380401611","4.0560221672058105","4.0560221672058105","4.0560221672058105"
"57300","3.9569814205169678","3.9569814205169678","3.9569814205169678","4.384485244750977","4.384485244750977","4.384485244750977","4.091261863708496","4.091261863708496","4.091261863708496"
"57400","3.951714515686035","3.951714515686035","3.951714515686035","4.290263652801514","4.290263652801514","4.290263652801514","4.085176944732666","4.085176944732666","4.085176944732666"
"57500","4.0577263832092285","4.0577263832092285","4.0577263832092285","4.295201301574707","4.295201301574707","4.295201301574707","3.9653706550598145","3.9653706550598145","3.9653706550598145"
"57600","3.722829580307007","3.722829580307007","3.722829580307007","4.32278299331665","4.32278299331665","4.32278299331665","3.7806813716888428","3.7806813716888428","3.7806813716888428"
"57700","3.8105199337005615","3.8105199337005615","3.8105199337005615","4.200483798980713","4.200483798980713","4.200483798980713","4.119466304779053","4.119466304779053","4.119466304779053"
"57800","4.039577007293701","4.039577007293701","4.039577007293701","4.303833961486816","4.303833961486816","4.303833961486816","4.044001579284668","4.044001579284668","4.044001579284668"
"57900","3.9910545349121094","3.9910545349121094","3.9910545349121094","4.269751071929932","4.269751071929932","4.269751071929932","3.9531288146972656","3.9531288146972656","3.9531288146972656"
"58000","3.853611946105957","3.853611946105957","3.853611946105957","4.3103132247924805","4.3103132247924805","4.3103132247924805","4.137701034545898","4.137701034545898","4.137701034545898"
"58100","4.019364356994629","4.019364356994629","4.019364356994629","4.3151679039001465","4.3151679039001465","4.3151679039001465","4.147121429443359","4.147121429443359","4.147121429443359"
"58200","3.866035223007202","3.866035223007202","3.866035223007202","3.8601622581481934","3.8601622581481934","3.8601622581481934","4.060828685760498","4.060828685760498","4.060828685760498"
"58300","3.973569869995117","3.973569869995117","3.973569869995117","4.090297222137451","4.090297222137451","4.090297222137451","4.0452189445495605","4.0452189445495605","4.0452189445495605"
"58400","4.010867118835449","4.010867118835449","4.010867118835449","4.184316158294678","4.184316158294678","4.184316158294678","3.9014148712158203","3.9014148712158203","3.9014148712158203"
"58500","4.084629535675049","4.084629535675049","4.084629535675049","4.204360485076904","4.204360485076904","4.204360485076904","3.9734950065612793","3.9734950065612793","3.9734950065612793"
"58600","3.9434866905212402","3.9434866905212402","3.9434866905212402","4.0892839431762695","4.0892839431762695","4.0892839431762695","4.072270393371582","4.072270393371582","4.072270393371582"
"58700","4.026669502258301","4.026669502258301","4.026669502258301","4.147380828857422","4.147380828857422","4.147380828857422","4.141754150390625","4.141754150390625","4.141754150390625"
"58800","4.026093006134033","4.026093006134033","4.026093006134033","4.357051372528076","4.357051372528076","4.357051372528076","4.142327308654785","4.142327308654785","4.142327308654785"
"58900","4.125","4.125","4.125","4.2467122077941895","4.2467122077941895","4.2467122077941895","4.156020164489746","4.156020164489746","4.156020164489746"
"59000","4.0997443199157715","4.0997443199157715","4.0997443199157715","4.165544033050537","4.165544033050537","4.165544033050537","4.063434600830078","4.063434600830078","4.063434600830078"
"59100","3.773693084716797","3.773693084716797","3.773693084716797","4.3687920570373535","4.3687920570373535","4.3687920570373535","4.142746448516846","4.142746448516846","4.142746448516846"
"59200","4.024120330810547","4.024120330810547","4.024120330810547","4.132077693939209","4.132077693939209","4.132077693939209","4.094298839569092","4.094298839569092","4.094298839569092"
"59300","3.812812328338623","3.812812328338623","3.812812328338623","4.391973495483398","4.391973495483398","4.391973495483398","4.0696916580200195","4.0696916580200195","4.0696916580200195"
"59400","4.103074073791504","4.103074073791504","4.103074073791504","4.144590377807617","4.144590377807617","4.144590377807617","3.9784646034240723","3.9784646034240723","3.9784646034240723"
"59500","3.970893621444702","3.970893621444702","3.970893621444702","4.270744800567627","4.270744800567627","4.270744800567627","4.108097553253174","4.108097553253174","4.108097553253174"
"59600","4.042813777923584","4.042813777923584","4.042813777923584","4.359869956970215","4.359869956970215","4.359869956970215","4.132360935211182","4.132360935211182","4.132360935211182"
"59700","3.9545512199401855","3.9545512199401855","3.9545512199401855","4.093066692352295","4.093066692352295","4.093066692352295","4.069333076477051","4.069333076477051","4.069333076477051"
"59800","3.9795970916748047","3.9795970916748047","3.9795970916748047","4.332615375518799","4.332615375518799","4.332615375518799","4.048816680908203","4.048816680908203","4.048816680908203"
"59900","4.014148712158203","4.014148712158203","4.014148712158203","4.365169525146484","4.365169525146484","4.365169525146484","4.1005167961120605","4.1005167961120605","4.1005167961120605"
"60000","4.031924724578857","4.031924724578857","4.031924724578857","4.276020050048828","4.276020050048828","4.276020050048828","4.1903252601623535","4.1903252601623535","4.1903252601623535"
"60100","3.810739517211914","3.810739517211914","3.810739517211914","4.203031539916992","4.203031539916992","4.203031539916992","4.195556163787842","4.195556163787842","4.195556163787842"
"60200","3.9461381435394287","3.9461381435394287","3.9461381435394287","4.264023780822754","4.264023780822754","4.264023780822754","4.024785041809082","4.024785041809082","4.024785041809082"
"60300","3.867967128753662","3.867967128753662","3.867967128753662","4.351064682006836","4.351064682006836","4.351064682006836","4.118056297302246","4.118056297302246","4.118056297302246"
"60400","4.044213771820068","4.044213771820068","4.044213771820068","3.7986600399017334","3.7986600399017334","3.7986600399017334","4.161549091339111","4.161549091339111","4.161549091339111"
"60500","3.9952268600463867","3.9952268600463867","3.9952268600463867","4.2667694091796875","4.2667694091796875","4.2667694091796875","4.122250556945801","4.122250556945801","4.122250556945801"
"60600","3.991546630859375","3.991546630859375","3.991546630859375","4.21708869934082","4.21708869934082","4.21708869934082","4.18910026550293","4.18910026550293","4.18910026550293"
"60700","3.978543996810913","3.978543996810913","3.978543996810913","4.30903434753418","4.30903434753418","4.30903434753418","4.1381072998046875","4.1381072998046875","4.1381072998046875"
"60800","3.992082357406616","3.992082357406616","3.992082357406616","4.127327919006348","4.127327919006348","4.127327919006348","4.169392108917236","4.169392108917236","4.169392108917236"
"60900","3.807950019836426","3.807950019836426","3.807950019836426","4.197836399078369","4.197836399078369","4.197836399078369","4.218621253967285","4.218621253967285","4.218621253967285"
"61000","3.551072120666504","3.551072120666504","3.551072120666504","4.339502334594727","4.339502334594727","4.339502334594727","4.021969318389893","4.021969318389893","4.021969318389893"
"61100","4.016119480133057","4.016119480133057","4.016119480133057","4.320066452026367","4.320066452026367","4.320066452026367","4.089675426483154","4.089675426483154","4.089675426483154"
"61200","3.809696674346924","3.809696674346924","3.809696674346924","4.284199237823486","4.284199237823486","4.284199237823486","4.091838836669922","4.091838836669922","4.091838836669922"
"61300","3.983839511871338","3.983839511871338","3.983839511871338","4.29961633682251","4.29961633682251","4.29961633682251","4.156306266784668","4.156306266784668","4.156306266784668"
"61400","3.8280153274536133","3.8280153274536133","3.8280153274536133","4.291724681854248","4.291724681854248","4.291724681854248","3.8308544158935547","3.8308544158935547","3.8308544158935547"
"61500","3.934455394744873","3.934455394744873","3.934455394744873","4.3225860595703125","4.3225860595703125","4.3225860595703125","3.954629898071289","3.954629898071289","3.954629898071289"
"61600","3.9967041015625","3.9967041015625","3.9967041015625","4.264957427978516","4.264957427978516","4.264957427978516","4.151108741760254","4.151108741760254","4.151108741760254"
"61700","3.9649124145507812","3.9649124145507812","3.9649124145507812","3.9550163745880127","3.9550163745880127","3.9550163745880127","3.763413667678833","3.763413667678833","3.763413667678833"
"61800","4.085484981536865","4.085484981536865","4.085484981536865","4.249652862548828","4.249652862548828","4.249652862548828","4.092388153076172","4.092388153076172","4.092388153076172"
"61900","3.832214832305908","3.832214832305908","3.832214832305908","4.236532688140869","4.236532688140869","4.236532688140869","4.062631607055664","4.062631607055664","4.062631607055664"
"62000","3.9639461040496826","3.9639461040496826","3.9639461040496826","4.089815616607666","4.089815616607666","4.089815616607666","3.7998499870300293","3.7998499870300293","3.7998499870300293"
"62100","3.8379063606262207","3.8379063606262207","3.8379063606262207","4.237833499908447","4.237833499908447","4.237833499908447","4.123095512390137","4.123095512390137","4.123095512390137"
"62200","3.821899175643921","3.821899175643921","3.821899175643921","3.512179136276245","3.512179136276245","3.512179136276245","4.113498687744141","4.113498687744141","4.113498687744141"
"62300","3.947923183441162","3.947923183441162","3.947923183441162","4.332939624786377","4.332939624786377","4.332939624786377","4.160828590393066","4.160828590393066","4.160828590393066"
"62400","3.995131492614746","3.995131492614746","3.995131492614746","4.1251749992370605","4.1251749992370605","4.1251749992370605","4.203141212463379","4.203141212463379","4.203141212463379"
"62500","3.927267074584961","3.927267074584961","3.927267074584961","4.105404376983643","4.105404376983643","4.105404376983643","4.126250267028809","4.126250267028809","4.126250267028809"
"62600","3.987267255783081","3.987267255783081","3.987267255783081","4.2024054527282715","4.2024054527282715","4.2024054527282715","4.041543960571289","4.041543960571289","4.041543960571289"
"62700","4.05078649520874","4.05078649520874","4.05078649520874","4.088689804077148","4.088689804077148","4.088689804077148","4.057061195373535","4.057061195373535","4.057061195373535"
"62800","3.8598127365112305","3.8598127365112305","3.8598127365112305","4.249108791351318","4.249108791351318","4.249108791351318","4.052186965942383","4.052186965942383","4.052186965942383"
"62900","4.047887325286865","4.047887325286865","4.047887325286865","4.3272223472595215","4.3272223472595215","4.3272223472595215","4.2207159996032715","4.2207159996032715","4.2207159996032715"
"63000","3.831754207611084","3.831754207611084","3.831754207611084","4.131997585296631","4.131997585296631","4.131997585296631","4.198406219482422","4.198406219482422","4.198406219482422"
"63100","3.910329818725586","3.910329818725586","3.910329818725586","4.281414985656738","4.281414985656738","4.281414985656738","3.995983123779297","3.995983123779297","3.995983123779297"
"63200","4.0552978515625","4.0552978515625","4.0552978515625","4.064765453338623","4.064765453338623","4.064765453338623","3.906984567642212","3.906984567642212","3.906984567642212"
"63300","4.034262657165527","4.034262657165527","4.034262657165527","4.314268112182617","4.314268112182617","4.314268112182617","3.9053196907043457","3.9053196907043457","3.9053196907043457"
"63400","3.813955307006836","3.813955307006836","3.813955307006836","4.209282398223877","4.209282398223877","4.209282398223877","3.8494060039520264","3.8494060039520264","3.8494060039520264"
"63500","3.812150239944458","3.812150239944458","3.812150239944458","4.34173059463501","4.34173059463501","4.34173059463501","4.138701915740967","4.138701915740967","4.138701915740967"
"63600","3.917351245880127","3.917351245880127","3.917351245880127","4.267472267150879","4.267472267150879","4.267472267150879","4.071019172668457","4.071019172668457","4.071019172668457"
"63700","3.6747241020202637","3.6747241020202637","3.6747241020202637","4.043953895568848","4.043953895568848","4.043953895568848","4.125823974609375","4.125823974609375","4.125823974609375"
"63800","3.972224712371826","3.972224712371826","3.972224712371826","4.241885185241699","4.241885185241699","4.241885185241699","4.065849781036377","4.065849781036377","4.065849781036377"
"63900","4.028624057769775","4.028624057769775","4.028624057769775","4.313302993774414","4.313302993774414","4.313302993774414","3.848221778869629","3.848221778869629","3.848221778869629"
"64000","3.9777894020080566","3.9777894020080566","3.9777894020080566","4.3203630447387695","4.3203630447387695","4.3203630447387695","4.082432746887207","4.082432746887207","4.082432746887207"
"64100","3.9775772094726562","3.9775772094726562","3.9775772094726562","4.313423156738281","4.313423156738281","4.313423156738281","4.0999274253845215","4.0999274253845215","4.0999274253845215"
"64200","4.031767845153809","4.031767845153809","4.031767845153809","4.222926616668701","4.222926616668701","4.222926616668701","4.108230113983154","4.108230113983154","4.108230113983154"
"64300","4.044085502624512","4.044085502624512","4.044085502624512","4.304991722106934","4.304991722106934","4.304991722106934","4.09768533706665","4.09768533706665","4.09768533706665"
"64400","4.05012321472168","4.05012321472168","4.05012321472168","4.1094746589660645","4.1094746589660645","4.1094746589660645","4.0187602043151855","4.0187602043151855","4.0187602043151855"
"64500","4.085100173950195","4.085100173950195","4.085100173950195","4.298084735870361","4.298084735870361","4.298084735870361","4.081345081329346","4.081345081329346","4.081345081329346"
"64600","3.947268009185791","3.947268009185791","3.947268009185791","4.307328224182129","4.307328224182129","4.307328224182129","4.121371269226074","4.121371269226074","4.121371269226074"
"64700","4.032691955566406","4.032691955566406","4.032691955566406","4.046660900115967","4.046660900115967","4.046660900115967","3.880383014678955","3.880383014678955","3.880383014678955"
"64800","4.0305657386779785","4.0305657386779785","4.0305657386779785","4.216973304748535","4.216973304748535","4.216973304748535","3.9425806999206543","3.9425806999206543","3.9425806999206543"
"64900","3.9800305366516113","3.9800305366516113","3.9800305366516113","4.1796393394470215","4.1796393394470215","4.1796393394470215","4.1757965087890625","4.1757965087890625","4.1757965087890625"
"65000","4.006352424621582","4.006352424621582","4.006352424621582","4.325485706329346","4.325485706329346","4.325485706329346","4.127161979675293","4.127161979675293","4.127161979675293"
"65100","4.059802055358887","4.059802055358887","4.059802055358887","4.2565460205078125","4.2565460205078125","4.2565460205078125","3.8618719577789307","3.8618719577789307","3.8618719577789307"
"65200","3.9991087913513184","3.9991087913513184","3.9991087913513184","4.2687788009643555","4.2687788009643555","4.2687788009643555","4.114090442657471","4.114090442657471","4.114090442657471"
"65300","3.9932539463043213","3.9932539463043213","3.9932539463043213","4.010358810424805","4.010358810424805","4.010358810424805","4.110758304595947","4.110758304595947","4.110758304595947"
"65400","4.011839866638184","4.011839866638184","4.011839866638184","4.264304161071777","4.264304161071777","4.264304161071777","3.926668167114258","3.926668167114258","3.926668167114258"
"65500","3.95160174369812","3.95160174369812","3.95160174369812","4.270529747009277","4.270529747009277","4.270529747009277","3.911827564239502","3.911827564239502","3.911827564239502"
"65600","3.793654680252075","3.793654680252075","3.793654680252075","4.167964458465576","4.167964458465576","4.167964458465576","4.092843055725098","4.092843055725098","4.092843055725098"
"65700","3.8597347736358643","3.8597347736358643","3.8597347736358643","4.300435543060303","4.300435543060303","4.300435543060303","4.098485946655273","4.098485946655273","4.098485946655273"
"65800","4.0330810546875","4.0330810546875","4.0330810546875","3.875993251800537","3.875993251800537","3.875993251800537","4.159543037414551","4.159543037414551","4.159543037414551"
"65900","4.069452285766602","4.069452285766602","4.069452285766602","4.14732551574707","4.14732551574707","4.14732551574707","3.907148838043213","3.907148838043213","3.907148838043213"
"66000","3.959261417388916","3.959261417388916","3.959261417388916","4.031253814697266","4.031253814697266","4.031253814697266","3.9274003505706787","3.9274003505706787","3.9274003505706787"
"66100","3.979463577270508","3.979463577270508","3.979463577270508","4.0625433921813965","4.0625433921813965","4.0625433921813965","4.098912715911865","4.098912715911865","4.098912715911865"
"66200","3.673449993133545","3.673449993133545","3.673449993133545","4.296165466308594","4.296165466308594","4.296165466308594","3.754366159439087","3.754366159439087","3.754366159439087"
"66300","3.9420793056488037","3.9420793056488037","3.9420793056488037","4.027646064758301","4.027646064758301","4.027646064758301","4.007499694824219","4.007499694824219","4.007499694824219"
"66400","3.9329724311828613","3.9329724311828613","3.9329724311828613","4.358354091644287","4.358354091644287","4.358354091644287","4.111616611480713","4.111616611480713","4.111616611480713"
"66500","4.030947685241699","4.030947685241699","4.030947685241699","4.2669997215271","4.2669997215271","4.2669997215271","4.118393421173096","4.118393421173096","4.118393421173096"
"66600","3.91007137298584","3.91007137298584","3.91007137298584","3.9180550575256348","3.9180550575256348","3.9180550575256348","4.106485366821289","4.106485366821289","4.106485366821289"
"66700","4.020671367645264","4.020671367645264","4.020671367645264","4.287687301635742","4.287687301635742","4.287687301635742","4.061050891876221","4.061050891876221","4.061050891876221"
"66800","3.9772353172302246","3.9772353172302246","3.9772353172302246","4.227444648742676","4.227444648742676","4.227444648742676","3.842103958129883","3.842103958129883","3.842103958129883"
"66900","3.964231491088867","3.964231491088867","3.964231491088867","4.238856315612793","4.238856315612793","4.238856315612793","4.081434726715088","4.081434726715088","4.081434726715088"
"67000","4.026529788970947","4.026529788970947","4.026529788970947","4.136059761047363","4.136059761047363","4.136059761047363","4.100175380706787","4.100175380706787","4.100175380706787"
"67100","3.9649131298065186","3.9649131298065186","3.9649131298065186","4.258170127868652","4.258170127868652","4.258170127868652","4.015164375305176","4.015164375305176","4.015164375305176"
"67200","3.904815196990967","3.904815196990967","3.904815196990967","4.30042839050293","4.30042839050293","4.30042839050293","4.062317848205566","4.062317848205566","4.062317848205566"
"67300","4.027165412902832","4.027165412902832","4.027165412902832","4.291713714599609","4.291713714599609","4.291713714599609","3.8806238174438477","3.8806238174438477","3.8806238174438477"
"67400","3.870129346847534","3.870129346847534","3.870129346847534","4.271280288696289","4.271280288696289","4.271280288696289","4.085166931152344","4.085166931152344","4.085166931152344"
"67500","3.835840940475464","3.835840940475464","3.835840940475464","4.203934669494629","4.203934669494629","4.203934669494629","4.062319755554199","4.062319755554199","4.062319755554199"
"67600","4.0062150955200195","4.0062150955200195","4.0062150955200195","4.287886142730713","4.287886142730713","4.287886142730713","4.018477916717529","4.018477916717529","4.018477916717529"
"67700","3.846717596054077","3.846717596054077","3.846717596054077","4.335399150848389","4.335399150848389","4.335399150848389","4.059908390045166","4.059908390045166","4.059908390045166"
"67800","3.9587998390197754","3.9587998390197754","3.9587998390197754","4.2724714279174805","4.2724714279174805","4.2724714279174805","3.9910011291503906","3.9910011291503906","3.9910011291503906"
"67900","3.8316385746002197","3.8316385746002197","3.8316385746002197","4.264037132263184","4.264037132263184","4.264037132263184","4.13470983505249","4.13470983505249","4.13470983505249"
"68000","3.9703900814056396","3.9703900814056396","3.9703900814056396","4.033200263977051","4.033200263977051","4.033200263977051","3.820308208465576","3.820308208465576","3.820308208465576"
"68100","3.9056031703948975","3.9056031703948975","3.9056031703948975","4.038410663604736","4.038410663604736","4.038410663604736","3.865784168243408","3.865784168243408","3.865784168243408"
"68200","3.981154203414917","3.981154203414917","3.981154203414917","4.288601875305176","4.288601875305176","4.288601875305176","4.116605281829834","4.116605281829834","4.116605281829834"
"68300","3.974604368209839","3.974604368209839","3.974604368209839","4.1738715171813965","4.1738715171813965","4.1738715171813965","4.131268501281738","4.131268501281738","4.131268501281738"
"68400","4.056183815002441","4.056183815002441","4.056183815002441","4.239786148071289","4.239786148071289","4.239786148071289","4.003334999084473","4.003334999084473","4.003334999084473"
"68500","3.954957962036133","3.954957962036133","3.954957962036133","4.336244583129883","4.336244583129883","4.336244583129883","4.167054176330566","4.167054176330566","4.167054176330566"
"68600","3.9850730895996094","3.9850730895996094","3.9850730895996094","4.151526927947998","4.151526927947998","4.151526927947998","4.089224338531494","4.089224338531494","4.089224338531494"
"68700","4.0290727615356445","4.0290727615356445","4.0290727615356445","4.280941009521484","4.280941009521484","4.280941009521484","4.006959438323975","4.006959438323975","4.006959438323975"
"68800","4.035386085510254","4.035386085510254","4.035386085510254","4.04778528213501","4.04778528213501","4.04778528213501","3.847020149230957","3.847020149230957","3.847020149230957"
"68900","3.844893455505371","3.844893455505371","3.844893455505371","4.339290142059326","4.339290142059326","4.339290142059326","3.9454236030578613","3.9454236030578613","3.9454236030578613"
"69000","3.9468307495117188","3.9468307495117188","3.9468307495117188","4.317296028137207","4.317296028137207","4.317296028137207","4.196139812469482","4.196139812469482","4.196139812469482"
"69100","3.97629451751709","3.97629451751709","3.97629451751709","4.071666240692139","4.071666240692139","4.071666240692139","4.072405815124512","4.072405815124512","4.072405815124512"
"69200","3.9884605407714844","3.9884605407714844","3.9884605407714844","4.035335063934326","4.035335063934326","4.035335063934326","4.156335830688477","4.156335830688477","4.156335830688477"
"69300","3.9723236560821533","3.9723236560821533","3.9723236560821533","4.197368621826172","4.197368621826172","4.197368621826172","4.1362223625183105","4.1362223625183105","4.1362223625183105"
"69400","3.9280388355255127","3.9280388355255127","3.9280388355255127","4.340886116027832","4.340886116027832","4.340886116027832","4.0176520347595215","4.0176520347595215","4.0176520347595215"
"69500","4.01910400390625","4.01910400390625","4.01910400390625","4.277601718902588","4.277601718902588","4.277601718902588","4.083832263946533","4.083832263946533","4.083832263946533"
"69600","3.950233221054077","3.950233221054077","3.950233221054077","4.229550838470459","4.229550838470459","4.229550838470459","3.9526376724243164","3.9526376724243164","3.9526376724243164"
"69700","3.975513219833374","3.975513219833374","3.975513219833374","4.231297492980957","4.231297492980957","4.231297492980957","3.85227632522583","3.85227632522583","3.85227632522583"
"69800","4.015351295471191","4.015351295471191","4.015351295471191","4.081026554107666","4.081026554107666","4.081026554107666","4.097592830657959","4.097592830657959","4.097592830657959"
"69900","4.001632213592529","4.001632213592529","4.001632213592529","4.287856101989746","4.287856101989746","4.287856101989746","4.006300449371338","4.006300449371338","4.006300449371338"
"70000","3.9101314544677734","3.9101314544677734","3.9101314544677734","4.172847270965576","4.172847270965576","4.172847270965576","4.148735523223877","4.148735523223877","4.148735523223877"
"70100","3.9504356384277344","3.9504356384277344","3.9504356384277344","4.046784400939941","4.046784400939941","4.046784400939941","4.131669044494629","4.131669044494629","4.131669044494629"
"70200","4.025698661804199","4.025698661804199","4.025698661804199","4.058842182159424","4.058842182159424","4.058842182159424","4.05080509185791","4.05080509185791","4.05080509185791"
"70300","3.9607653617858887","3.9607653617858887","3.9607653617858887","4.3477959632873535","4.3477959632873535","4.3477959632873535","3.6931140422821045","3.6931140422821045","3.6931140422821045"
"70400","3.96823787689209","3.96823787689209","3.96823787689209","4.066887855529785","4.066887855529785","4.066887855529785","4.1972975730896","4.1972975730896","4.1972975730896"
"70500","4.0180182456970215","4.0180182456970215","4.0180182456970215","4.071800231933594","4.071800231933594","4.071800231933594","4.080849647521973","4.080849647521973","4.080849647521973"
"70600","4.037722587585449","4.037722587585449","4.037722587585449","4.03678035736084","4.03678035736084","4.03678035736084","3.974656343460083","3.974656343460083","3.974656343460083"
"70700","3.9635567665100098","3.9635567665100098","3.9635567665100098","4.352396488189697","4.352396488189697","4.352396488189697","4.069106101989746","4.069106101989746","4.069106101989746"
"70800","3.972888946533203","3.972888946533203","3.972888946533203","4.116305828094482","4.116305828094482","4.116305828094482","3.891911745071411","3.891911745071411","3.891911745071411"
"70900","4.028989791870117","4.028989791870117","4.028989791870117","4.225823879241943","4.225823879241943","4.225823879241943","4.10385799407959","4.10385799407959","4.10385799407959"
"71000","3.8526997566223145","3.8526997566223145","3.8526997566223145","4.296755313873291","4.296755313873291","4.296755313873291","4.049138069152832","4.049138069152832","4.049138069152832"
"71100","3.7641143798828125","3.7641143798828125","3.7641143798828125","4.078526973724365","4.078526973724365","4.078526973724365","3.924039602279663","3.924039602279663","3.924039602279663"
"71200","3.981959819793701","3.981959819793701","3.981959819793701","4.271610260009766","4.271610260009766","4.271610260009766","4.033758163452148","4.033758163452148","4.033758163452148"
"71300","3.94876766204834","3.94876766204834","3.94876766204834","4.182618141174316","4.182618141174316","4.182618141174316","4.150937080383301","4.150937080383301","4.150937080383301"
"71400","3.9618167877197266","3.9618167877197266","3.9618167877197266","4.0585036277771","4.0585036277771","4.0585036277771","4.053946495056152","4.053946495056152","4.053946495056152"
"71500","3.845459222793579","3.845459222793579","3.845459222793579","4.035670757293701","4.035670757293701","4.035670757293701","4.102288722991943","4.102288722991943","4.102288722991943"
"71600","3.9886932373046875","3.9886932373046875","3.9886932373046875","4.041807174682617","4.041807174682617","4.041807174682617","4.035377025604248","4.035377025604248","4.035377025604248"
"71700","3.9798049926757812","3.9798049926757812","3.9798049926757812","4.314690589904785","4.314690589904785","4.314690589904785","4.037483215332031","4.037483215332031","4.037483215332031"
"71800","3.978356122970581","3.978356122970581","3.978356122970581","4.267552852630615","4.267552852630615","4.267552852630615","4.034008502960205","4.034008502960205","4.034008502960205"
"71900","3.914462089538574","3.914462089538574","3.914462089538574","3.975491762161255","3.975491762161255","3.975491762161255","4.04798698425293","4.04798698425293","4.04798698425293"
"72000","3.948697566986084","3.948697566986084","3.948697566986084","4.296298027038574","4.296298027038574","4.296298027038574","4.0863261222839355","4.0863261222839355","4.0863261222839355"
"72100","3.7310538291931152","3.7310538291931152","3.7310538291931152","4.262762069702148","4.262762069702148","4.262762069702148","4.056900501251221","4.056900501251221","4.056900501251221"
"72200","3.9531948566436768","3.9531948566436768","3.9531948566436768","4.322396278381348","4.322396278381348","4.322396278381348","4.165889739990234","4.165889739990234","4.165889739990234"
"72300","3.9872584342956543","3.9872584342956543","3.9872584342956543","4.17846155166626","4.17846155166626","4.17846155166626","4.077663898468018","4.077663898468018","4.077663898468018"
"72400","4.047213554382324","4.047213554382324","4.047213554382324","4.262932777404785","4.262932777404785","4.262932777404785","4.0971479415893555","4.0971479415893555","4.0971479415893555"
"72500","3.951413631439209","3.951413631439209","3.951413631439209","4.332771301269531","4.332771301269531","4.332771301269531","3.972268581390381","3.972268581390381","3.972268581390381"
"72600","4.100226879119873","4.100226879119873","4.100226879119873","4.219780921936035","4.219780921936035","4.219780921936035","4.069253921508789","4.069253921508789","4.069253921508789"
"72700","3.8355953693389893","3.8355953693389893","3.8355953693389893","4.2449445724487305","4.2449445724487305","4.2449445724487305","4.11936092376709","4.11936092376709","4.11936092376709"
"72800","4.056727409362793","4.056727409362793","4.056727409362793","4.283225059509277","4.283225059509277","4.283225059509277","3.747124195098877","3.747124195098877","3.747124195098877"
"72900","3.9939706325531006","3.9939706325531006","3.9939706325531006","4.083862781524658","4.083862781524658","4.083862781524658","3.9038803577423096","3.9038803577423096","3.9038803577423096"
"73000","3.967576026916504","3.967576026916504","3.967576026916504","4.203073501586914","4.203073501586914","4.203073501586914","3.838555335998535","3.838555335998535","3.838555335998535"
"73100","3.8758068084716797","3.8758068084716797","3.8758068084716797","4.1816325187683105","4.1816325187683105","4.1816325187683105","4.113134860992432","4.113134860992432","4.113134860992432"
"73200","4.024469375610352","4.024469375610352","4.024469375610352","4.228661060333252","4.228661060333252","4.228661060333252","4.16020393371582","4.16020393371582","4.16020393371582"
"73300","3.990175485610962","3.990175485610962","3.990175485610962","4.010967254638672","4.010967254638672","4.010967254638672","4.028690814971924","4.028690814971924","4.028690814971924"
"73400","4.004727363586426","4.004727363586426","4.004727363586426","4.290634632110596","4.290634632110596","4.290634632110596","3.992753505706787","3.992753505706787","3.992753505706787"
"73500","3.9748260974884033","3.9748260974884033","3.9748260974884033","4.320158958435059","4.320158958435059","4.320158958435059","4.1517133712768555","4.1517133712768555","4.1517133712768555"
"73600","3.799513101577759","3.799513101577759","3.799513101577759","4.1474785804748535","4.1474785804748535","4.1474785804748535","3.9103035926818848","3.9103035926818848","3.9103035926818848"
"73700","3.9429426193237305","3.9429426193237305","3.9429426193237305","4.000111103057861","4.000111103057861","4.000111103057861","4.172268867492676","4.172268867492676","4.172268867492676"
"73800","4.044750690460205","4.044750690460205","4.044750690460205","4.224952697753906","4.224952697753906","4.224952697753906","4.155463218688965","4.155463218688965","4.155463218688965"
"73900","4.058706283569336","4.058706283569336","4.058706283569336","4.2911834716796875","4.2911834716796875","4.2911834716796875","3.726769208908081","3.726769208908081","3.726769208908081"
"74000","3.9770829677581787","3.9770829677581787","3.9770829677581787","4.285125732421875","4.285125732421875","4.285125732421875","3.8886146545410156","3.8886146545410156","3.8886146545410156"
"74100","4.0079803466796875","4.0079803466796875","4.0079803466796875","4.309226036071777","4.309226036071777","4.309226036071777","4.061638355255127","4.061638355255127","4.061638355255127"
"74200","3.765308141708374","3.765308141708374","3.765308141708374","3.9021921157836914","3.9021921157836914","3.9021921157836914","3.870650291442871","3.870650291442871","3.870650291442871"
"74300","3.979583978652954","3.979583978652954","3.979583978652954","4.229686737060547","4.229686737060547","4.229686737060547","4.041558742523193","4.041558742523193","4.041558742523193"
"74400","4.032594680786133","4.032594680786133","4.032594680786133","4.287012100219727","4.287012100219727","4.287012100219727","4.048033237457275","4.048033237457275","4.048033237457275"
"74500","3.869352340698242","3.869352340698242","3.869352340698242","4.30490779876709","4.30490779876709","4.30490779876709","4.095942974090576","4.095942974090576","4.095942974090576"
"74600","4.029648303985596","4.029648303985596","4.029648303985596","4.074956893920898","4.074956893920898","4.074956893920898","4.074233055114746","4.074233055114746","4.074233055114746"
"74700","3.917619228363037","3.917619228363037","3.917619228363037","4.1793107986450195","4.1793107986450195","4.1793107986450195","4.1533589363098145","4.1533589363098145","4.1533589363098145"
"74800","3.9381203651428223","3.9381203651428223","3.9381203651428223","4.249895095825195","4.249895095825195","4.249895095825195","4.139300346374512","4.139300346374512","4.139300346374512"
"74900","3.8288044929504395","3.8288044929504395","3.8288044929504395","4.006649971008301","4.006649971008301","4.006649971008301","3.977823257446289","3.977823257446289","3.977823257446289"
"75000","3.930687189102173","3.930687189102173","3.930687189102173","4.349695205688477","4.349695205688477","4.349695205688477","4.1529035568237305","4.1529035568237305","4.1529035568237305"
"75100","3.984567880630493","3.984567880630493","3.984567880630493","4.2828192710876465","4.2828192710876465","4.2828192710876465","4.103948593139648","4.103948593139648","4.103948593139648"
"75200","4.046492576599121","4.046492576599121","4.046492576599121","4.2631988525390625","4.2631988525390625","4.2631988525390625","4.157772064208984","4.157772064208984","4.157772064208984"
"75300","3.9311091899871826","3.9311091899871826","3.9311091899871826","4.001228332519531","4.001228332519531","4.001228332519531","3.838212013244629","3.838212013244629","3.838212013244629"
"75400","3.99391508102417","3.99391508102417","3.99391508102417","4.1799821853637695","4.1799821853637695","4.1799821853637695","4.110904693603516","4.110904693603516","4.110904693603516"
"75500","3.8257408142089844","3.8257408142089844","3.8257408142089844","4.310196876525879","4.310196876525879","4.310196876525879","4.032925128936768","4.032925128936768","4.032925128936768"
"75600","3.8744254112243652","3.8744254112243652","3.8744254112243652","4.239648342132568","4.239648342132568","4.239648342132568","3.84173583984375","3.84173583984375","3.84173583984375"
"75700","3.78672194480896","3.78672194480896","3.78672194480896","4.2178778648376465","4.2178778648376465","4.2178778648376465","3.925372362136841","3.925372362136841","3.925372362136841"
"75800","3.9794344902038574","3.9794344902038574","3.9794344902038574","4.249926567077637","4.249926567077637","4.249926567077637","4.081751823425293","4.081751823425293","4.081751823425293"
"75900","3.9164962768554688","3.9164962768554688","3.9164962768554688","4.242557048797607","4.242557048797607","4.242557048797607","4.126925945281982","4.126925945281982","4.126925945281982"
"76000","3.806734800338745","3.806734800338745","3.806734800338745","4.269015312194824","4.269015312194824","4.269015312194824","4.292090892791748","4.292090892791748","4.292090892791748"
"76100","3.764317750930786","3.764317750930786","3.764317750930786","4.26275110244751","4.26275110244751","4.26275110244751","4.172544002532959","4.172544002532959","4.172544002532959"
"76200","3.9088382720947266","3.9088382720947266","3.9088382720947266","3.879718780517578","3.879718780517578","3.879718780517578","3.8520126342773438","3.8520126342773438","3.8520126342773438"
"76300","3.8351802825927734","3.8351802825927734","3.8351802825927734","4.253264427185059","4.253264427185059","4.253264427185059","3.895386219024658","3.895386219024658","3.895386219024658"
"76400","3.9706664085388184","3.9706664085388184","3.9706664085388184","4.353362560272217","4.353362560272217","4.353362560272217","4.253602981567383","4.253602981567383","4.253602981567383"
"76500","3.934725284576416","3.934725284576416","3.934725284576416","4.032883644104004","4.032883644104004","4.032883644104004","4.027217864990234","4.027217864990234","4.027217864990234"
"76600","3.8346190452575684","3.8346190452575684","3.8346190452575684","4.259095668792725","4.259095668792725","4.259095668792725","4.091701984405518","4.091701984405518","4.091701984405518"
"76700","3.8282787799835205","3.8282787799835205","3.8282787799835205","4.330305576324463","4.330305576324463","4.330305576324463","4.1457438468933105","4.1457438468933105","4.1457438468933105"
"76800","3.95341157913208","3.95341157913208","3.95341157913208","4.277225494384766","4.277225494384766","4.277225494384766","3.9378018379211426","3.9378018379211426","3.9378018379211426"
"76900","3.9856696128845215","3.9856696128845215","3.9856696128845215","4.311169624328613","4.311169624328613","4.311169624328613","3.7435340881347656","3.7435340881347656","3.7435340881347656"
"77000","3.8547253608703613","3.8547253608703613","3.8547253608703613","4.111828804016113","4.111828804016113","4.111828804016113","4.0912628173828125","4.0912628173828125","4.0912628173828125"
"77100","3.9330716133117676","3.9330716133117676","3.9330716133117676","4.306139945983887","4.306139945983887","4.306139945983887","4.009702205657959","4.009702205657959","4.009702205657959"
"77200","3.834977149963379","3.834977149963379","3.834977149963379","4.046661853790283","4.046661853790283","4.046661853790283","4.111770153045654","4.111770153045654","4.111770153045654"
"77300","3.962489128112793","3.962489128112793","3.962489128112793","4.321654319763184","4.321654319763184","4.321654319763184","4.020390510559082","4.020390510559082","4.020390510559082"
"77400","3.886384963989258","3.886384963989258","3.886384963989258","4.154812812805176","4.154812812805176","4.154812812805176","3.9292802810668945","3.9292802810668945","3.9292802810668945"
"77500","4.042346954345703","4.042346954345703","4.042346954345703","4.037572860717773","4.037572860717773","4.037572860717773","3.9964427947998047","3.9964427947998047","3.9964427947998047"
"77600","3.896972894668579","3.896972894668579","3.896972894668579","4.067770004272461","4.067770004272461","4.067770004272461","4.057581901550293","4.057581901550293","4.057581901550293"
"77700","3.938415288925171","3.938415288925171","3.938415288925171","4.269145965576172","4.269145965576172","4.269145965576172","3.905639886856079","3.905639886856079","3.905639886856079"
"77800","3.9897003173828125","3.9897003173828125","3.9897003173828125","4.292576789855957","4.292576789855957","4.292576789855957","4.001684665679932","4.001684665679932","4.001684665679932"
"77900","3.7887017726898193","3.7887017726898193","3.7887017726898193","4.289273738861084","4.289273738861084","4.289273738861084","4.06982946395874","4.06982946395874","4.06982946395874"
"78000","3.999948024749756","3.999948024749756","3.999948024749756","4.216824054718018","4.216824054718018","4.216824054718018","4.22556209564209","4.22556209564209","4.22556209564209"
"78100","3.955049991607666","3.955049991607666","3.955049991607666","4.21887731552124","4.21887731552124","4.21887731552124","4.087680816650391","4.087680816650391","4.087680816650391"
"78200","3.7972183227539062","3.7972183227539062","3.7972183227539062","4.205672264099121","4.205672264099121","4.205672264099121","4.0626020431518555","4.0626020431518555","4.0626020431518555"
"78300","4.058460712432861","4.058460712432861","4.058460712432861","4.218164920806885","4.218164920806885","4.218164920806885","3.8825464248657227","3.8825464248657227","3.8825464248657227"
"78400","3.9259114265441895","3.9259114265441895","3.9259114265441895","4.20988130569458","4.20988130569458","4.20988130569458","4.01591682434082","4.01591682434082","4.01591682434082"
"78500","3.7877819538116455","3.7877819538116455","3.7877819538116455","3.999204635620117","3.999204635620117","3.999204635620117","4.070101737976074","4.070101737976074","4.070101737976074"
"78600","3.981351137161255","3.981351137161255","3.981351137161255","4.313838005065918","4.313838005065918","4.313838005065918","4.089685916900635","4.089685916900635","4.089685916900635"
"78700","3.9617230892181396","3.9617230892181396","3.9617230892181396","4.269729137420654","4.269729137420654","4.269729137420654","4.17494535446167","4.17494535446167","4.17494535446167"
"78800","3.948157787322998","3.948157787322998","3.948157787322998","4.234169006347656","4.234169006347656","4.234169006347656","4.026015758514404","4.026015758514404","4.026015758514404"
"78900","4.021073341369629","4.021073341369629","4.021073341369629","4.240250587463379","4.240250587463379","4.240250587463379","4.173590660095215","4.173590660095215","4.173590660095215"
"79000","3.8229219913482666","3.8229219913482666","3.8229219913482666","4.042293548583984","4.042293548583984","4.042293548583984","4.08322286605835","4.08322286605835","4.08322286605835"
"79100","3.962843418121338","3.962843418121338","3.962843418121338","3.996427536010742","3.996427536010742","3.996427536010742","4.168768405914307","4.168768405914307","4.168768405914307"
"79200","4.003563404083252","4.003563404083252","4.003563404083252","3.756373882293701","3.756373882293701","3.756373882293701","3.9417128562927246","3.9417128562927246","3.9417128562927246"
"79300","3.935605049133301","3.935605049133301","3.935605049133301","4.216228485107422","4.216228485107422","4.216228485107422","3.846349000930786","3.846349000930786","3.846349000930786"
"79400","3.9992051124572754","3.9992051124572754","3.9992051124572754","4.2742791175842285","4.2742791175842285","4.2742791175842285","4.17274808883667","4.17274808883667","4.17274808883667"
"79500","4.011343955993652","4.011343955993652","4.011343955993652","4.223614692687988","4.223614692687988","4.223614692687988","4.0481181144714355","4.0481181144714355","4.0481181144714355"
"79600","3.9399051666259766","3.9399051666259766","3.9399051666259766","4.358468055725098","4.358468055725098","4.358468055725098","3.975526809692383","3.975526809692383","3.975526809692383"
"79700","3.6811554431915283","3.6811554431915283","3.6811554431915283","4.070211887359619","4.070211887359619","4.070211887359619","4.056013584136963","4.056013584136963","4.056013584136963"
"79800","3.9043402671813965","3.9043402671813965","3.9043402671813965","4.279061794281006","4.279061794281006","4.279061794281006","3.935595989227295","3.935595989227295","3.935595989227295"
"79900","3.9890005588531494","3.9890005588531494","3.9890005588531494","3.812279224395752","3.812279224395752","3.812279224395752","4.100244522094727","4.100244522094727","4.100244522094727"
"80000","3.931248426437378","3.931248426437378","3.931248426437378","4.288629531860352","4.288629531860352","4.288629531860352","3.7339179515838623","3.7339179515838623","3.7339179515838623"
"80100","3.923487901687622","3.923487901687622","3.923487901687622","4.296207904815674","4.296207904815674","4.296207904815674","3.9892940521240234","3.9892940521240234","3.9892940521240234"
"80200","3.8913230895996094","3.8913230895996094","3.8913230895996094","4.277529239654541","4.277529239654541","4.277529239654541","4.001161575317383","4.001161575317383","4.001161575317383"
"80300","3.8955063819885254","3.8955063819885254","3.8955063819885254","4.344015121459961","4.344015121459961","4.344015121459961","4.082669258117676","4.082669258117676","4.082669258117676"
"80400","4.0318684577941895","4.0318684577941895","4.0318684577941895","4.328334808349609","4.328334808349609","4.328334808349609","3.8420944213867188","3.8420944213867188","3.8420944213867188"
"80500","3.9090781211853027","3.9090781211853027","3.9090781211853027","4.076802730560303","4.076802730560303","4.076802730560303","4.093782901763916","4.093782901763916","4.093782901763916"
"80600","3.9461467266082764","3.9461467266082764","3.9461467266082764","4.318737506866455","4.318737506866455","4.318737506866455","4.0163893699646","4.0163893699646","4.0163893699646"
"80700","3.776240587234497","3.776240587234497","3.776240587234497","4.277123928070068","4.277123928070068","4.277123928070068","4.189321041107178","4.189321041107178","4.189321041107178"
"80800","3.912247896194458","3.912247896194458","3.912247896194458","4.039549827575684","4.039549827575684","4.039549827575684","4.103590488433838","4.103590488433838","4.103590488433838"
"80900","4.022692680358887","4.022692680358887","4.022692680358887","4.214477062225342","4.214477062225342","4.214477062225342","4.145885467529297","4.145885467529297","4.145885467529297"
"81000","3.816701650619507","3.816701650619507","3.816701650619507","4.218510627746582","4.218510627746582","4.218510627746582","4.071896076202393","4.071896076202393","4.071896076202393"
"81100","3.994135618209839","3.994135618209839","3.994135618209839","4.371441841125488","4.371441841125488","4.371441841125488","4.087506294250488","4.087506294250488","4.087506294250488"
"81200","4.0323662757873535","4.0323662757873535","4.0323662757873535","4.0250444412231445","4.0250444412231445","4.0250444412231445","3.8945982456207275","3.8945982456207275","3.8945982456207275"
"81300","3.9309322834014893","3.9309322834014893","3.9309322834014893","4.251834869384766","4.251834869384766","4.251834869384766","3.9643020629882812","3.9643020629882812","3.9643020629882812"
"81400","3.918201208114624","3.918201208114624","3.918201208114624","4.120726108551025","4.120726108551025","4.120726108551025","3.798851728439331","3.798851728439331","3.798851728439331"
"81500","4.044124126434326","4.044124126434326","4.044124126434326","4.2374773025512695","4.2374773025512695","4.2374773025512695","4.050995826721191","4.050995826721191","4.050995826721191"
"81600","3.9275999069213867","3.9275999069213867","3.9275999069213867","4.200257301330566","4.200257301330566","4.200257301330566","3.7745962142944336","3.7745962142944336","3.7745962142944336"
"81700","3.8631958961486816","3.8631958961486816","3.8631958961486816","4.032010078430176","4.032010078430176","4.032010078430176","3.824376106262207","3.824376106262207","3.824376106262207"
"81800","3.93304443359375","3.93304443359375","3.93304443359375","4.176074981689453","4.176074981689453","4.176074981689453","3.9859089851379395","3.9859089851379395","3.9859089851379395"
"81900","3.828310966491699","3.828310966491699","3.828310966491699","4.272028923034668","4.272028923034668","4.272028923034668","3.7966060638427734","3.7966060638427734","3.7966060638427734"
"82000","3.895906925201416","3.895906925201416","3.895906925201416","4.284754276275635","4.284754276275635","4.284754276275635","4.033907890319824","4.033907890319824","4.033907890319824"
"82100","3.9007723331451416","3.9007723331451416","3.9007723331451416","4.202005863189697","4.202005863189697","4.202005863189697","3.9420595169067383","3.9420595169067383","3.9420595169067383"
"82200","3.9857847690582275","3.9857847690582275","3.9857847690582275","4.057298183441162","4.057298183441162","4.057298183441162","4.015470027923584","4.015470027923584","4.015470027923584"
"82300","3.8983302116394043","3.8983302116394043","3.8983302116394043","3.9620871543884277","3.9620871543884277","3.9620871543884277","3.907413959503174","3.907413959503174","3.907413959503174"
"82400","4.007525444030762","4.007525444030762","4.007525444030762","4.208946704864502","4.208946704864502","4.208946704864502","4.151557922363281","4.151557922363281","4.151557922363281"
"82500","3.825366973876953","3.825366973876953","3.825366973876953","4.216985702514648","4.216985702514648","4.216985702514648","4.088491439819336","4.088491439819336","4.088491439819336"
"82600","3.925873279571533","3.925873279571533","3.925873279571533","4.20405387878418","4.20405387878418","4.20405387878418","3.9812514781951904","3.9812514781951904","3.9812514781951904"
"82700","3.992262840270996","3.992262840270996","3.992262840270996","4.027239799499512","4.027239799499512","4.027239799499512","4.068431854248047","4.068431854248047","4.068431854248047"
"82800","3.9658572673797607","3.9658572673797607","3.9658572673797607","4.219289779663086","4.219289779663086","4.219289779663086","4.037018299102783","4.037018299102783","4.037018299102783"
"82900","3.9793074131011963","3.9793074131011963","3.9793074131011963","4.126371383666992","4.126371383666992","4.126371383666992","3.9172704219818115","3.9172704219818115","3.9172704219818115"
"83000","3.9183199405670166","3.9183199405670166","3.9183199405670166","4.286351680755615","4.286351680755615","4.286351680755615","4.115612506866455","4.115612506866455","4.115612506866455"
"83100","3.9223580360412598","3.9223580360412598","3.9223580360412598","4.26197624206543","4.26197624206543","4.26197624206543","4.011312961578369","4.011312961578369","4.011312961578369"
"83200","4.011369228363037","4.011369228363037","4.011369228363037","4.223945140838623","4.223945140838623","4.223945140838623","4.108325481414795","4.108325481414795","4.108325481414795"
"83300","3.993652820587158","3.993652820587158","3.993652820587158","3.930776357650757","3.930776357650757","3.930776357650757","3.7787516117095947","3.7787516117095947","3.7787516117095947"
"83400","4.044276714324951","4.044276714324951","4.044276714324951","4.1303582191467285","4.1303582191467285","4.1303582191467285","3.831888198852539","3.831888198852539","3.831888198852539"
"83500","3.9142134189605713","3.9142134189605713","3.9142134189605713","3.9750068187713623","3.9750068187713623","3.9750068187713623","4.051661014556885","4.051661014556885","4.051661014556885"
"83600","3.974806547164917","3.974806547164917","3.974806547164917","4.237924098968506","4.237924098968506","4.237924098968506","4.031229019165039","4.031229019165039","4.031229019165039"
"83700","3.8672375679016113","3.8672375679016113","3.8672375679016113","4.25819206237793","4.25819206237793","4.25819206237793","3.737234354019165","3.737234354019165","3.737234354019165"
"83800","3.863024950027466","3.863024950027466","3.863024950027466","4.237716197967529","4.237716197967529","4.237716197967529","4.024462699890137","4.024462699890137","4.024462699890137"
"83900","4.061001300811768","4.061001300811768","4.061001300811768","4.2698588371276855","4.2698588371276855","4.2698588371276855","4.098819255828857","4.098819255828857","4.098819255828857"
"84000","3.9208805561065674","3.9208805561065674","3.9208805561065674","4.247091770172119","4.247091770172119","4.247091770172119","4.019979953765869","4.019979953765869","4.019979953765869"
"84100","4.002074241638184","4.002074241638184","4.002074241638184","4.259128093719482","4.259128093719482","4.259128093719482","4.111950874328613","4.111950874328613","4.111950874328613"
"84200","3.82279896736145","3.82279896736145","3.82279896736145","4.165853500366211","4.165853500366211","4.165853500366211","4.009648323059082","4.009648323059082","4.009648323059082"
"84300","3.8126561641693115","3.8126561641693115","3.8126561641693115","4.290896892547607","4.290896892547607","4.290896892547607","3.9671995639801025","3.9671995639801025","3.9671995639801025"
"84400","3.9939022064208984","3.9939022064208984","3.9939022064208984","3.9488134384155273","3.9488134384155273","3.9488134384155273","3.836577892303467","3.836577892303467","3.836577892303467"
"84500","3.9782426357269287","3.9782426357269287","3.9782426357269287","4.009639263153076","4.009639263153076","4.009639263153076","3.871367931365967","3.871367931365967","3.871367931365967"
"84600","3.6110751628875732","3.6110751628875732","3.6110751628875732","3.8537464141845703","3.8537464141845703","3.8537464141845703","4.1420488357543945","4.1420488357543945","4.1420488357543945"
"84700","3.9510128498077393","3.9510128498077393","3.9510128498077393","4.0341291427612305","4.0341291427612305","4.0341291427612305","4.128420352935791","4.128420352935791","4.128420352935791"
"84800","3.989851236343384","3.989851236343384","3.989851236343384","3.9711506366729736","3.9711506366729736","3.9711506366729736","3.707392930984497","3.707392930984497","3.707392930984497"
"84900","3.9443135261535645","3.9443135261535645","3.9443135261535645","4.095794677734375","4.095794677734375","4.095794677734375","4.0092902183532715","4.0092902183532715","4.0092902183532715"
"85000","3.8147740364074707","3.8147740364074707","3.8147740364074707","4.278530120849609","4.278530120849609","4.278530120849609","4.090541839599609","4.090541839599609","4.090541839599609"
"85100","3.817080020904541","3.817080020904541","3.817080020904541","4.285338401794434","4.285338401794434","4.285338401794434","4.028532981872559","4.028532981872559","4.028532981872559"
"85200","3.764849901199341","3.764849901199341","3.764849901199341","4.061465263366699","4.061465263366699","4.061465263366699","3.9917259216308594","3.9917259216308594","3.9917259216308594"
"85300","3.9326000213623047","3.9326000213623047","3.9326000213623047","4.067647457122803","4.067647457122803","4.067647457122803","3.5787205696105957","3.5787205696105957","3.5787205696105957"
"85400","3.7185616493225098","3.7185616493225098","3.7185616493225098","4.303518295288086","4.303518295288086","4.303518295288086","3.9493370056152344","3.9493370056152344","3.9493370056152344"
"85500","3.8284740447998047","3.8284740447998047","3.8284740447998047","4.255860805511475","4.255860805511475","4.255860805511475","4.0228962898254395","4.0228962898254395","4.0228962898254395"
"85600","3.9314403533935547","3.9314403533935547","3.9314403533935547","3.9773902893066406","3.9773902893066406","3.9773902893066406","3.777008533477783","3.777008533477783","3.777008533477783"
"85700","4.057304859161377","4.057304859161377","4.057304859161377","4.328577995300293","4.328577995300293","4.328577995300293","4.140527248382568","4.140527248382568","4.140527248382568"
"85800","4.012531280517578","4.012531280517578","4.012531280517578","4.276005744934082","4.276005744934082","4.276005744934082","3.8564095497131348","3.8564095497131348","3.8564095497131348"
"85900","3.9905247688293457","3.9905247688293457","3.9905247688293457","3.995720863342285","3.995720863342285","3.995720863342285","4.0641865730285645","4.0641865730285645","4.0641865730285645"
"86000","3.9400224685668945","3.9400224685668945","3.9400224685668945","4.210784912109375","4.210784912109375","4.210784912109375","4.142609596252441","4.142609596252441","4.142609596252441"
"86100","3.662282943725586","3.662282943725586","3.662282943725586","4.25326681137085","4.25326681137085","4.25326681137085","3.9829671382904053","3.9829671382904053","3.9829671382904053"
"86200","3.93196439743042","3.93196439743042","3.93196439743042","3.9171130657196045","3.9171130657196045","3.9171130657196045","3.967987537384033","3.967987537384033","3.967987537384033"
"86300","4.021799564361572","4.021799564361572","4.021799564361572","4.027771472930908","4.027771472930908","4.027771472930908","3.9423916339874268","3.9423916339874268","3.9423916339874268"
"86400","3.929810047149658","3.929810047149658","3.929810047149658","4.217315673828125","4.217315673828125","4.217315673828125","4.189085960388184","4.189085960388184","4.189085960388184"
"86500","4.006239891052246","4.006239891052246","4.006239891052246","4.230435371398926","4.230435371398926","4.230435371398926","4.123694896697998","4.123694896697998","4.123694896697998"
"86600","3.9369683265686035","3.9369683265686035","3.9369683265686035","3.8138279914855957","3.8138279914855957","3.8138279914855957","4.071249961853027","4.071249961853027","4.071249961853027"
"86700","3.9489057064056396","3.9489057064056396","3.9489057064056396","4.263510227203369","4.263510227203369","4.263510227203369","4.086557865142822","4.086557865142822","4.086557865142822"
"86800","3.9690988063812256","3.9690988063812256","3.9690988063812256","4.36926794052124","4.36926794052124","4.36926794052124","4.063165664672852","4.063165664672852","4.063165664672852"
"86900","3.8950510025024414","3.8950510025024414","3.8950510025024414","4.161469459533691","4.161469459533691","4.161469459533691","4.147096633911133","4.147096633911133","4.147096633911133"
"87000","3.86007022857666","3.86007022857666","3.86007022857666","4.2350335121154785","4.2350335121154785","4.2350335121154785","4.084866523742676","4.084866523742676","4.084866523742676"
"87100","4.037763595581055","4.037763595581055","4.037763595581055","4.272033214569092","4.272033214569092","4.272033214569092","3.949061393737793","3.949061393737793","3.949061393737793"
"87200","3.9457712173461914","3.9457712173461914","3.9457712173461914","4.237733840942383","4.237733840942383","4.237733840942383","3.9746813774108887","3.9746813774108887","3.9746813774108887"
"87300","3.806260108947754","3.806260108947754","3.806260108947754","4.043529510498047","4.043529510498047","4.043529510498047","3.884723424911499","3.884723424911499","3.884723424911499"
"87400","4.031818866729736","4.031818866729736","4.031818866729736","4.204869747161865","4.204869747161865","4.204869747161865","4.025738716125488","4.025738716125488","4.025738716125488"
"87500","3.9481048583984375","3.9481048583984375","3.9481048583984375","4.111824035644531","4.111824035644531","4.111824035644531","3.8637399673461914","3.8637399673461914","3.8637399673461914"
"87600","3.983569622039795","3.983569622039795","3.983569622039795","4.114936351776123","4.114936351776123","4.114936351776123","4.103501796722412","4.103501796722412","4.103501796722412"
"87700","4.018034934997559","4.018034934997559","4.018034934997559","4.251162052154541","4.251162052154541","4.251162052154541","3.851414680480957","3.851414680480957","3.851414680480957"
"87800","3.9217982292175293","3.9217982292175293","3.9217982292175293","4.1140642166137695","4.1140642166137695","4.1140642166137695","3.9462504386901855","3.9462504386901855","3.9462504386901855"
"87900","3.9998552799224854","3.9998552799224854","3.9998552799224854","4.2202677726745605","4.2202677726745605","4.2202677726745605","3.9724349975585938","3.9724349975585938","3.9724349975585938"
"88000","3.787703514099121","3.787703514099121","3.787703514099121","4.196090221405029","4.196090221405029","4.196090221405029","3.928767681121826","3.928767681121826","3.928767681121826"
"88100","3.961608409881592","3.961608409881592","3.961608409881592","4.223015785217285","4.223015785217285","4.223015785217285","4.063960075378418","4.063960075378418","4.063960075378418"
"88200","4.002597808837891","4.002597808837891","4.002597808837891","3.8472704887390137","3.8472704887390137","3.8472704887390137","3.717059850692749","3.717059850692749","3.717059850692749"
"88300","3.949983596801758","3.949983596801758","3.949983596801758","4.235716819763184","4.235716819763184","4.235716819763184","3.8553295135498047","3.8553295135498047","3.8553295135498047"
"88400","3.9955787658691406","3.9955787658691406","3.9955787658691406","4.309439659118652","4.309439659118652","4.309439659118652","4.124296188354492","4.124296188354492","4.124296188354492"
"88500","3.782561779022217","3.782561779022217","3.782561779022217","4.106343746185303","4.106343746185303","4.106343746185303","3.8019375801086426","3.8019375801086426","3.8019375801086426"
"88600","3.9603002071380615","3.9603002071380615","3.9603002071380615","4.292796611785889","4.292796611785889","4.292796611785889","3.7912120819091797","3.7912120819091797","3.7912120819091797"
"88700","3.794618606567383","3.794618606567383","3.794618606567383","4.060274600982666","4.060274600982666","4.060274600982666","4.009969234466553","4.009969234466553","4.009969234466553"
"88800","3.9153053760528564","3.9153053760528564","3.9153053760528564","4.243812084197998","4.243812084197998","4.243812084197998","4.084249496459961","4.084249496459961","4.084249496459961"
"88900","3.9119200706481934","3.9119200706481934","3.9119200706481934","4.29465913772583","4.29465913772583","4.29465913772583","4.075405120849609","4.075405120849609","4.075405120849609"
"89000","3.808457374572754","3.808457374572754","3.808457374572754","4.2501702308654785","4.2501702308654785","4.2501702308654785","4.026307582855225","4.026307582855225","4.026307582855225"
"89100","3.981743335723877","3.981743335723877","3.981743335723877","4.272111892700195","4.272111892700195","4.272111892700195","4.110004425048828","4.110004425048828","4.110004425048828"
"89200","3.919851541519165","3.919851541519165","3.919851541519165","4.339111328125","4.339111328125","4.339111328125","4.112836837768555","4.112836837768555","4.112836837768555"
"89300","3.906431198120117","3.906431198120117","3.906431198120117","4.228139877319336","4.228139877319336","4.228139877319336","4.11574125289917","4.11574125289917","4.11574125289917"
"89400","3.8126606941223145","3.8126606941223145","3.8126606941223145","4.2734527587890625","4.2734527587890625","4.2734527587890625","3.9875216484069824","3.9875216484069824","3.9875216484069824"
"89500","3.9771528244018555","3.9771528244018555","3.9771528244018555","4.1984477043151855","4.1984477043151855","4.1984477043151855","4.095113277435303","4.095113277435303","4.095113277435303"
"89600","4.032401084899902","4.032401084899902","4.032401084899902","4.1753764152526855","4.1753764152526855","4.1753764152526855","4.208754539489746","4.208754539489746","4.208754539489746"
"89700","3.9083142280578613","3.9083142280578613","3.9083142280578613","4.274849891662598","4.274849891662598","4.274849891662598","4.041756629943848","4.041756629943848","4.041756629943848"
"89800","3.9168319702148438","3.9168319702148438","3.9168319702148438","4.29018497467041","4.29018497467041","4.29018497467041","4.153996467590332","4.153996467590332","4.153996467590332"
"89900","3.9100279808044434","3.9100279808044434","3.9100279808044434","4.113971710205078","4.113971710205078","4.113971710205078","4.117093086242676","4.117093086242676","4.117093086242676"
"90000","3.9252257347106934","3.9252257347106934","3.9252257347106934","4.02064847946167","4.02064847946167","4.02064847946167","3.7842893600463867","3.7842893600463867","3.7842893600463867"
"90100","3.8639767169952393","3.8639767169952393","3.8639767169952393","4.290687084197998","4.290687084197998","4.290687084197998","3.695106267929077","3.695106267929077","3.695106267929077"
"90200","3.9017651081085205","3.9017651081085205","3.9017651081085205","4.188441276550293","4.188441276550293","4.188441276550293","3.7278807163238525","3.7278807163238525","3.7278807163238525"
"90300","3.9869894981384277","3.9869894981384277","3.9869894981384277","3.9947385787963867","3.9947385787963867","3.9947385787963867","3.9368836879730225","3.9368836879730225","3.9368836879730225"
"90400","3.884295701980591","3.884295701980591","3.884295701980591","4.246531963348389","4.246531963348389","4.246531963348389","4.078203201293945","4.078203201293945","4.078203201293945"
"90500","4.030013084411621","4.030013084411621","4.030013084411621","3.9839558601379395","3.9839558601379395","3.9839558601379395","3.930739164352417","3.930739164352417","3.930739164352417"
"90600","4.019830226898193","4.019830226898193","4.019830226898193","4.167505741119385","4.167505741119385","4.167505741119385","3.975090980529785","3.975090980529785","3.975090980529785"
"90700","3.9972050189971924","3.9972050189971924","3.9972050189971924","4.262928009033203","4.262928009033203","4.262928009033203","4.055584907531738","4.055584907531738","4.055584907531738"
"90800","3.8203816413879395","3.8203816413879395","3.8203816413879395","4.283287048339844","4.283287048339844","4.283287048339844","3.723565101623535","3.723565101623535","3.723565101623535"
"90900","3.856334924697876","3.856334924697876","3.856334924697876","4.293264389038086","4.293264389038086","4.293264389038086","4.04953670501709","4.04953670501709","4.04953670501709"
"91000","3.919872522354126","3.919872522354126","3.919872522354126","4.299163341522217","4.299163341522217","4.299163341522217","4.038590908050537","4.038590908050537","4.038590908050537"
"91100","3.942958116531372","3.942958116531372","3.942958116531372","4.2184929847717285","4.2184929847717285","4.2184929847717285","4.04010009765625","4.04010009765625","4.04010009765625"
"91200","3.8585124015808105","3.8585124015808105","3.8585124015808105","4.206942081451416","4.206942081451416","4.206942081451416","3.840813636779785","3.840813636779785","3.840813636779785"
"91300","3.941413164138794","3.941413164138794","3.941413164138794","4.055387496948242","4.055387496948242","4.055387496948242","4.039420127868652","4.039420127868652","4.039420127868652"
"91400","3.6861753463745117","3.6861753463745117","3.6861753463745117","4.169055938720703","4.169055938720703","4.169055938720703","4.006133556365967","4.006133556365967","4.006133556365967"
"91500","3.9656758308410645","3.9656758308410645","3.9656758308410645","4.156309604644775","4.156309604644775","4.156309604644775","3.8559818267822266","3.8559818267822266","3.8559818267822266"
"91600","3.8034017086029053","3.8034017086029053","3.8034017086029053","4.233150959014893","4.233150959014893","4.233150959014893","3.9850127696990967","3.9850127696990967","3.9850127696990967"
"91700","3.904536485671997","3.904536485671997","3.904536485671997","4.236607074737549","4.236607074737549","4.236607074737549","3.82816481590271","3.82816481590271","3.82816481590271"
"91800","3.9580187797546387","3.9580187797546387","3.9580187797546387","4.004236698150635","4.004236698150635","4.004236698150635","4.0085930824279785","4.0085930824279785","4.0085930824279785"
"91900","3.9174234867095947","3.9174234867095947","3.9174234867095947","4.281820297241211","4.281820297241211","4.281820297241211","4.019761562347412","4.019761562347412","4.019761562347412"
"92000","4.046243667602539","4.046243667602539","4.046243667602539","4.08114767074585","4.08114767074585","4.08114767074585","3.833212375640869","3.833212375640869","3.833212375640869"
"92100","3.9379308223724365","3.9379308223724365","3.9379308223724365","4.06588888168335","4.06588888168335","4.06588888168335","3.8731846809387207","3.8731846809387207","3.8731846809387207"
"92200","3.960374116897583","3.960374116897583","3.960374116897583","4.240188121795654","4.240188121795654","4.240188121795654","3.925006628036499","3.925006628036499","3.925006628036499"
"92300","3.7892494201660156","3.7892494201660156","3.7892494201660156","4.260590076446533","4.260590076446533","4.260590076446533","4.088605880737305","4.088605880737305","4.088605880737305"
"92400","3.9246599674224854","3.9246599674224854","3.9246599674224854","4.189609527587891","4.189609527587891","4.189609527587891","3.808520555496216","3.808520555496216","3.808520555496216"
"92500","3.9981188774108887","3.9981188774108887","3.9981188774108887","4.223489284515381","4.223489284515381","4.223489284515381","3.999880790710449","3.999880790710449","3.999880790710449"
"92600","3.961951971054077","3.961951971054077","3.961951971054077","3.9795684814453125","3.9795684814453125","3.9795684814453125","3.7946295738220215","3.7946295738220215","3.7946295738220215"
"92700","3.8750364780426025","3.8750364780426025","3.8750364780426025","4.227695465087891","4.227695465087891","4.227695465087891","3.883286476135254","3.883286476135254","3.883286476135254"
"92800","4.028099060058594","4.028099060058594","4.028099060058594","4.195252418518066","4.195252418518066","4.195252418518066","3.906262159347534","3.906262159347534","3.906262159347534"
"92900","3.9246089458465576","3.9246089458465576","3.9246089458465576","4.241096496582031","4.241096496582031","4.241096496582031","3.9860713481903076","3.9860713481903076","3.9860713481903076"
"93000","3.8559374809265137","3.8559374809265137","3.8559374809265137","4.201932907104492","4.201932907104492","4.201932907104492","3.955528736114502","3.955528736114502","3.955528736114502"
"93100","4.027568817138672","4.027568817138672","4.027568817138672","4.15116024017334","4.15116024017334","4.15116024017334","4.060009002685547","4.060009002685547","4.060009002685547"
"93200","3.931314468383789","3.931314468383789","3.931314468383789","4.249792098999023","4.249792098999023","4.249792098999023","3.9393303394317627","3.9393303394317627","3.9393303394317627"
"93300","3.8526744842529297","3.8526744842529297","3.8526744842529297","4.267282485961914","4.267282485961914","4.267282485961914","4.134934425354004","4.134934425354004","4.134934425354004"
"93400","3.944441556930542","3.944441556930542","3.944441556930542","4.19775915145874","4.19775915145874","4.19775915145874","4.0125651359558105","4.0125651359558105","4.0125651359558105"
"93500","3.782557249069214","3.782557249069214","3.782557249069214","4.2733964920043945","4.2733964920043945","4.2733964920043945","3.9944801330566406","3.9944801330566406","3.9944801330566406"
"93600","3.759610176086426","3.759610176086426","3.759610176086426","3.6516518592834473","3.6516518592834473","3.6516518592834473","3.914630174636841","3.914630174636841","3.914630174636841"
"93700","4.010598182678223","4.010598182678223","4.010598182678223","4.289390563964844","4.289390563964844","4.289390563964844","4.078476905822754","4.078476905822754","4.078476905822754"
"93800","3.7975690364837646","3.7975690364837646","3.7975690364837646","4.295473575592041","4.295473575592041","4.295473575592041","4.063880443572998","4.063880443572998","4.063880443572998"
"93900","3.814727783203125","3.814727783203125","3.814727783203125","4.260819911956787","4.260819911956787","4.260819911956787","3.9020938873291016","3.9020938873291016","3.9020938873291016"
"94000","3.9092578887939453","3.9092578887939453","3.9092578887939453","4.219906330108643","4.219906330108643","4.219906330108643","3.9382433891296387","3.9382433891296387","3.9382433891296387"
"94100","3.934959888458252","3.934959888458252","3.934959888458252","4.2194929122924805","4.2194929122924805","4.2194929122924805","4.080965518951416","4.080965518951416","4.080965518951416"
"94200","3.853649139404297","3.853649139404297","3.853649139404297","4.2316107749938965","4.2316107749938965","4.2316107749938965","4.0115251541137695","4.0115251541137695","4.0115251541137695"
"94300","3.760106086730957","3.760106086730957","3.760106086730957","4.28195858001709","4.28195858001709","4.28195858001709","3.9721550941467285","3.9721550941467285","3.9721550941467285"
"94400","3.9718198776245117","3.9718198776245117","3.9718198776245117","4.25380277633667","4.25380277633667","4.25380277633667","3.9943017959594727","3.9943017959594727","3.9943017959594727"
"94500","3.966463327407837","3.966463327407837","3.966463327407837","4.250808238983154","4.250808238983154","4.250808238983154","4.059869289398193","4.059869289398193","4.059869289398193"
"94600","3.905606269836426","3.905606269836426","3.905606269836426","4.221860408782959","4.221860408782959","4.221860408782959","4.054971218109131","4.054971218109131","4.054971218109131"
"94700","3.9700865745544434","3.9700865745544434","3.9700865745544434","4.2391743659973145","4.2391743659973145","4.2391743659973145","4.065155982971191","4.065155982971191","4.065155982971191"
"94800","3.9480578899383545","3.9480578899383545","3.9480578899383545","4.230598449707031","4.230598449707031","4.230598449707031","4.016751289367676","4.016751289367676","4.016751289367676"
"94900","3.8882222175598145","3.8882222175598145","3.8882222175598145","4.301634788513184","4.301634788513184","4.301634788513184","4.149763107299805","4.149763107299805","4.149763107299805"
"95000","3.9520621299743652","3.9520621299743652","3.9520621299743652","4.221358299255371","4.221358299255371","4.221358299255371","3.842794418334961","3.842794418334961","3.842794418334961"
"95100","3.864903211593628","3.864903211593628","3.864903211593628","4.152496337890625","4.152496337890625","4.152496337890625","3.840691089630127","3.840691089630127","3.840691089630127"
"95200","3.9531750679016113","3.9531750679016113","3.9531750679016113","4.084198951721191","4.084198951721191","4.084198951721191","4.008669376373291","4.008669376373291","4.008669376373291"
"95300","3.9516093730926514","3.9516093730926514","3.9516093730926514","4.2481584548950195","4.2481584548950195","4.2481584548950195","3.766127586364746","3.766127586364746","3.766127586364746"
"95400","3.9564406871795654","3.9564406871795654","3.9564406871795654","4.325204372406006","4.325204372406006","4.325204372406006","3.9989566802978516","3.9989566802978516","3.9989566802978516"
"95500","4.063079833984375","4.063079833984375","4.063079833984375","3.9767520427703857","3.9767520427703857","3.9767520427703857","3.9434897899627686","3.9434897899627686","3.9434897899627686"
"95600","3.71099591255188","3.71099591255188","3.71099591255188","4.041111469268799","4.041111469268799","4.041111469268799","4.106063365936279","4.106063365936279","4.106063365936279"
"95700","3.965432643890381","3.965432643890381","3.965432643890381","4.283052444458008","4.283052444458008","4.283052444458008","3.9944779872894287","3.9944779872894287","3.9944779872894287"
"95800","3.801055908203125","3.801055908203125","3.801055908203125","4.028149127960205","4.028149127960205","4.028149127960205","4.073142051696777","4.073142051696777","4.073142051696777"
"95900","3.981287956237793","3.981287956237793","3.981287956237793","4.252871513366699","4.252871513366699","4.252871513366699","4.069179058074951","4.069179058074951","4.069179058074951"
"96000","3.9350833892822266","3.9350833892822266","3.9350833892822266","4.273193359375","4.273193359375","4.273193359375","3.8818840980529785","3.8818840980529785","3.8818840980529785"
"96100","3.9831361770629883","3.9831361770629883","3.9831361770629883","4.007936477661133","4.007936477661133","4.007936477661133","4.132645606994629","4.132645606994629","4.132645606994629"
"96200","3.7871601581573486","3.7871601581573486","3.7871601581573486","4.1702423095703125","4.1702423095703125","4.1702423095703125","3.982296943664551","3.982296943664551","3.982296943664551"
"96300","3.9453601837158203","3.9453601837158203","3.9453601837158203","4.202594757080078","4.202594757080078","4.202594757080078","4.075316429138184","4.075316429138184","4.075316429138184"
"96400","3.9886796474456787","3.9886796474456787","3.9886796474456787","4.176132678985596","4.176132678985596","4.176132678985596","3.9525704383850098","3.9525704383850098","3.9525704383850098"
"96500","3.7018959522247314","3.7018959522247314","3.7018959522247314","3.8169476985931396","3.8169476985931396","3.8169476985931396","4.0995635986328125","4.0995635986328125","4.0995635986328125"
"96600","3.577787399291992","3.577787399291992","3.577787399291992","4.198256015777588","4.198256015777588","4.198256015777588","3.9188334941864014","3.9188334941864014","3.9188334941864014"
"96700","3.90766978263855","3.90766978263855","3.90766978263855","4.219536781311035","4.219536781311035","4.219536781311035","4.1041669845581055","4.1041669845581055","4.1041669845581055"
"96800","3.9169654846191406","3.9169654846191406","3.9169654846191406","4.162808418273926","4.162808418273926","4.162808418273926","4.064014911651611","4.064014911651611","4.064014911651611"
"96900","3.9933478832244873","3.9933478832244873","3.9933478832244873","4.002610206604004","4.002610206604004","4.002610206604004","3.9028093814849854","3.9028093814849854","3.9028093814849854"
"97000","3.7756357192993164","3.7756357192993164","3.7756357192993164","4.148964881896973","4.148964881896973","4.148964881896973","4.012969017028809","4.012969017028809","4.012969017028809"
"97100","3.9982166290283203","3.9982166290283203","3.9982166290283203","4.202632904052734","4.202632904052734","4.202632904052734","3.977377414703369","3.977377414703369","3.977377414703369"
"97200","4.002593517303467","4.002593517303467","4.002593517303467","3.781104326248169","3.781104326248169","3.781104326248169","3.8072307109832764","3.8072307109832764","3.8072307109832764"
"97300","4.156350612640381","4.156350612640381","4.156350612640381","4.286940097808838","4.286940097808838","4.286940097808838","4.166183948516846","4.166183948516846","4.166183948516846"
"97400","3.9641284942626953","3.9641284942626953","3.9641284942626953","4.240113735198975","4.240113735198975","4.240113735198975","3.7237441539764404","3.7237441539764404","3.7237441539764404"
"97500","3.932901620864868","3.932901620864868","3.932901620864868","4.195414066314697","4.195414066314697","4.195414066314697","4.03342342376709","4.03342342376709","4.03342342376709"
"97600","3.7147202491760254","3.7147202491760254","3.7147202491760254","4.127771854400635","4.127771854400635","4.127771854400635","3.899583339691162","3.899583339691162","3.899583339691162"
"97700","3.78957462310791","3.78957462310791","3.78957462310791","4.305833339691162","4.305833339691162","4.305833339691162","4.16796875","4.16796875","4.16796875"
"97800","3.8730106353759766","3.8730106353759766","3.8730106353759766","4.154361724853516","4.154361724853516","4.154361724853516","3.7468435764312744","3.7468435764312744","3.7468435764312744"
"97900","3.864259958267212","3.864259958267212","3.864259958267212","4.215146541595459","4.215146541595459","4.215146541595459","4.095081329345703","4.095081329345703","4.095081329345703"
"98000","3.9908294677734375","3.9908294677734375","3.9908294677734375","3.94937801361084","3.94937801361084","3.94937801361084","4.0968546867370605","4.0968546867370605","4.0968546867370605"
"98100","3.7730977535247803","3.7730977535247803","3.7730977535247803","4.2048163414001465","4.2048163414001465","4.2048163414001465","4.067304611206055","4.067304611206055","4.067304611206055"
"98200","3.6387104988098145","3.6387104988098145","3.6387104988098145","4.227820873260498","4.227820873260498","4.227820873260498","3.969170093536377","3.969170093536377","3.969170093536377"
"98300","3.9052956104278564","3.9052956104278564","3.9052956104278564","4.319746017456055","4.319746017456055","4.319746017456055","3.7226412296295166","3.7226412296295166","3.7226412296295166"
"98400","3.7000999450683594","3.7000999450683594","3.7000999450683594","4.104659557342529","4.104659557342529","4.104659557342529","3.7125637531280518","3.7125637531280518","3.7125637531280518"
"98500","3.9392974376678467","3.9392974376678467","3.9392974376678467","4.080904483795166","4.080904483795166","4.080904483795166","4.0266618728637695","4.0266618728637695","4.0266618728637695"
"98600","3.9724271297454834","3.9724271297454834","3.9724271297454834","4.028492450714111","4.028492450714111","4.028492450714111","3.7829372882843018","3.7829372882843018","3.7829372882843018"
"98700","3.7904725074768066","3.7904725074768066","3.7904725074768066","4.090155601501465","4.090155601501465","4.090155601501465","3.957597017288208","3.957597017288208","3.957597017288208"
"98800","3.963702917098999","3.963702917098999","3.963702917098999","3.9405760765075684","3.9405760765075684","3.9405760765075684","4.016663074493408","4.016663074493408","4.016663074493408"
"98900","3.947559356689453","3.947559356689453","3.947559356689453","3.8409085273742676","3.8409085273742676","3.8409085273742676","3.7493414878845215","3.7493414878845215","3.7493414878845215"
"99000","3.940901517868042","3.940901517868042","3.940901517868042","4.306879043579102","4.306879043579102","4.306879043579102","4.047050476074219","4.047050476074219","4.047050476074219"
"99100","3.9576547145843506","3.9576547145843506","3.9576547145843506","4.009957313537598","4.009957313537598","4.009957313537598","3.913827896118164","3.913827896118164","3.913827896118164"
"99200","3.8302204608917236","3.8302204608917236","3.8302204608917236","4.213794708251953","4.213794708251953","4.213794708251953","3.9937500953674316","3.9937500953674316","3.9937500953674316"
"99300","3.9418845176696777","3.9418845176696777","3.9418845176696777","4.27464485168457","4.27464485168457","4.27464485168457","3.8058104515075684","3.8058104515075684","3.8058104515075684"
"99400","3.92695689201355","3.92695689201355","3.92695689201355","3.951620101928711","3.951620101928711","3.951620101928711","3.7813265323638916","3.7813265323638916","3.7813265323638916"
"99500","3.981642484664917","3.981642484664917","3.981642484664917","4.248936653137207","4.248936653137207","4.248936653137207","4.06624174118042","4.06624174118042","4.06624174118042"
"99600","3.935931444168091","3.935931444168091","3.935931444168091","4.193270206451416","4.193270206451416","4.193270206451416","3.878143787384033","3.878143787384033","3.878143787384033"
"99700","3.861083984375","3.861083984375","3.861083984375","4.213407516479492","4.213407516479492","4.213407516479492","3.8205199241638184","3.8205199241638184","3.8205199241638184"
"99800","3.904160261154175","3.904160261154175","3.904160261154175","4.18901252746582","4.18901252746582","4.18901252746582","4.12935209274292","4.12935209274292","4.12935209274292"
"99900","3.8623831272125244","3.8623831272125244","3.8623831272125244","4.252954959869385","4.252954959869385","4.252954959869385","3.815755605697632","3.815755605697632","3.815755605697632"
"100000","3.8959689140319824","3.8959689140319824","3.8959689140319824","4.027256488800049","4.027256488800049","4.027256488800049","3.9064548015594482","3.9064548015594482","3.9064548015594482"